{"type":"FeatureCollection","features":[{"type":"Feature","properties":{"route":"tram","name":"T1 hattı: Bağcılar - Kabataş","colour":null},"geometry":{"type":"MultiLineString","coordinates":[[[28.9929927,41.0346955],[28.9927521,41.0344402],[28.9925529,41.0342511],[28.9923577,41.0340724],[28.9922225,41.0339594],[28.9920294,41.0338018],[28.9917975,41.033581],[28.9917438,41.0335291],[28.991286,41.0330695],[28.9909096,41.0327556],[28.9901253,41.0321511],[28.9898126,41.031804],[28.9897759,41.0317641],[28.989533,41.0315003],[28.9891695,41.0310914],[28.9891512,41.0310711],[28.9889863,41.030888],[28.9886558,41.0304074],[28.9882627,41.0298201],[28.9881327,41.0296897],[28.9878022,41.0293796],[28.9874887,41.029185],[28.9870306,41.0289576],[28.9843993,41.0281446],[28.9843236,41.0281207],[28.9822348,41.0274497],[28.9811229,41.0270985],[28.980761,41.0269588],[28.9806207,41.0268937],[28.9803334,41.0267605],[28.9797807,41.0265098],[28.9796435,41.02645],[28.9783258,41.0258233],[28.9774288,41.0252176],[28.9764169,41.0244715],[28.9763958,41.024456],[28.9763567,41.0244272],[28.9754089,41.0236609],[28.9752734,41.0235354],[28.9752093,41.0234495],[28.9751647,41.0233683],[28.9751212,41.0232409],[28.9750757,41.0226909],[28.9750598,41.0226261],[28.9749865,41.0224841],[28.9748871,41.0223456],[28.9747928,41.022212],[28.9745183,41.0218521]],[[28.9718984,41.0182079],[28.9719282,41.0182583],[28.9745183,41.0218521]],[[28.9198805,41.0192752],[28.9204706,41.0193847],[28.9207911,41.0194246],[28.9212401,41.0194377],[28.9217615,41.0194715],[28.9231507,41.0196332],[28.9234373,41.0196607],[28.9236016,41.0196705],[28.9238031,41.01966],[28.9239762,41.0196424],[28.9241594,41.019612],[28.924535,41.0194884],[28.9251555,41.0191938],[28.9271629,41.0182121],[28.9274783,41.0180598],[28.927727,41.0179388],[28.927792,41.0179075],[28.930265,41.0167168],[28.9308214,41.0164363],[28.930935,41.0163785],[28.9310654,41.0163121],[28.9328248,41.0154528],[28.9329457,41.0153931],[28.933304,41.0152177],[28.9336675,41.0150345],[28.9362801,41.0137686],[28.9375889,41.0131329],[28.9381705,41.0127685],[28.9385031,41.0125681],[28.9386393,41.0125017],[28.939642,41.0121079],[28.9397868,41.0120458],[28.9399691,41.0119635],[28.9404121,41.0117715],[28.9407563,41.0116258],[28.9409382,41.0115452],[28.9411439,41.0114851],[28.9430556,41.0109746],[28.9434897,41.0108609],[28.9451419,41.0104378],[28.9451907,41.010425],[28.9453265,41.0103863],[28.9466363,41.0100661],[28.9470721,41.0099723],[28.9474156,41.0098937],[28.9480357,41.0097644],[28.9487186,41.0096948],[28.9490471,41.0096689],[28.9496984,41.0096576],[28.9502933,41.0096472],[28.9516504,41.0095745],[28.9523067,41.0095376],[28.9529304,41.0095651],[28.9530103,41.0095696],[28.9530546,41.0095705],[28.9533415,41.0095793],[28.9535315,41.0095841],[28.9538804,41.0095916],[28.9546974,41.0096009],[28.9554177,41.0095717],[28.9556183,41.0095657],[28.9573479,41.0095562],[28.958455,41.009593],[28.9588785,41.0096021],[28.959295,41.0095989],[28.959355,41.0095984],[28.9594306,41.0095976],[28.9597129,41.0095958],[28.9602591,41.009586],[28.9614594,41.0095844],[28.9620369,41.0095727],[28.9623812,41.0095473],[28.9626956,41.0095114],[28.9629724,41.0094648],[28.963235,41.0094261],[28.963525,41.0093944],[28.9650368,41.0092948],[28.9655022,41.0092311],[28.965527,41.0092263],[28.9658559,41.0091577],[28.9663045,41.0090614],[28.9666193,41.0090079],[28.9669262,41.0089557],[28.9670906,41.0089294],[28.9674145,41.0088762],[28.9674852,41.0088622],[28.9680566,41.0087919],[28.9682972,41.0087373],[28.968924,41.0086016],[28.9694063,41.0085649],[28.9707406,41.0084556],[28.9711446,41.0084268],[28.9715206,41.0084001],[28.971539,41.0083988],[28.9715733,41.0083964],[28.9723234,41.0083375],[28.9723636,41.0083343],[28.972396,41.0083316],[28.9734113,41.008246],[28.9734409,41.0082431],[28.9739142,41.0082155],[28.9743792,41.0081823],[28.9749904,41.0081446],[28.9751208,41.0081342],[28.9755138,41.0080972],[28.9758891,41.0080584],[28.9761413,41.0080296],[28.9764057,41.0079911],[28.9774923,41.0078415],[28.9775681,41.0078334],[28.9776496,41.0078316],[28.9777386,41.0078342],[28.9778526,41.0078468],[28.9779423,41.007866],[28.9780179,41.0078917],[28.9780941,41.007923],[28.9781923,41.0079775],[28.9782845,41.0080334],[28.9783418,41.008083],[28.9783814,41.0081329],[28.9784125,41.0081774],[28.9784393,41.0082283],[28.9784805,41.0083077],[28.9785155,41.0083795],[28.978556,41.0084788],[28.9785686,41.0085245],[28.9787724,41.010427],[28.9787696,41.0104557],[28.9787631,41.0104768],[28.9787423,41.0105115],[28.9787115,41.010544],[28.9786618,41.0105749],[28.9782122,41.0108583],[28.9781645,41.0109074],[28.9781362,41.0109585],[28.9781296,41.0110218],[28.9781324,41.0110617],[28.9783561,41.011844],[28.9784459,41.0121552],[28.9785178,41.0123817],[28.9785144,41.0124189],[28.9784894,41.0124741],[28.9784683,41.0125047],[28.9784452,41.0125287],[28.9778238,41.01299],[28.9773285,41.0135101],[28.9766736,41.014206],[28.9766302,41.01425],[28.9759287,41.014591],[28.975802,41.0146766],[28.97574,41.0147425],[28.9757262,41.0147939],[28.9757278,41.0148679],[28.9757613,41.0149212],[28.9757674,41.0149303],[28.9759063,41.0151441],[28.9761348,41.0155043],[28.9761763,41.0155812],[28.9764711,41.0161284],[28.9764844,41.0161639],[28.9764942,41.0162065],[28.9764906,41.0162719],[28.9764816,41.0163335],[28.9764367,41.0164041],[28.9763685,41.0164673],[28.9762905,41.0165081],[28.97437,41.017339],[28.9742333,41.0173792],[28.9740916,41.0174089],[28.9739497,41.0174253],[28.9738818,41.0174302],[28.9732071,41.0174881],[28.9725561,41.0175475],[28.9723563,41.0175753],[28.9722147,41.0176009],[28.9720992,41.0176491],[28.9720014,41.0177145],[28.9719424,41.0177779],[28.9718839,41.0178947],[28.9718596,41.0179795],[28.9718659,41.018078],[28.9718984,41.0182079]],[[28.9190407,41.0191345],[28.9194657,41.0192057],[28.9198805,41.0192752]],[[28.8889091,41.0015274],[28.889181,41.0015341],[28.8895208,41.0015251],[28.8897978,41.0014916],[28.8898086,41.0014903],[28.8899978,41.0014688],[28.8901929,41.0014561],[28.8906476,41.0014433],[28.8907842,41.001438],[28.8912208,41.0014194],[28.8915345,41.0014051],[28.8917113,41.0014021],[28.891912,41.001421],[28.8921341,41.0014583],[28.8926456,41.0015421],[28.8929616,41.0015837],[28.8931883,41.0016174],[28.8936646,41.0016656],[28.8943045,41.0017221],[28.8944173,41.0017349],[28.8948526,41.0017847],[28.8959977,41.0019455],[28.8963211,41.0020141],[28.8965717,41.0021035],[28.8978745,41.0028045],[28.8979881,41.0028533],[28.8985076,41.0030309],[28.8996097,41.0033182],[28.8998882,41.0033558],[28.900268,41.0033938],[28.900913,41.0034377],[28.9017806,41.003487],[28.9021652,41.0035115],[28.9022113,41.0035176],[28.9024959,41.0035653],[28.9028179,41.0036247],[28.9043961,41.0039072],[28.9046175,41.0039458],[28.9050727,41.0040124],[28.9060478,41.0040709],[28.9069406,41.0041571],[28.9073645,41.0042031],[28.9077397,41.0042467],[28.9093174,41.0044342],[28.9094322,41.0044522],[28.9095187,41.0044887],[28.9095933,41.0045257],[28.9096383,41.0045598],[28.9096756,41.0045921],[28.90972,41.0046489],[28.9097423,41.0046805],[28.9097536,41.0047281],[28.9097651,41.0048009],[28.9097645,41.0048565],[28.9097103,41.0049742],[28.9095878,41.0051105],[28.9095073,41.0051778],[28.9094556,41.0052327],[28.9093998,41.0053192],[28.9093305,41.0054885],[28.9089792,41.0064434],[28.9089686,41.0064804],[28.9089569,41.0065538],[28.9089593,41.0066272],[28.9089663,41.0067005],[28.9091228,41.0073607],[28.9098044,41.0088769],[28.9098203,41.0089226],[28.9098334,41.0090154],[28.9098332,41.0090713],[28.9098215,41.0091378],[28.9098105,41.0092075],[28.9097919,41.0092459],[28.9097619,41.0092941],[28.9095779,41.0095553],[28.9095205,41.0096543],[28.90948,41.0097652],[28.9094644,41.0098383],[28.9094644,41.0099102],[28.9094653,41.0099683],[28.9094719,41.0100542],[28.9095068,41.0104549],[28.9095421,41.0107049],[28.9097096,41.0117131],[28.909733,41.0118873],[28.9097796,41.012534],[28.9098185,41.0128034],[28.9098578,41.0129823],[28.9099232,41.013137],[28.9109208,41.0155074],[28.9109874,41.0155998],[28.911034,41.0156437],[28.9110507,41.0156582],[28.9112028,41.0157376],[28.9112404,41.0157571],[28.9116644,41.0159401],[28.9127612,41.0164322],[28.9138517,41.0169442],[28.9140396,41.0170472],[28.914246,41.0171725],[28.9146421,41.0175483],[28.9148346,41.0177202],[28.9150072,41.0178483],[28.9151222,41.0179208],[28.9151918,41.0179636],[28.9152862,41.0180089],[28.9154359,41.0180579],[28.9156533,41.0181131],[28.916128,41.0182445],[28.9165933,41.0184778],[28.9171615,41.018741],[28.9172937,41.0187861],[28.9174596,41.018829],[28.9177782,41.0188996],[28.9185405,41.0190478],[28.9187931,41.0190829],[28.9190407,41.0191345]],[[28.8833723,41.002796],[28.8835624,41.0025583],[28.8836514,41.0024628],[28.8839169,41.0022193],[28.8840482,41.002115],[28.8842864,41.0019519],[28.8852808,41.0014007],[28.8854683,41.0013046],[28.8856306,41.0012466],[28.8857725,41.0012118],[28.8859216,41.0011843],[28.886104,41.001167],[28.886265,41.0011632],[28.8863803,41.0011648],[28.8866293,41.001201],[28.8871953,41.0013363],[28.8874449,41.0013887],[28.8876522,41.0014181],[28.8878796,41.0014395],[28.888398,41.0014867],[28.8889091,41.0015274]],[[28.8606856,41.0327223],[28.8606321,41.0325136],[28.8605065,41.0316652],[28.8604919,41.0315662],[28.8603323,41.0308866],[28.8603049,41.0307701],[28.8602975,41.0306729],[28.8602994,41.0305639],[28.8603153,41.0304825],[28.8605881,41.0299253],[28.8606929,41.0296679],[28.8607696,41.0294131],[28.8608079,41.0293123],[28.8609402,41.0289513],[28.8610625,41.0286343],[28.8611054,41.0284573],[28.8612176,41.0275626],[28.8613238,41.0272202],[28.8615167,41.026694],[28.8615516,41.0265963],[28.8617044,41.0262732],[28.8619498,41.0259078],[28.8627815,41.025006],[28.8630191,41.0246615],[28.8631671,41.0242937],[28.8632597,41.0241378],[28.8633894,41.0239822],[28.8636411,41.0237704],[28.8640201,41.0235118],[28.8643457,41.0232753],[28.8645385,41.0231644],[28.8654159,41.0226735],[28.8654968,41.0226042],[28.8655636,41.0225403],[28.8656903,41.0223986],[28.8664655,41.0215228],[28.8667199,41.0212424],[28.8672307,41.0208048],[28.8675592,41.0205475],[28.8678767,41.0203175],[28.8683714,41.0199624],[28.8684594,41.0198992],[28.8685295,41.0198363],[28.8694236,41.0187614],[28.8697465,41.0183648],[28.8698595,41.0182484],[28.870116,41.0180062],[28.8711147,41.0172941],[28.8714252,41.0170846],[28.8718115,41.0168413],[28.8720261,41.0167222],[28.8738627,41.0160008],[28.8751649,41.0155087],[28.875267,41.0154863],[28.8753516,41.0154833],[28.8754513,41.0154899],[28.8755053,41.0154947],[28.8765662,41.0157784],[28.8766687,41.015799],[28.8767803,41.0157973],[28.8767971,41.015797],[28.8768735,41.0157591],[28.876904,41.0157439],[28.8771365,41.0154981],[28.8771771,41.0154552],[28.8772059,41.0154248],[28.8774415,41.015239],[28.8778157,41.0149856],[28.8779648,41.0148908],[28.8781332,41.0147815],[28.8782734,41.0147103],[28.8783245,41.0146966],[28.878441,41.0146628],[28.8796344,41.0143161],[28.8797301,41.0142836],[28.8798585,41.0142201],[28.8799908,41.0141204],[28.8800516,41.0140476],[28.8801081,41.0139622],[28.8801556,41.0138514],[28.8801955,41.01371],[28.8805155,41.0124194],[28.8807003,41.0115647],[28.8807752,41.0112096],[28.8808221,41.010926],[28.8808485,41.0108031],[28.8810771,41.0081173],[28.881321,41.0064653],[28.8813451,41.0063253],[28.8814167,41.0061312],[28.8814568,41.0060573],[28.8816356,41.0057888],[28.881848,41.0054779],[28.8819744,41.0052681],[28.8828317,41.0037581],[28.8833723,41.002796]],[[28.8607774,41.0333584],[28.8607387,41.0331166],[28.8606856,41.0327223]]]}},{"type":"Feature","properties":{"route":"light_rail","name":"F1: Taksim - Kabataş Füniküler Hattı","colour":"#7A745A"},"geometry":{"type":"MultiLineString","coordinates":[[[28.9865253,41.0368511],[28.9866658,41.0367798],[28.98898,41.0356054]],[[28.98898,41.0356054],[28.9892939,41.03547],[28.9898601,41.0351834],[28.9901615,41.0350058]],[[28.9901615,41.0350058],[28.9922806,41.0339309],[28.992421,41.0338592]]]}},{"type":"Feature","properties":{"route":"light_rail","name":"Tünel (F2)","colour":"#7A745A"},"geometry":{"type":"MultiLineString","coordinates":[[[28.9739892,41.0283447],[28.9740079,41.0264717]],[[28.9740079,41.0264717],[28.9739839,41.0262019],[28.9739873,41.0254998],[28.9740228,41.0252256]],[[28.9740228,41.0252256],[28.9740304,41.0243934],[28.9740328,41.023973],[28.9740393,41.0228645]],[[28.9740079,41.0264717],[28.9740591,41.0262021],[28.9740589,41.0254932],[28.9740228,41.0252256]]]}},{"type":"Feature","properties":{"route":"tram","name":"Taksim - Tünel Nostaljik Tramvay","colour":null},"geometry":{"type":"MultiLineString","coordinates":[[[28.9848257,41.0365311],[28.9848671,41.036585],[28.9848929,41.036633],[28.9849043,41.0366919],[28.9849004,41.0367205],[28.9848752,41.0367668],[28.9848414,41.0368131],[28.9847955,41.0368764],[28.9847652,41.036941],[28.9847606,41.0370091],[28.9847711,41.0370584],[28.9847835,41.0370805],[28.9848294,41.0371365],[28.9848955,41.037192],[28.9849735,41.037231],[28.985073,41.0372504],[28.9851623,41.037252],[28.9852239,41.0372387],[28.9852604,41.0372277],[28.9853393,41.0371915],[28.9854012,41.03714],[28.9854454,41.0370807],[28.9854714,41.0370162],[28.9854747,41.0369489],[28.9854608,41.036902],[28.9854552,41.0368832],[28.9854141,41.0368234],[28.9853494,41.0367821],[28.9852765,41.0367474],[28.9851605,41.0367181],[28.9850524,41.0366867],[28.985023,41.0366757],[28.984946,41.036635],[28.9848948,41.0365895]],[[28.9848948,41.0365895],[28.9848257,41.0365311],[28.9847653,41.0364811],[28.9847116,41.036441],[28.9845692,41.036331],[28.984553,41.0363185],[28.9845096,41.0362901],[28.9844576,41.0362626],[28.9843967,41.0362322],[28.9832445,41.0359119],[28.9825128,41.0356211],[28.9819507,41.0353976],[28.981403,41.0351788],[28.9809406,41.0349901],[28.9806501,41.0348722],[28.9805824,41.0348449],[28.9800034,41.0346138],[28.9787729,41.0341086],[28.9786168,41.0340484],[28.9782403,41.0339073],[28.977934,41.033792],[28.9779176,41.0337858]],[[28.9779176,41.0337858],[28.9775878,41.0336607],[28.9772946,41.0335453]],[[28.9772946,41.0335453],[28.9772536,41.0335287],[28.9771016,41.0334473],[28.9769474,41.0333609],[28.9768865,41.0333109],[28.9767589,41.0331824],[28.9765607,41.0327984],[28.9762884,41.0322154],[28.9760684,41.031636],[28.9759208,41.0312495],[28.9754502,41.0299472],[28.9753014,41.029555],[28.9752191,41.0293683],[28.9751151,41.0291865],[28.9747964,41.0288238],[28.9745621,41.0285756],[28.9745202,41.0285328],[28.9744914,41.0285129],[28.9744835,41.0285097],[28.9744676,41.0285033],[28.9744232,41.0284895],[28.9743821,41.0284837],[28.9743376,41.0284812],[28.9742907,41.0284814]]]}},{"type":"Feature","properties":{"route":"subway","name":"M1A: Yenikapı - Havalimanı","colour":"#E32726"},"geometry":{"type":"MultiLineString","coordinates":[[[28.9506087,41.0051711],[28.9505658,41.005728],[28.9505059,41.0065029]],[[28.9505059,41.0065029],[28.9504496,41.0071366]],[[28.9504496,41.0071366],[28.9502764,41.0090513],[28.950043,41.0100883],[28.9498367,41.0105517],[28.9496612,41.01088],[28.949422,41.0111905],[28.9490881,41.0115198],[28.9482444,41.0120685],[28.9473945,41.0126157],[28.9458693,41.0133892],[28.9456896,41.0134803],[28.9404218,41.0168529],[28.9396317,41.0174301],[28.9316562,41.0231549],[28.9312478,41.0234403],[28.9306248,41.0238758],[28.9294778,41.0246774],[28.9289903,41.0250656],[28.9285918,41.0253892],[28.9283058,41.0256606],[28.9280032,41.0260062]],[[28.9505059,41.0065029],[28.9504496,41.0071366]],[[28.9504496,41.0071366],[28.9502764,41.0090513],[28.950043,41.0100883],[28.9498367,41.0105517],[28.9496612,41.01088],[28.949422,41.0111905],[28.9490881,41.0115198],[28.9482444,41.0120685],[28.9473945,41.0126157],[28.9458693,41.0133892],[28.9456896,41.0134803],[28.9404218,41.0168529],[28.9396317,41.0174301],[28.9316562,41.0231549],[28.9312478,41.0234403],[28.9306248,41.0238758],[28.9294778,41.0246774],[28.9289903,41.0250656],[28.9285918,41.0253892],[28.9283058,41.0256606],[28.9280032,41.0260062]],[[28.9505059,41.0065029],[28.9504496,41.0071366]],[[28.9504496,41.0071366],[28.9502764,41.0090513],[28.950043,41.0100883],[28.9498367,41.0105517],[28.9496612,41.01088],[28.949422,41.0111905],[28.9490881,41.0115198],[28.9482444,41.0120685],[28.9473945,41.0126157],[28.9458693,41.0133892],[28.9456896,41.0134803],[28.9404218,41.0168529],[28.9396317,41.0174301],[28.9316562,41.0231549],[28.9312478,41.0234403],[28.9306248,41.0238758],[28.9294778,41.0246774],[28.9289903,41.0250656],[28.9285918,41.0253892],[28.9283058,41.0256606],[28.9280032,41.0260062]],[[28.9280032,41.0260062],[28.9277725,41.0262943],[28.9275864,41.0265683],[28.9274308,41.0268087],[28.9262845,41.0289486]],[[28.9262845,41.0289486],[28.9259744,41.0294298],[28.9255227,41.0299098],[28.9251419,41.0302456],[28.9246129,41.0305791],[28.9241419,41.0308308],[28.9235061,41.0311136]],[[28.9235061,41.0311136],[28.9224135,41.0315996],[28.92212,41.0317579],[28.9217877,41.0319642],[28.9215171,41.0321654],[28.921313,41.0323547],[28.9211239,41.0325603],[28.9209542,41.0327793],[28.9208007,41.0330133],[28.920686,41.0332554]],[[28.920686,41.0332554],[28.9206136,41.0334241]],[[28.9206136,41.0334241],[28.9205392,41.0335777],[28.9203244,41.0341161],[28.9200267,41.0348627],[28.9196301,41.0356722],[28.9194201,41.0361318],[28.9192361,41.0364125],[28.919017,41.0366743],[28.9188198,41.0368941],[28.918579,41.0371251],[28.9183334,41.0373129]],[[28.9183334,41.0373129],[28.9178306,41.0376787]],[[28.9178306,41.0376787],[28.9175837,41.0378284]],[[28.9175837,41.0378284],[28.9173331,41.0379803]],[[28.9173331,41.0379803],[28.9162182,41.0386561],[28.9155948,41.0390196],[28.9151278,41.0392841],[28.9147979,41.0394297],[28.9144645,41.0395707],[28.914063,41.0397231],[28.9136445,41.0398546],[28.9131556,41.0399866],[28.9125985,41.040119],[28.9121493,41.0402188],[28.9116346,41.040326],[28.9111803,41.0404088],[28.9107291,41.0404746],[28.9103493,41.0405273],[28.9093279,41.0406514]],[[28.9093279,41.0406514],[28.9090675,41.0406825]],[[28.9090675,41.0406825],[28.9081139,41.0407973],[28.9072258,41.040912],[28.9065125,41.0409723],[28.905235,41.0410694],[28.904812,41.0411109],[28.9044931,41.0411502],[28.9041308,41.0412141],[28.9034246,41.0413568]],[[28.9034246,41.0413568],[28.9026467,41.0415092],[28.9021483,41.0416422],[28.9016516,41.0418025],[28.9014407,41.0419117],[28.9012157,41.0420556],[28.9009282,41.0423085],[28.9006798,41.0425902]],[[28.9006798,41.0425902],[28.9004607,41.0428641],[28.9003164,41.0431036],[28.9002067,41.0433827],[28.900135,41.0436515],[28.9001099,41.0438757],[28.9001179,41.0441434],[28.9001716,41.044417],[28.9002574,41.0446957],[28.9005017,41.0455068],[28.9005661,41.0458891],[28.9005473,41.0461602],[28.9004856,41.0464292],[28.9004025,41.0466902],[28.9003059,41.0469086],[28.9001487,41.0471652],[28.8999646,41.0474055],[28.8996756,41.0476955],[28.899343,41.0479484],[28.8989887,41.0481576]],[[28.8989887,41.0481576],[28.8986615,41.0483133],[28.8983235,41.0484408],[28.898015,41.0485338]],[[28.898015,41.0485338],[28.8975808,41.048628],[28.8971919,41.0486624],[28.8967735,41.0486624],[28.8962672,41.0486239],[28.8958567,41.0485751],[28.8954577,41.0485107],[28.8948301,41.0483384],[28.8944021,41.0481944],[28.8941966,41.0480949],[28.8939647,41.0479736],[28.8937318,41.0478189],[28.8935709,41.0477107],[28.8934399,41.0476017]],[[28.8934399,41.0476017],[28.8932046,41.0474141]],[[28.8932046,41.0474141],[28.8930071,41.0472134],[28.8929245,41.0471143],[28.8928587,41.0470259],[28.892779,41.0469154],[28.8926598,41.0467078],[28.8925837,41.0465412],[28.8925081,41.0463237],[28.8924759,41.0461635],[28.8924628,41.046063],[28.8924447,41.0458881],[28.892446,41.0455815]],[[28.892446,41.0455815],[28.8924708,41.0452943]],[[28.8924708,41.0452943],[28.8925086,41.0450111],[28.8926071,41.0446093],[28.8927461,41.0442266],[28.8929245,41.0438884],[28.8932128,41.0434573],[28.8936369,41.0430073],[28.8937924,41.0428206]],[[28.8937924,41.0428206],[28.8940376,41.0425174]],[[28.8940376,41.0425174],[28.8942629,41.0421689],[28.8944498,41.041839],[28.8945563,41.0416343],[28.8946196,41.0413757],[28.8946242,41.0411502],[28.894606,41.0409192]],[[28.894606,41.0409192],[28.8944724,41.0401225],[28.8943566,41.0394317]],[[28.8943566,41.0394317],[28.8943007,41.039013],[28.8942533,41.0386582],[28.894201,41.0385045]],[[28.894201,41.0385045],[28.8939995,41.0379264],[28.8939585,41.0376009],[28.8939296,41.0372451],[28.8939341,41.0370738],[28.8940197,41.0366254],[28.8941288,41.0362757],[28.8942378,41.0360155],[28.8943139,41.0358732],[28.8944144,41.0357269],[28.8946025,41.0354951],[28.8956735,41.0343477],[28.8958427,41.034125],[28.8959725,41.0339502],[28.896127,41.0337183],[28.8963122,41.0334332]],[[28.8963122,41.0334332],[28.8964824,41.0331448],[28.8966836,41.0327597],[28.8971138,41.0316357],[28.8972348,41.0313774],[28.8974426,41.0310303],[28.897936,41.0303612],[28.8984367,41.0296821],[28.8985571,41.0294825],[28.8986587,41.0292612],[28.8987221,41.0290546],[28.8987843,41.0288614],[28.8988253,41.0286327],[28.8988599,41.0283663],[28.8990115,41.0246975],[28.8990493,41.0242853],[28.8990721,41.024087],[28.8991113,41.0238637],[28.899202,41.0234954],[28.8992625,41.0232988],[28.8993358,41.0230907],[28.8994356,41.0228085],[28.8997564,41.0219012]],[[28.8997564,41.0219012],[28.8999119,41.0214577],[28.900245,41.0205272],[28.9005366,41.0197127],[28.9006305,41.0194427],[28.9006519,41.0193517],[28.900724,41.0189862]],[[28.900724,41.0189862],[28.9007654,41.0186581],[28.900753,41.0183614],[28.9007252,41.0180639],[28.9006366,41.0176838],[28.900556,41.0174399],[28.9004842,41.0172227],[28.900399,41.016965],[28.9002284,41.0163429],[28.9001426,41.0159802],[28.9000396,41.0152873],[28.8999435,41.0141965],[28.8999081,41.0138657],[28.8998526,41.0135495],[28.8997987,41.0132987],[28.8996877,41.0129947],[28.8995418,41.0126967],[28.8992843,41.0123081],[28.8985032,41.0113367]],[[28.8985032,41.0113367],[28.8972758,41.009847],[28.8970237,41.0095369],[28.8968848,41.0093367],[28.8967517,41.0091184],[28.8965975,41.0088152],[28.8964741,41.0085632],[28.8963556,41.0082874],[28.8962925,41.0080882],[28.8961612,41.0076182],[28.8958759,41.0065283],[28.8957349,41.0061435],[28.89561,41.0058895],[28.8954476,41.0055981],[28.8952416,41.0053131],[28.8936624,41.003506]],[[28.8936624,41.003506],[28.8933711,41.0031794],[28.8931099,41.0029084],[28.8929647,41.0027796],[28.8927855,41.0026405],[28.8925002,41.0024525],[28.8922349,41.002288],[28.8919562,41.0021503],[28.8917591,41.0020752],[28.8914968,41.0019881],[28.8911486,41.0018907],[28.8908753,41.0018333],[28.8906874,41.0018014],[28.8904852,41.0017819],[28.8895752,41.00171],[28.8887816,41.0016473],[28.8882844,41.0016086],[28.8875238,41.0015493],[28.8871846,41.0015043],[28.8869012,41.0014549],[28.8866159,41.0014001],[28.886367,41.0013474],[28.8857147,41.001141],[28.8855321,41.0010745]],[[28.8855321,41.0010745],[28.8853312,41.0009922],[28.8850324,41.0008563],[28.8847625,41.0007189],[28.8844334,41.0005518]],[[28.8844334,41.0005518],[28.8819808,40.9992696],[28.8815761,40.9990489],[28.8812193,40.9988363],[28.8788003,40.997372],[28.8784942,40.9972006],[28.878156,40.9970465],[28.8778467,40.9969275],[28.877494,40.9968272],[28.8771638,40.9967639],[28.8769224,40.9967269],[28.8766137,40.9966902],[28.8760485,40.9966618]],[[28.8760485,40.9966618],[28.8753909,40.9966391],[28.8705677,40.9964979],[28.8698593,40.9964654],[28.8681105,40.9962953],[28.8661529,40.9960651],[28.8650449,40.9958969],[28.8638948,40.9956638],[28.8632993,40.9955091],[28.8626472,40.9953226],[28.8622631,40.9951861],[28.8620667,40.9951083],[28.8618719,40.9950296],[28.8614225,40.994842],[28.8608097,40.994578],[28.8600069,40.9941857],[28.8573107,40.992781]],[[28.8573107,40.992781],[28.8568394,40.9925414],[28.8563555,40.9923231],[28.8555946,40.9920208],[28.8529359,40.9911636],[28.8525304,40.9910483]],[[28.8525304,40.9910483],[28.8520337,40.990947]],[[28.8520337,40.990947],[28.8516453,40.9909106],[28.8511947,40.9908785],[28.8505343,40.990893]],[[28.8505343,40.990893],[28.8501178,40.9909329],[28.8496646,40.990983],[28.848782,40.991111],[28.8480806,40.9912072],[28.847562,40.9912633],[28.8468616,40.9913206],[28.8460141,40.9913766],[28.8441342,40.9915265],[28.8424393,40.9916418],[28.8420376,40.9916648],[28.8417935,40.9916648],[28.841525,40.991655],[28.8413349,40.9916344],[28.8411219,40.9916062],[28.8407458,40.9915287],[28.8403845,40.9914334],[28.8399863,40.9912881],[28.8396309,40.9911114],[28.8385515,40.9904769],[28.8382471,40.9903085],[28.8372254,40.9897222],[28.8367394,40.9894444],[28.8359597,40.9889619],[28.8355007,40.9886666],[28.8352734,40.9885494],[28.8350167,40.9884277],[28.8347774,40.9883385]],[[28.8347774,40.9883385],[28.8344404,40.9882468],[28.8342059,40.9881827],[28.8338958,40.9881308],[28.832509,40.9879837],[28.8321922,40.9879357],[28.8318193,40.9878729],[28.8312507,40.9877433],[28.8307572,40.9875894],[28.8302653,40.9874063],[28.8284451,40.9866459],[28.8270037,40.9860879],[28.8244258,40.9852803]],[[28.8244258,40.9852803],[28.8236052,40.9850393],[28.8231505,40.9848939],[28.8227895,40.9847658],[28.822485,40.9846286],[28.8222307,40.9844914]],[[28.8222307,40.9844914],[28.82188,40.9842957],[28.8216371,40.9841116],[28.8212852,40.9837649],[28.8210162,40.9833375],[28.8208879,40.9830344],[28.8207949,40.9827153],[28.8207672,40.982293],[28.8207867,40.9815739],[28.8208072,40.9811733],[28.820816,40.9809734],[28.8208455,40.9806007],[28.8208965,40.9802605],[28.8210402,40.9797389],[28.8211826,40.9792225]]]}},{"type":"Feature","properties":{"route":"subway","name":"Ankaray AŞTİ→Dikimevi yol 1","colour":"#056D2E"},"geometry":{"type":"MultiLineString","coordinates":[[[32.814446,39.9177294],[32.8144213,39.9182591],[32.8144151,39.9186263],[32.8144125,39.9187399],[32.8144059,39.9188461],[32.8143935,39.918947],[32.8143226,39.9192674],[32.8143094,39.9193244],[32.8143047,39.9193766],[32.8143029,39.9194387]],[[32.8143029,39.9194387],[32.8142926,39.9198109]],[[32.8142926,39.9198109],[32.8142864,39.9199723],[32.8142796,39.9201448],[32.8142631,39.9204164],[32.8142606,39.920567],[32.81427,39.9207591],[32.8142935,39.9209458],[32.8143475,39.9212553],[32.8144311,39.9215598],[32.8146762,39.9223954],[32.8147801,39.9227531],[32.814923,39.9231999],[32.8150399,39.9235883],[32.8152933,39.92451],[32.8155521,39.9251426],[32.8158795,39.9257598]],[[32.8158795,39.9257598],[32.8160819,39.9261249],[32.8163175,39.926525],[32.8164739,39.9267769],[32.8185623,39.9297262],[32.8190947,39.9303977],[32.8192747,39.9305721],[32.8194311,39.9307034],[32.8199849,39.9311049],[32.8203226,39.9313339],[32.8204603,39.9314273],[32.82104,39.9317926],[32.8215771,39.9320862],[32.8221141,39.932319],[32.8227399,39.9325553],[32.8232723,39.932695],[32.823814,39.9327881],[32.8244398,39.9328346],[32.8250515,39.9328131],[32.8268075,39.9324228],[32.8270257,39.9323859],[32.8272624,39.9323609],[32.827498,39.9323502],[32.8277499,39.9323669],[32.8281071,39.9324425],[32.8285286,39.9325822],[32.8290496,39.9327486],[32.8345703,39.9345661],[32.8350327,39.9346935],[32.8354385,39.934783],[32.835797,39.9348378],[32.8361639,39.9348566],[32.8364693,39.9348554],[32.8366894,39.9348364],[32.8372645,39.9347379],[32.8378746,39.9346471],[32.8381254,39.9346067],[32.8382565,39.9345816],[32.8385008,39.9345193],[32.8388306,39.9344067],[32.8392283,39.9342278],[32.8417148,39.9329502],[32.8421313,39.9326946],[32.8425402,39.9324495],[32.843089,39.9321105],[32.8433604,39.9319395],[32.8436483,39.9317383],[32.8442598,39.9312317],[32.8445455,39.9309672],[32.8447943,39.9307073],[32.8452596,39.930177],[32.8454516,39.9299239],[32.8458602,39.9293176],[32.8461218,39.9288526],[32.8462441,39.9286072],[32.8474586,39.9261546],[32.847662,39.9257006],[32.8478401,39.9252995],[32.8479327,39.9250409],[32.8479772,39.9248288],[32.8480126,39.9245712],[32.8480916,39.9241986],[32.8481782,39.9239125],[32.8483175,39.9236779],[32.848504,39.9234514],[32.8503395,39.9216517],[32.8507995,39.9212643],[32.8511637,39.9210789],[32.8514356,39.9209748],[32.8517623,39.9208777],[32.852088,39.9207983],[32.852421,39.9207539],[32.852918,39.9207112],[32.8533911,39.9206778],[32.8539525,39.9206753],[32.8544989,39.9206729],[32.8547805,39.9206716],[32.8552701,39.9206844],[32.8553883,39.9206972],[32.8555303,39.9207253],[32.8556664,39.9207608],[32.8596829,39.9219142],[32.8597681,39.921943],[32.8598492,39.9219718],[32.8599775,39.9220202],[32.8600721,39.9220607],[32.8601637,39.9221059],[32.8602725,39.9221703],[32.8603557,39.9222302],[32.8604088,39.922277],[32.8604653,39.9223433],[32.8605067,39.9224028],[32.8607671,39.9228265],[32.8608367,39.9228988],[32.8609117,39.9229631],[32.8609957,39.9230297],[32.8610448,39.9230666],[32.861094,39.9231031],[32.8614237,39.9233589],[32.8618503,39.923696],[32.866792,39.9273727],[32.8672531,39.9277722],[32.8673655,39.9278604],[32.8674896,39.9279342],[32.8675522,39.9279693],[32.8676385,39.9280082],[32.8677587,39.9280542],[32.8679512,39.9281178],[32.8684466,39.9282669],[32.8689827,39.9284331],[32.8697765,39.9286729],[32.8711628,39.9289914],[32.871439,39.9290655],[32.8718091,39.9291829],[32.87215,39.9293059],[32.8724977,39.9294471],[32.8726975,39.9295492],[32.8730355,39.9297318],[32.8735984,39.9300212],[32.87474,39.9306902],[32.876327,39.9316235],[32.876648,39.9318034],[32.8768422,39.9319122]],[[32.8768422,39.9319122],[32.8769346,39.9319585],[32.8772051,39.9320877],[32.8774061,39.9321847],[32.8775848,39.9322796],[32.8776092,39.9322935],[32.8780317,39.9325337],[32.8781379,39.9325928],[32.878481,39.9327836],[32.8785118,39.9328005],[32.8788849,39.9329927],[32.8791884,39.9331325],[32.87941,39.9331998],[32.8797487,39.933272],[32.879982,39.9332845]]]}},{"type":"Feature","properties":{"route":"subway","name":"M1 Kızılay→Batıkent Metro yol 1","colour":"#BF0E1C"},"geometry":{"type":"MultiLineString","coordinates":[[[32.8347757,39.9512962],[32.8347198,39.9512516],[32.8337345,39.9519711],[32.8337857,39.9520119],[32.8347757,39.9512962]],[[32.8540831,39.9202316],[32.8540757,39.9205241],[32.8540745,39.9205709]],[[32.8540745,39.9205709],[32.8540714,39.9206925],[32.8540599,39.9211468],[32.8540599,39.9214394],[32.8540667,39.9216869],[32.8541171,39.9219607],[32.8541297,39.922048],[32.8541462,39.9221625],[32.8541911,39.922412],[32.854257,39.9226943],[32.8551042,39.925906],[32.8551538,39.9261057],[32.8552034,39.926321],[32.8552293,39.9264848],[32.8552451,39.9266548],[32.8552527,39.9268149],[32.855251,39.9269643],[32.8552473,39.9270956],[32.855239,39.9272305],[32.8552154,39.9273417],[32.85518,39.927492]],[[32.85518,39.927492],[32.8551552,39.9275825],[32.8550023,39.9281776],[32.8548251,39.9288324]],[[32.8548251,39.9288324],[32.8547059,39.9294383],[32.8545466,39.9300152],[32.8543738,39.9307391],[32.8543302,39.9309173],[32.8542233,39.9312142],[32.854118,39.9314247],[32.85401,39.9316376],[32.8538326,39.9319319],[32.8536951,39.9321569],[32.8525979,39.9338022],[32.8524845,39.9339892],[32.8524141,39.9341763],[32.8523427,39.9343956],[32.8522521,39.9348514],[32.8521261,39.937339],[32.8521224,39.9374691],[32.8520902,39.9375988],[32.8520259,39.9377731],[32.8519452,39.9379367],[32.8518695,39.9380632],[32.8517845,39.9381861],[32.8516943,39.9383016],[32.8515947,39.9384134],[32.8513681,39.9386196]],[[32.8513681,39.9386196],[32.8513393,39.9386458],[32.8506742,39.9392511],[32.8502705,39.9396526],[32.8502187,39.9397032]],[[32.8502187,39.9397032],[32.8499091,39.9400052],[32.8497554,39.9401622],[32.8496399,39.9402792],[32.8494865,39.9404242],[32.8489208,39.9408846],[32.8483268,39.9413305],[32.8446785,39.9439296]],[[32.8446785,39.9439296],[32.8446421,39.9439556],[32.8440256,39.9443943],[32.8434136,39.9448337],[32.8433514,39.9448784]],[[32.8433514,39.9448784],[32.8399033,39.9474043],[32.8394354,39.9477521],[32.8368216,39.9496701]],[[32.8364602,39.9499432],[32.8368216,39.9496701]],[[32.8354654,39.9506611],[32.8364602,39.9499432]],[[32.8354654,39.9506611],[32.8347046,39.9512174]],[[32.8347046,39.9512174],[32.8342785,39.9515299],[32.8341804,39.9516021],[32.833694,39.9519601]],[[32.833694,39.9519601],[32.8335528,39.9520653]],[[32.833377,39.9521902],[32.8335528,39.9520653]],[[32.832999,39.9524773],[32.833377,39.9521902]],[[32.832999,39.9524773],[32.8315151,39.9535925]],[[32.8315151,39.9535925],[32.8308055,39.9541075],[32.830354,39.9544274],[32.8300612,39.9546004],[32.8297292,39.9547593],[32.8293851,39.9548885],[32.8291887,39.9549486],[32.8289923,39.9550042],[32.8287835,39.9550471],[32.8285766,39.9550869],[32.8284126,39.9551139],[32.8282507,39.9551331],[32.8280908,39.9551459],[32.827937,39.955151],[32.8276834,39.9551579],[32.827439,39.9551563],[32.8272745,39.955151],[32.8271283,39.955141],[32.8270067,39.9551335],[32.8247436,39.9549085],[32.8245213,39.9548882],[32.8243459,39.954873],[32.8241752,39.954866],[32.8240112,39.9548641],[32.8239246,39.9548648],[32.8238519,39.9548672],[32.8237515,39.954872],[32.8236401,39.9548804],[32.8235044,39.9548944],[32.8233763,39.954911],[32.8232579,39.954929],[32.8231314,39.9549517],[32.8229716,39.9549837],[32.8227272,39.9550382],[32.8223602,39.9551399],[32.8221411,39.955217],[32.8179262,39.9569143]],[[32.8179262,39.9569143],[32.8177945,39.9569683],[32.8170567,39.9572564],[32.8163424,39.9575418],[32.8163054,39.9575558]],[[32.8163054,39.9575558],[32.8150033,39.9580643]],[[32.8150033,39.9580643],[32.8128018,39.9589247]],[[32.8128018,39.9589247],[32.8110778,39.9595983],[32.8101219,39.9599991],[32.8100378,39.9600324],[32.8099599,39.9600608]],[[32.8099599,39.9600608],[32.8097129,39.9601598],[32.8061532,39.9614561],[32.8052895,39.961751]],[[32.8052895,39.961751],[32.8052154,39.9617775],[32.8046067,39.9619865],[32.8038564,39.9622486],[32.8037989,39.962268]],[[32.8037989,39.962268],[32.8035457,39.9623535]],[[32.8035457,39.9623535],[32.7994037,39.9637282]],[[32.7994037,39.9637282],[32.7948003,39.9652367]],[[32.7948003,39.9652367],[32.794765,39.9652494],[32.7939834,39.9655201],[32.7932402,39.9657852],[32.7932184,39.9657929]],[[32.7932184,39.9657929],[32.7843933,39.9689171]],[[32.7843933,39.9689171],[32.7843482,39.9689331],[32.7834697,39.9692443],[32.782832,39.9694702],[32.7828047,39.9694799]],[[32.7828047,39.9694799],[32.7827566,39.9694969],[32.7805012,39.9702572],[32.7801049,39.9703634],[32.7797087,39.9704635],[32.7793063,39.9705541],[32.7789039,39.9706448],[32.7782996,39.9707759],[32.7776954,39.9708913],[32.7769385,39.9709996],[32.7761816,39.9710955],[32.7755935,39.9711593],[32.7749892,39.971223],[32.7704715,39.9716067]],[[32.7704715,39.9716067],[32.7696061,39.971678],[32.7695291,39.9716839],[32.7683844,39.9717776]],[[32.7683844,39.9717776],[32.7675253,39.9718469]],[[32.7675253,39.9718469],[32.7674923,39.9718496],[32.7666321,39.9719269],[32.7657896,39.9720049],[32.7657585,39.9720075]],[[32.7657585,39.9720075],[32.7639556,39.9721554],[32.7637532,39.9721714],[32.762781,39.9722563],[32.7616322,39.9723652],[32.7608987,39.9723925],[32.7602113,39.9724495]],[[32.7602113,39.9724495],[32.7573332,39.9726927],[32.7569443,39.9727132],[32.7565956,39.9727235],[32.7563354,39.9727256],[32.7559707,39.9727153],[32.7557892,39.9727068],[32.755563,39.9726968],[32.755284,39.9726742],[32.754921,39.9726354],[32.7544498,39.9725714],[32.7538544,39.9724542],[32.7509729,39.9718232]],[[32.7509729,39.9718232],[32.7484079,39.9712581],[32.7482235,39.9712211],[32.748033,39.9711793],[32.7478711,39.9711341],[32.7477077,39.9710864],[32.7457086,39.9704793]],[[32.7457086,39.9704793],[32.7456775,39.9704699],[32.7449148,39.9702496],[32.7441121,39.9700208],[32.7440563,39.9700043]],[[32.742192,39.9695041],[32.7440563,39.9700043]],[[32.742192,39.9695041],[32.740796,39.9691469],[32.7396051,39.9688153],[32.7386945,39.9685573],[32.738329,39.9684341],[32.7334915,39.9668168],[32.7333181,39.9667633],[32.7331843,39.9667232],[32.7330875,39.9666961],[32.7329821,39.9666725],[32.7328443,39.9666413],[32.7327213,39.9666194],[32.732555,39.9665978],[32.7323779,39.9665804],[32.7322023,39.966569],[32.7320265,39.9665633],[32.7318813,39.9665625],[32.731777,39.9665647],[32.7316787,39.9665692],[32.7315827,39.9665772],[32.7314934,39.9665857],[32.7313959,39.9665988],[32.7312658,39.9666196],[32.7311388,39.966642],[32.7308077,39.966716]],[[32.7308077,39.966716],[32.7305694,39.9667707],[32.7304652,39.9667948]],[[32.7281202,39.9675737],[32.7285852,39.9673263],[32.7289337,39.9671954],[32.7292643,39.9670946],[32.7296889,39.9669788],[32.7304652,39.9667948]],[[32.7281202,39.9675737],[32.7275938,39.967839]],[[32.7275938,39.967839],[32.7275331,39.9678701],[32.7268146,39.9682379]]]}},{"type":"Feature","properties":{"route":"tram","name":"Nostaljik Tramvay","colour":null},"geometry":{"type":"MultiLineString","coordinates":[[[29.0732267,40.1848048],[29.0726797,40.1848781],[29.0721681,40.1849497],[29.0716561,40.185006],[29.0715515,40.1850157],[29.0710166,40.1850727],[29.070403,40.1851487],[29.0702809,40.1851638],[29.069766,40.1852276],[29.0692637,40.1852899],[29.0692233,40.1852949]],[[29.0732267,40.1848048],[29.073239,40.1847317],[29.0732769,40.1846911],[29.0734947,40.1844499]],[[29.0753345,40.1842534],[29.0761243,40.1841267],[29.0762635,40.1841031],[29.0766096,40.184037],[29.0770933,40.1839323],[29.0772618,40.1838933],[29.0779199,40.1837687],[29.0782349,40.1837405],[29.0785839,40.1837209],[29.0790178,40.183717],[29.0794583,40.1836688],[29.0798828,40.1835916],[29.0802027,40.1835289],[29.0804095,40.1835052],[29.0807793,40.1835056],[29.0809951,40.1835426],[29.0813413,40.1836037],[29.0818364,40.1835881],[29.082304,40.1835716],[29.0828581,40.1835122],[29.0834692,40.1834378],[29.0836933,40.1833735],[29.0839261,40.183295],[29.0841188,40.183205],[29.0842684,40.1831264],[29.0845588,40.1829384],[29.084699,40.1828712],[29.0853535,40.1827186]],[[29.0868092,40.1828736],[29.0864583,40.1827709],[29.0863819,40.1827485],[29.0862409,40.1827072],[29.0860764,40.1826566],[29.0859277,40.1826467],[29.0853535,40.1827186]],[[29.0869461,40.1829209],[29.0868092,40.1828736]],[[29.0745511,40.1842829],[29.0746945,40.1843083],[29.0748492,40.1843049],[29.0751016,40.1842727],[29.0752553,40.1842534],[29.0753345,40.1842534]]]}},{"type":"Feature","properties":{"route":"subway","name":"M4: Kadıköy - Sabiha Gökçen Havalimanı","colour":"#E91E76"},"geometry":{"type":"MultiLineString","coordinates":[[[29.3106399,40.9059565],[29.3105235,40.9060628],[29.3121412,40.9070746],[29.3122579,40.906968],[29.3106399,40.9059565]],[[29.0222177,40.9904895],[29.0229611,40.9910089],[29.0231505,40.9911646],[29.0233244,40.991304],[29.0234649,40.9913976],[29.0237711,40.9916068]],[[29.0237711,40.9916068],[29.024325,40.9919393]],[[29.024325,40.9919393],[29.024914,40.9922127],[29.0254796,40.9925075],[29.0262881,40.9930032],[29.0273487,40.9937139],[29.0280413,40.9943145],[29.0283736,40.9947811],[29.028795,40.995577],[29.029047,40.996207],[29.0292797,40.9967913],[29.0294634,40.9972456],[29.0299814,40.9984161],[29.030335,40.9994538],[29.0305822,41.0001803],[29.0310173,41.0014201],[29.031144,41.0017862],[29.0312318,41.0020164],[29.0315287,41.0024153],[29.0317486,41.0026412],[29.0320059,41.0028496],[29.0322927,41.0030332],[29.0326086,41.0031758],[29.0329163,41.0033141],[29.0331977,41.0034233],[29.0334708,41.0035164],[29.0338217,41.0036133],[29.0341471,41.0036675],[29.0345243,41.00369],[29.0355591,41.0036694],[29.0369341,41.0035176],[29.0383623,41.0032737],[29.0395193,41.0031014],[29.040883,41.0028461],[29.0415627,41.002721],[29.042296,41.0026091],[29.0424863,41.0025672],[29.0430534,41.0024425],[29.0443227,41.0021833],[29.045487,41.0019365],[29.0480787,41.0015179],[29.0494125,41.0012755],[29.0505595,41.0010543],[29.052581,41.0006344],[29.0537934,41.0002828],[29.0550524,40.999903],[29.0586948,40.9984678],[29.0599485,40.9979489],[29.0616129,40.997266],[29.0631383,40.9967416],[29.0644688,40.9962712],[29.0656885,40.995829],[29.0677591,40.9951172],[29.0694258,40.9944215],[29.0695825,40.9943627],[29.0705409,40.9939726],[29.0714617,40.9936042],[29.0735759,40.9926977],[29.0746026,40.9922374],[29.0758165,40.9916887],[29.0783006,40.9906037],[29.0813499,40.9894403],[29.0849717,40.9879023],[29.0858758,40.9874724],[29.0868173,40.986958],[29.0875232,40.9864968],[29.0878938,40.9861944],[29.0888573,40.9854339],[29.09026,40.9844847],[29.0916435,40.9835012],[29.0922197,40.9831343],[29.0927211,40.982852],[29.0938681,40.9822412],[29.0944801,40.9817992],[29.0961288,40.9805651],[29.0969154,40.9800176],[29.0973695,40.9796815],[29.0976238,40.9794232],[29.0978935,40.9791303],[29.0980784,40.978814],[29.0983064,40.9783348],[29.0985194,40.9777491],[29.0987987,40.976878],[29.099433,40.9752948],[29.0996658,40.9747119],[29.1001386,40.9731138],[29.1003427,40.9725454],[29.1006701,40.9719678],[29.1010024,40.971415],[29.1024596,40.9686395],[29.1030528,40.9674351],[29.1034443,40.9668586],[29.1040417,40.9659243],[29.1044778,40.9652647],[29.1050971,40.964554],[29.1056901,40.9638496],[29.106177,40.9633952],[29.1066732,40.9629956],[29.1078883,40.9616969],[29.1085712,40.9610785],[29.1101924,40.9593875],[29.1115425,40.9580126],[29.1135413,40.9561999],[29.1166782,40.953709],[29.117312,40.9531433],[29.1180117,40.9524791],[29.1187202,40.9517926],[29.1188887,40.951602],[29.1197284,40.9507531],[29.1211712,40.9494325],[29.1218816,40.9488718],[29.1226381,40.9482748],[29.1233065,40.9477501],[29.1240218,40.9472672],[29.1252493,40.9464747],[29.1280603,40.9444672],[29.1354301,40.9388647],[29.1356919,40.938649],[29.1366408,40.9378823],[29.1390556,40.9359843],[29.139347,40.9357512],[29.1414559,40.9340637],[29.1428683,40.9328647],[29.1444223,40.931655],[29.1459415,40.930482],[29.1466228,40.9298874],[29.1473302,40.9292701],[29.1479636,40.9287557],[29.1487681,40.928104],[29.1492075,40.9276817],[29.1497314,40.9271102],[29.1503445,40.9263368],[29.1505247,40.9260518],[29.1510744,40.9253758],[29.1514561,40.9250513],[29.1518702,40.9247405],[29.1523326,40.9244745],[29.1529795,40.9242453],[29.1536412,40.9240306],[29.1546158,40.9237153],[29.1557434,40.9233582],[29.1570441,40.9230408],[29.1615809,40.9220353],[29.1622942,40.9218727],[29.1630563,40.9216855],[29.164126,40.92138],[29.1650481,40.9211167],[29.1663075,40.920721],[29.1674332,40.9203673],[29.1696044,40.9196852],[29.1707016,40.91926],[29.1729277,40.9182076],[29.1739647,40.9177008],[29.1746706,40.9174072],[29.1756172,40.9170709],[29.1774083,40.9164758],[29.1781645,40.9162552],[29.1793824,40.9158999],[29.1806775,40.9155375],[29.1814042,40.9153368],[29.1820742,40.9151897],[29.1826381,40.9150692],[29.1832303,40.9149595],[29.1838384,40.9148748],[29.184137,40.9148332],[29.1886139,40.9142652],[29.1892292,40.9141286],[29.1896279,40.9140167],[29.1899904,40.9139049],[29.1911355,40.9135167],[29.1923629,40.9131034],[29.1936545,40.9126685],[29.1940706,40.9125149],[29.1954026,40.9120475],[29.1965656,40.9116123],[29.1993011,40.9106446],[29.2007007,40.9101879],[29.2023182,40.9097439],[29.2036377,40.9093457],[29.2049228,40.908941],[29.2052448,40.9088417],[29.2064305,40.9084669],[29.2087649,40.9076376],[29.2094958,40.9073257],[29.2100781,40.9070727],[29.211193,40.9064711],[29.2121109,40.905988],[29.2141735,40.9047285],[29.215129,40.904027],[29.2160353,40.9033813],[29.2176753,40.902295],[29.2199498,40.900957],[29.2226517,40.899332],[29.2240127,40.8985081],[29.2245608,40.898182],[29.225679,40.8973746],[29.2269937,40.8965079],[29.2281588,40.8957317],[29.2302254,40.8943516],[29.2324541,40.8927247],[29.2342805,40.8914595],[29.2359383,40.8902616],[29.2377447,40.8890049],[29.2384563,40.8885542],[29.2401678,40.8874036],[29.2436001,40.8849905]],[[29.2436001,40.8849905],[29.2446142,40.8843709]],[[29.2446142,40.8843709],[29.2455423,40.8837848],[29.2465128,40.8831274],[29.247133,40.8827595],[29.2477291,40.8824563],[29.2487168,40.8820354],[29.2496881,40.8816142],[29.2504156,40.8813321],[29.2513047,40.8810795],[29.2518899,40.8809982]],[[29.2518899,40.8809982],[29.2538156,40.8808665],[29.2548078,40.8808993],[29.2560495,40.8811778],[29.2569358,40.881398],[29.2582943,40.881823],[29.2590592,40.8821807],[29.2599744,40.8826806],[29.2607303,40.8834842],[29.2613348,40.884455],[29.2617912,40.8853671],[29.2621299,40.8860778],[29.2623084,40.8867772],[29.2624554,40.8875213]],[[29.2624554,40.8875213],[29.2626488,40.888829],[29.2628406,40.8899204]],[[29.2628406,40.8899204],[29.2629474,40.8905623],[29.2631232,40.8914305],[29.2648247,40.8960338],[29.2652928,40.8968462],[29.2658129,40.8975275],[29.2673785,40.8989214],[29.2687169,40.8998832],[29.2694196,40.9004678],[29.2703464,40.9012576],[29.270956,40.9016756],[29.2720637,40.9022734],[29.2729327,40.9027335],[29.2737591,40.9030885],[29.2751229,40.9036198],[29.2776896,40.9046197],[29.2840305,40.907429],[29.2863587,40.9084804],[29.2882579,40.9092358],[29.2897568,40.909826],[29.290453,40.9101033],[29.2909961,40.9103175],[29.291608,40.9104912],[29.2923593,40.9105377],[29.2929609,40.9104426],[29.2935532,40.9103584],[29.2943324,40.9102007],[29.2948917,40.9101012],[29.2961025,40.9098537],[29.2984651,40.9093737],[29.2990141,40.909195],[29.2996742,40.9088627],[29.3004472,40.9079126],[29.3007295,40.9074117],[29.3014277,40.9062875],[29.3020437,40.9051511],[29.3024708,40.9047141],[29.3029875,40.9043448],[29.3036852,40.9039683],[29.304136,40.9038383],[29.3048456,40.9037684],[29.3056963,40.9037536],[29.3063098,40.9037893],[29.3070361,40.9039041],[29.3075982,40.9040952],[29.3082035,40.9044008],[29.3085691,40.9046316],[29.3088517,40.9048017],[29.3091054,40.9049543]],[[29.3091054,40.9049543],[29.3105645,40.9058796]],[[29.3105645,40.9058796],[29.3114781,40.9064421]]]}},{"type":"Feature","properties":{"route":"tram","name":"Moda Tramvayı","colour":null},"geometry":{"type":"LineString","coordinates":[[29.0205793,40.9889281],[29.0205909,40.9889728],[29.0206087,40.989012],[29.0206516,40.9890551],[29.0207079,40.9891052],[29.0213386,40.9895948],[29.0215921,40.9897915],[29.0216538,40.989828],[29.0217463,40.989872],[29.0218516,40.989914],[29.0220973,40.9899895],[29.0221734,40.9900117],[29.0222106,40.9900258],[29.0223116,40.9900643],[29.0223787,40.9901054],[29.0224101,40.9901246],[29.0230147,40.9905764],[29.023068,40.9906162],[29.0231033,40.9906463],[29.0231543,40.9906864],[29.0233529,40.9908428],[29.0236204,40.9911457],[29.0237365,40.9912771],[29.0237807,40.9913234],[29.0238471,40.9913661],[29.0238934,40.9913864],[29.023947,40.9914011],[29.0240081,40.9914066],[29.0240637,40.9914061],[29.0241241,40.9914036],[29.0242409,40.9913885],[29.0248255,40.9912888],[29.0254946,40.9911733],[29.0261283,40.9910641],[29.0283788,40.9906759],[29.0287361,40.9905978],[29.0288977,40.9905396],[29.029056,40.9904728],[29.0290929,40.990446],[29.0291003,40.9904383],[29.0291244,40.9904136],[29.0291242,40.9904011],[29.0291237,40.9903526],[29.0290999,40.9902509],[29.0290265,40.9899884],[29.0289282,40.9896564],[29.0288497,40.9893774],[29.0288467,40.9893658],[29.0288335,40.9892936],[29.0286613,40.9882268],[29.0286127,40.9879969],[29.0285582,40.9876651],[29.0285439,40.9875769],[29.0284327,40.9871686],[29.0283895,40.9870386],[29.0283493,40.9869298],[29.0282724,40.9867521],[29.0280315,40.9862139],[29.0278649,40.9858434],[29.0278567,40.9858251],[29.0278485,40.9858068],[29.0277263,40.9855139],[29.0277027,40.9853799],[29.0276787,40.9846159],[29.0276636,40.9845564],[29.0276574,40.984536],[29.0275895,40.9844094],[29.0274379,40.9843355],[29.0273993,40.9843269],[29.0273561,40.9843173],[29.0272844,40.9843127],[29.0271974,40.984331],[29.0271737,40.984336],[29.0270966,40.9843664],[29.0269992,40.9843855],[29.0269746,40.9843841],[29.0268995,40.9843355],[29.0266957,40.9840978],[29.0266202,40.9840095],[29.026355,40.9835737],[29.0263504,40.9835686],[29.0263449,40.9835639],[29.0263391,40.9835598],[29.0263308,40.983555],[29.0263159,40.9835484],[29.0263048,40.9835446],[29.0262954,40.9835419],[29.026286,40.9835397],[29.0262793,40.9835386],[29.0262691,40.9835378],[29.0262616,40.9835377],[29.0262516,40.9835381],[29.0262427,40.9835392],[29.0262335,40.983541],[29.0251806,40.9838467],[29.0246653,40.9839868],[29.0243788,40.9840631],[29.0242009,40.9841105],[29.0241457,40.984132],[29.0234705,40.9843872],[29.0228193,40.9846321],[29.0227219,40.9846743],[29.0222003,40.9848974],[29.0215552,40.9851467],[29.0210798,40.9853371],[29.0210705,40.9853464],[29.0210662,40.9853551],[29.0210697,40.9853651],[29.0210928,40.9854163],[29.0213192,40.9858613],[29.0214546,40.9862104],[29.0215404,40.9864787],[29.0216088,40.9868684],[29.0216102,40.9869454],[29.0215941,40.9870071],[29.0214774,40.9872268],[29.0213554,40.9874647],[29.021028,40.9880052],[29.0207245,40.9885062],[29.0205688,40.9887575],[29.0205608,40.988806],[29.0205674,40.98885],[29.0205793,40.9889281]]}},{"type":"Feature","properties":{"route":"subway","name":"Kaymakamlık → Evka 3","colour":"blue"},"geometry":{"type":"MultiLineString","coordinates":[[[27.2279022,38.4654127],[27.2278855,38.4653742],[27.2292559,38.465011],[27.2292726,38.4650494],[27.228323,38.4653011],[27.2279022,38.4654127]],[[26.9911039,38.3946914],[26.9913965,38.3947077],[26.9920275,38.3947428],[26.9926485,38.3948165],[26.9937275,38.3950217],[26.9969115,38.39559],[26.9981838,38.3956735],[26.9999563,38.3957206],[27.0008522,38.3957541],[27.0021954,38.39582],[27.0038712,38.3957596],[27.0073888,38.3951845],[27.0081297,38.3949976],[27.0087881,38.3948151],[27.0104885,38.3942639],[27.0116755,38.3939494],[27.0141182,38.3935907],[27.0149398,38.3935115],[27.0159592,38.3934066],[27.0225127,38.3925004],[27.0234892,38.3923995],[27.0245893,38.3922861],[27.0256226,38.3922504],[27.0270237,38.392333],[27.0297577,38.3926127],[27.0310945,38.3928052],[27.0370765,38.3938362],[27.0382804,38.3939866],[27.0395386,38.3941439],[27.0401969,38.3941819],[27.0409545,38.3941896],[27.0439992,38.3940356],[27.0447957,38.394032],[27.0455971,38.3940437],[27.0463394,38.3940546],[27.0468134,38.3940818],[27.0476316,38.3941362],[27.0493118,38.3942122],[27.057059,38.3955939],[27.0578784,38.3957509],[27.0586506,38.3959384],[27.0609404,38.3965724],[27.063567,38.3969897],[27.0651948,38.3971597],[27.06655,38.3972402]],[[27.06655,38.3972402],[27.067407,38.3972352],[27.0681058,38.3971942],[27.0685122,38.3971555],[27.0685845,38.3971487],[27.0690762,38.3970946],[27.0694934,38.3970444],[27.0698902,38.3969827],[27.0702521,38.3969013],[27.0706912,38.396789],[27.0714195,38.3966014],[27.073086,38.3960611],[27.0745156,38.3955062],[27.0780113,38.3941032],[27.0783447,38.3939888],[27.0786951,38.3939091],[27.0792765,38.3938149],[27.0848135,38.3931976],[27.0861219,38.3930634],[27.0865191,38.393034],[27.0867437,38.3930362],[27.0869474,38.3930459],[27.0871581,38.3930683],[27.0873262,38.3930953],[27.0875115,38.3931568],[27.0876567,38.3932184],[27.0878321,38.3933152],[27.087969,38.3934143],[27.088687,38.3940095],[27.0889816,38.394209],[27.089325,38.3943787],[27.0943508,38.3959461],[27.0959843,38.3964955],[27.096358,38.3966719],[27.0967318,38.3968738],[27.0970195,38.3970526],[27.0972327,38.3972048],[27.0974113,38.3973634],[27.097568,38.3975243],[27.0977491,38.3977443],[27.0978433,38.3978988],[27.0979476,38.3981443],[27.0981168,38.3986884],[27.0981853,38.3989087],[27.098475,38.3998405],[27.098727,38.400407],[27.098835,38.4006334],[27.0989498,38.4008114],[27.0990565,38.4009389],[27.099183,38.4010585],[27.0993176,38.4011604],[27.0995238,38.4012967],[27.0996664,38.401368],[27.0999967,38.401461],[27.1002656,38.4015047],[27.1006434,38.401553],[27.1009473,38.4015643],[27.1012667,38.4015723],[27.1019321,38.4015577],[27.1028381,38.4015214],[27.1058089,38.4014233],[27.107301,38.4014437],[27.1078658,38.4014629],[27.1084117,38.4015024],[27.1090765,38.4015429],[27.1097277,38.401624],[27.1104859,38.4017379],[27.1111951,38.4018444],[27.1125218,38.4020785],[27.1142321,38.402431],[27.1151345,38.4027063],[27.1159463,38.4029999],[27.1170415,38.4034487],[27.1184222,38.404188],[27.1189562,38.4044866],[27.1195707,38.404841],[27.1196581,38.4049014],[27.1198712,38.4050465],[27.1205342,38.4054991],[27.1245772,38.4084374],[27.1250459,38.4088548],[27.1253474,38.4091416],[27.1256277,38.4094407],[27.1259215,38.4098021],[27.1261416,38.4101096],[27.1263722,38.410507],[27.1265529,38.4109311],[27.1267663,38.411563],[27.1270808,38.4130416],[27.1273255,38.414563],[27.1274768,38.4155381],[27.1275249,38.4156972],[27.127667,38.4160645],[27.1277812,38.4163082],[27.1281426,38.417036],[27.1283812,38.4175315],[27.1287848,38.4183544],[27.1303063,38.4209028],[27.1305766,38.4212778],[27.1308261,38.4215335],[27.1311132,38.4217487],[27.1314288,38.4219192],[27.1317252,38.4220418],[27.132127,38.4221708],[27.1323835,38.422232],[27.1327043,38.4222905],[27.1331299,38.4223511],[27.1335731,38.4223892],[27.13435,38.4224223],[27.1360027,38.4224491],[27.1426639,38.4224976],[27.1438387,38.4226306],[27.1448695,38.4227731],[27.14577,38.4228928],[27.1468531,38.4229977],[27.147945,38.4231383],[27.1484124,38.4231974],[27.148872,38.4232961],[27.1494006,38.4234538]],[[27.1494006,38.4234538],[27.1498303,38.4236492],[27.1509388,38.4242508]],[[27.1509388,38.4242508],[27.1513417,38.4244804],[27.1518535,38.4247948],[27.1521574,38.4249949],[27.1529667,38.4255649],[27.1535276,38.4259674],[27.1543749,38.426491],[27.1551261,38.4269458],[27.1558544,38.4273719],[27.1585967,38.4289639],[27.1612923,38.4305977],[27.1624646,38.4313301],[27.1634705,38.4319327],[27.1638616,38.4321513],[27.1646064,38.432518],[27.1649308,38.4326842],[27.1653627,38.4329284],[27.1661801,38.4334213]],[[27.1661801,38.4334213],[27.1664354,38.4335539],[27.166702,38.4336846],[27.1675142,38.4340734],[27.1682401,38.4344253],[27.1688866,38.4347573],[27.16942,38.4350371],[27.1697273,38.4352043],[27.1699771,38.4353638],[27.1702921,38.4355718]],[[27.1702921,38.4355718],[27.1706681,38.4358251],[27.1709013,38.4359802],[27.1711115,38.4361463],[27.1713245,38.4363313],[27.1715209,38.4365164],[27.1719036,38.4368726],[27.1721102,38.4370549],[27.1722708,38.4371911]],[[27.1722708,38.4371911],[27.1724807,38.437345],[27.1727033,38.4375096],[27.1728792,38.4376246],[27.173284,38.4378713],[27.1752499,38.4390241],[27.1800599,38.4419667],[27.1807028,38.4423767],[27.1828057,38.4436669]],[[27.1828057,38.4436669],[27.1847247,38.4447931]],[[27.1847247,38.4447931],[27.1848886,38.4448994]],[[27.1848886,38.4448994],[27.185848,38.4455351],[27.1882985,38.4470056],[27.188908,38.4473647],[27.189014,38.4474234],[27.1898674,38.4479219],[27.1904639,38.4482983],[27.1912135,38.4487713],[27.1919918,38.4492747],[27.1953485,38.4512971],[27.1969805,38.4523073],[27.1986553,38.4533217],[27.2000174,38.4541351],[27.2008493,38.454599],[27.2014175,38.4549449],[27.2021835,38.4554112],[27.2028758,38.4558425],[27.2034194,38.4561665]],[[27.2034194,38.4561665],[27.2043543,38.4566298]],[[27.2043543,38.4566298],[27.2052142,38.4569798],[27.2061646,38.4573574],[27.2074925,38.4577636],[27.2080974,38.4579084],[27.2086809,38.458009],[27.2095677,38.4581308]],[[27.2095677,38.4581308],[27.2104765,38.4582003],[27.2109439,38.4582241],[27.2116607,38.4582597]],[[27.2116607,38.4582597],[27.2126183,38.458336],[27.2134879,38.4583994]],[[27.2134879,38.4583994],[27.215149,38.458542]],[[27.215149,38.458542],[27.2172451,38.4586568],[27.2193673,38.4587283],[27.2235109,38.4585593],[27.2244071,38.4585634],[27.2253926,38.4586516],[27.2262773,38.458773],[27.2268645,38.4588822],[27.2273455,38.459047],[27.2278294,38.4592342],[27.2281577,38.459378],[27.2288885,38.4597012],[27.2296146,38.4600184],[27.2304838,38.4604189],[27.2307973,38.4605962],[27.2310522,38.4607655],[27.2312081,38.4609036],[27.2313729,38.4610858],[27.231491,38.4612884],[27.2316924,38.4616843],[27.2317923,38.4619442],[27.2318819,38.4622631],[27.2319285,38.4625705],[27.2319249,38.4628328],[27.2319071,38.463029],[27.2318467,38.4633445],[27.2317418,38.4636422],[27.2316517,38.4638292],[27.2315453,38.4639967],[27.2314378,38.4641072],[27.2312856,38.464237],[27.2311101,38.4643445],[27.2308965,38.4644542],[27.2306802,38.4645376],[27.2300126,38.4647614],[27.2293455,38.4649619],[27.2286082,38.4651588]]]}},{"type":"Feature","properties":{"route":"tram","name":"T1 hattı: Kabataş - Bağcılar","colour":null},"geometry":{"type":"MultiLineString","coordinates":[[[28.9744724,41.021872],[28.9747557,41.0222299],[28.9748508,41.0223606],[28.974934,41.0224964],[28.9749849,41.022608],[28.9750024,41.0226691],[28.9750823,41.0232485],[28.9751327,41.023375],[28.975181,41.0234613],[28.975256,41.023558],[28.9753873,41.0236864],[28.9763576,41.0244609],[28.9763803,41.0244776],[28.9763962,41.0244893],[28.9774073,41.0252321],[28.9783057,41.0258498],[28.9796309,41.0264932],[28.9797493,41.0265496],[28.9802781,41.0268005],[28.9805886,41.0269427],[28.9807256,41.0270054],[28.981101,41.0271328],[28.9822176,41.0274816],[28.9842971,41.0281434],[28.9843846,41.028171],[28.987007,41.0289941],[28.9874622,41.0292073],[28.9877548,41.0294036],[28.9880874,41.0297137],[28.9882138,41.029837],[28.9886102,41.0304243],[28.9889378,41.0309035],[28.9890741,41.0311059],[28.9890809,41.0311161],[28.9894433,41.0315409],[28.9897014,41.0318113],[28.9897322,41.0318436],[28.9901058,41.0321845],[28.9908861,41.0327769],[28.9912523,41.0330863],[28.991529,41.0333604],[28.9919952,41.0338158],[28.9921817,41.0339787],[28.9926707,41.0344774],[28.992942,41.0347541]],[[28.9744724,41.021872],[28.9718802,41.0182791],[28.971845,41.0182207]],[[28.971845,41.0182207],[28.971797,41.0180837],[28.9717907,41.017971],[28.9718183,41.017865],[28.9718685,41.017777],[28.971925,41.0177098],[28.9720241,41.0176407],[28.9721621,41.0175754],[28.972339,41.0175337],[28.9725229,41.0175105],[28.9732148,41.0174499],[28.9736803,41.0174098],[28.9739406,41.0173875],[28.9740785,41.0173709],[28.9742173,41.0173444],[28.9743544,41.0173039],[28.9762609,41.0164836],[28.9763346,41.016444],[28.9763843,41.0163897],[28.9764102,41.0163524],[28.9764382,41.0162686],[28.976445,41.016222],[28.9764315,41.0161406],[28.9762387,41.0158372],[28.9760549,41.0155253],[28.9758304,41.0151642],[28.9756943,41.0149425],[28.9756866,41.0149301],[28.9756718,41.0148582],[28.9756857,41.0147882],[28.9757145,41.0147363],[28.9757866,41.0146653],[28.9759027,41.0145781],[28.9766182,41.0142336],[28.9766643,41.0141857],[28.9773133,41.0134945],[28.9778091,41.0129778],[28.9784231,41.0125182],[28.9784511,41.0124895],[28.9784646,41.0124578],[28.9784718,41.0123996],[28.9784087,41.0121632],[28.9783237,41.0118699],[28.9783189,41.0118532],[28.9783174,41.0118483],[28.9780798,41.0110745],[28.978072,41.0110441],[28.9780663,41.01101],[28.9780629,41.0109872],[28.9780701,41.0109442],[28.9780849,41.0109086],[28.9781091,41.0108769],[28.9781452,41.0108419],[28.9786003,41.0105513],[28.9786123,41.0105436],[28.9786359,41.0105285],[28.9786583,41.0105099],[28.9786765,41.0104889],[28.9786901,41.0104494],[28.9786953,41.0104231],[28.9786893,41.010295],[28.9786816,41.0102575],[28.9786697,41.0102219],[28.9786628,41.0101935],[28.9786612,41.0101587],[28.9786668,41.0101183],[28.97867,41.0100882],[28.9786676,41.0100573],[28.9784955,41.0085287],[28.978452,41.0083964],[28.9784184,41.0083209],[28.9784002,41.0082907],[28.9783772,41.0082517],[28.9783333,41.0081806],[28.9782875,41.0081124],[28.9782433,41.0080566],[28.9781722,41.0079981],[28.9781019,41.0079565],[28.9780202,41.0079177],[28.9779369,41.0078914],[28.9778468,41.0078756],[28.9777522,41.0078623],[28.9776414,41.007856],[28.977496,41.0078642],[28.9764058,41.0080097],[28.9761477,41.008046],[28.9758913,41.0080738],[28.9755143,41.0081113],[28.9751232,41.008149],[28.9751026,41.0081508],[28.974381,41.0081982],[28.9739171,41.0082356],[28.9734536,41.0082709],[28.9734262,41.0082746],[28.9723995,41.0083601],[28.972393,41.0083606],[28.9723673,41.0083629],[28.9716001,41.0084276],[28.9715531,41.0084316],[28.9715101,41.0084351],[28.9711451,41.0084652],[28.9707452,41.0084947],[28.9694145,41.0085955],[28.9689405,41.0086356],[28.9683141,41.0087666],[28.968057,41.0088204],[28.967488,41.0088843],[28.9672234,41.0089589],[28.9671081,41.0089929],[28.9670294,41.0090201],[28.9666458,41.0090852],[28.9663258,41.0091424],[28.9658669,41.0091864],[28.965566,41.0092447],[28.9655319,41.0092504],[28.9650317,41.0093198],[28.9635329,41.0094254],[28.9632586,41.0094544],[28.9629838,41.0094956],[28.9627046,41.0095484],[28.9623908,41.0095839],[28.9620388,41.0096103],[28.9614685,41.0096203],[28.9602778,41.0096058],[28.9597143,41.009612],[28.9594306,41.0096162],[28.9593553,41.0096171],[28.9588809,41.0096238],[28.9584539,41.0096165],[28.9573461,41.0095891],[28.9556196,41.0095907],[28.9554327,41.0095972],[28.9546863,41.0096257],[28.9538781,41.0096115],[28.9535898,41.0096103],[28.9535323,41.0096101],[28.9532917,41.0096051],[28.9530307,41.0095978],[28.9529818,41.0095964],[28.9529075,41.0095913],[28.9522912,41.0095729],[28.9516644,41.0096061],[28.9502887,41.0097066],[28.9496988,41.0097211],[28.9490494,41.0097488],[28.9487181,41.0097665],[28.9480674,41.0098127],[28.9474377,41.0099209],[28.9470834,41.0099992],[28.9466545,41.0100961],[28.9458949,41.0102793],[28.9456238,41.0103616],[28.9454943,41.0103935],[28.9453861,41.0104202],[28.9452094,41.0104667],[28.9435296,41.0109347],[28.9431092,41.0110406],[28.9411832,41.0115426],[28.9409786,41.0116084],[28.9408057,41.0116817],[28.9404859,41.0118214],[28.9400278,41.0120296],[28.9398306,41.0120952],[28.9395953,41.0121778],[28.9386703,41.01253],[28.9385309,41.0125998],[28.938199,41.0127945],[28.9376179,41.0131752],[28.9363298,41.0138255],[28.9337229,41.0150979],[28.9333351,41.015279],[28.9329899,41.0154405],[28.932901,41.0154804],[28.9311071,41.0163602],[28.9309715,41.0164204],[28.9308675,41.0164665],[28.9277959,41.017947],[28.9277042,41.0179912],[28.9275047,41.0180912],[28.9271904,41.0182396],[28.9251795,41.0192231],[28.924569,41.0195201],[28.9242061,41.019645],[28.9239095,41.0196966],[28.9237571,41.0197106],[28.9236198,41.0197144],[28.9234325,41.0197089],[28.9231411,41.0196777],[28.9217542,41.0194956],[28.9212411,41.0194658],[28.9207882,41.0194531],[28.9204101,41.0194392],[28.9198485,41.0193577]],[[28.9198485,41.0193577],[28.9194457,41.0192853],[28.919021,41.0192089]],[[28.919021,41.0192089],[28.9187732,41.0191535],[28.9185047,41.0190808],[28.9177664,41.0189356],[28.9174336,41.0188629],[28.917275,41.0188165],[28.9171265,41.0187651],[28.9164599,41.0184556],[28.9160757,41.0182672],[28.9155392,41.0181253],[28.9153903,41.0180848],[28.9152337,41.01803],[28.9150987,41.0179484],[28.9149631,41.0178637],[28.9148445,41.017778],[28.9146236,41.0175634],[28.9142126,41.0171917],[28.9140125,41.0170758],[28.9138106,41.0169662],[28.9127214,41.0164918],[28.9121757,41.016273],[28.9115859,41.0160557],[28.9112549,41.0159277],[28.9111285,41.0158589],[28.9110376,41.0157758],[28.9109853,41.015714],[28.9109602,41.0156737],[28.9109303,41.0156115],[28.910892,41.0155294],[28.9098838,41.0131452],[28.9098224,41.0129912],[28.9097752,41.012815],[28.9097398,41.0125332],[28.9096973,41.0118878],[28.9096707,41.0117081],[28.9094943,41.0107062],[28.9094763,41.0105872],[28.9094588,41.0103501],[28.9094373,41.0100551],[28.9094276,41.0099037],[28.9094341,41.009799],[28.9094526,41.0096879],[28.9095006,41.0095899],[28.9096543,41.0093674],[28.9096803,41.0093286],[28.9097702,41.0091944]],[[28.9097702,41.0091944],[28.9097955,41.0090735],[28.9097904,41.0089834],[28.9097677,41.0088828],[28.9090799,41.0073712],[28.9089168,41.0066716],[28.9089099,41.006564],[28.9089254,41.0064757],[28.9089378,41.0064406],[28.9092836,41.0054834],[28.9093707,41.0052875],[28.9094274,41.005199],[28.9095161,41.0051115],[28.9096298,41.0050009],[28.9096778,41.0049423],[28.9097167,41.0048373],[28.909702,41.0047217],[28.9096857,41.0046745],[28.9096412,41.0046203],[28.9096111,41.0045874],[28.9095312,41.0045252],[28.9094585,41.0044914],[28.9093858,41.0044655],[28.9093162,41.0044534],[28.9077334,41.0042752]],[[28.9077334,41.0042752],[28.9073596,41.0042355],[28.9069355,41.0041861],[28.906764,41.0041565],[28.9060514,41.0040943],[28.9050679,41.0040395],[28.9046232,41.0039821],[28.904392,41.0039426],[28.9028183,41.0036582],[28.9022277,41.0035438],[28.9022061,41.0035398],[28.9021637,41.0035342],[28.9018039,41.0035128],[28.9017718,41.003511],[28.9009165,41.0034646],[28.900274,41.0034176],[28.8998873,41.003385],[28.8996076,41.0033382],[28.8985114,41.0030573],[28.8979796,41.0028771],[28.8978637,41.0028262],[28.8965533,41.0021225],[28.8962954,41.0020397],[28.8959983,41.0019748],[28.8948515,41.0018149],[28.8944643,41.0017732],[28.8943293,41.0017587],[28.8936558,41.0016943],[28.8931915,41.0016526],[28.8927415,41.0015954],[28.8921965,41.0014967],[28.8919658,41.0014732],[28.891575,41.0014812],[28.891398,41.0014854],[28.8909947,41.0015066],[28.8906496,41.0015184],[28.8901578,41.0015333],[28.8898735,41.0015435],[28.889797,41.0015465],[28.889518,41.0015587],[28.8891845,41.001567],[28.888917,41.00156]],[[28.888917,41.00156],[28.8886437,41.0015429],[28.8878757,41.0014701],[28.8876462,41.0014484],[28.8874342,41.0014163],[28.8871859,41.0013677],[28.8866207,41.0012315],[28.8863765,41.0011966],[28.8862612,41.001194],[28.8861057,41.0011962],[28.8859257,41.0012121],[28.8857881,41.0012409],[28.8856412,41.0012804],[28.8854892,41.0013349],[28.8853013,41.001425],[28.8843198,41.0019666],[28.8840728,41.0021371],[28.8839565,41.0022432],[28.8836828,41.0024983],[28.883421,41.0028152]],[[28.883421,41.0028152],[28.8828722,41.0037703],[28.8820191,41.0052836],[28.8819032,41.0054973],[28.8816928,41.0058363],[28.8815143,41.0060978],[28.8814835,41.0061516],[28.8814002,41.006331],[28.8813647,41.0064692],[28.8811274,41.0080767],[28.8811238,41.0081129],[28.880922,41.0104476],[28.8808957,41.0109206],[28.8808632,41.0112228],[28.8807848,41.0115728],[28.8806729,41.0120623],[28.8805497,41.0124236],[28.8802289,41.0137195],[28.8801968,41.0138575],[28.8801477,41.0139747],[28.8800991,41.0140577],[28.8800227,41.0141425],[28.8798505,41.0142747],[28.8797535,41.014315],[28.8796595,41.0143476],[28.8787065,41.0146209],[28.8783421,41.0147249],[28.878176,41.0147955],[28.8778266,41.0150225],[28.877486,41.0152632],[28.8772391,41.0154363],[28.8771674,41.0155162],[28.8769387,41.0157709],[28.876874,41.0157998],[28.8768232,41.0158168],[28.8767624,41.0158318],[28.876668,41.0158298],[28.8765563,41.0158121],[28.8754988,41.015524],[28.8754264,41.0155168],[28.8753097,41.0155147],[28.8751867,41.0155339],[28.8738926,41.0160317],[28.8720549,41.0167594],[28.8718557,41.0168857],[28.8714699,41.0171401],[28.8711696,41.0173421],[28.8709639,41.0174578],[28.8701534,41.0180255],[28.8698936,41.0182707],[28.8697913,41.0183762],[28.8694377,41.0188088],[28.8685486,41.0198535],[28.8684796,41.0199212],[28.8681565,41.0201781],[28.8679289,41.0203592],[28.8676168,41.0205923],[28.8672815,41.0208451],[28.8668365,41.0212064],[28.8664998,41.0215401],[28.8660661,41.0220076],[28.8657064,41.0224237],[28.8655856,41.0225681],[28.8654525,41.0226892],[28.8645731,41.0231899],[28.8644046,41.0233173],[28.8640724,41.0235482],[28.8637005,41.0238156],[28.8634319,41.0240058],[28.8633003,41.0241598],[28.8632114,41.0243053],[28.8630784,41.0246454],[28.8628256,41.0250153],[28.8619904,41.0259134],[28.8617462,41.0262827],[28.8615858,41.0266062],[28.8615534,41.0267032],[28.8613706,41.0272246],[28.8612691,41.0275795],[28.8611646,41.0284589],[28.86114,41.0286515],[28.8610215,41.028958],[28.8608857,41.0293238],[28.860837,41.029424],[28.8606236,41.0299338],[28.8603569,41.0304652],[28.8603408,41.0305606],[28.8603378,41.0306634],[28.860346,41.0307738],[28.8604254,41.0311184],[28.8605264,41.0315566],[28.8605407,41.0316571],[28.8606194,41.0322093],[28.8606631,41.0325124],[28.8606856,41.0327223]],[[28.8607774,41.0333584],[28.8607387,41.0331166],[28.8606856,41.0327223]]]}},{"type":"Feature","properties":{"route":"subway","name":"M2 Kızılay→Koru Metro yol 2","colour":"#BF0E1C"},"geometry":{"type":"MultiLineString","coordinates":[[[32.8538421,39.9202219],[32.8538576,39.9192256],[32.8538586,39.919159]],[[32.8538586,39.919159],[32.8538749,39.9189168],[32.8538778,39.9188654],[32.8538821,39.918824],[32.8538923,39.9187668],[32.8539294,39.9186104],[32.8539963,39.9184041],[32.8542751,39.9176715],[32.8544845,39.9171436],[32.8545189,39.9170581]],[[32.8545189,39.9170581],[32.8546421,39.9167519],[32.8550851,39.9155932],[32.855123,39.915482],[32.8551491,39.9154132],[32.8551678,39.915345],[32.855189,39.9152751],[32.8552044,39.9152056],[32.8552177,39.9151369],[32.8552332,39.9150408],[32.8552372,39.9149705],[32.8552398,39.9149248],[32.8552391,39.9148766],[32.8552338,39.9148122],[32.8552235,39.9147454],[32.8552112,39.9146827],[32.8551906,39.914611],[32.8551752,39.9145633],[32.855156,39.914513],[32.8551161,39.9144239],[32.8550598,39.9143308],[32.8550114,39.9142625],[32.8549426,39.9141775],[32.8548817,39.9141152],[32.8548295,39.9140692],[32.8547808,39.9140272],[32.8547222,39.9139833],[32.8546632,39.913943],[32.8546154,39.9139095],[32.8545656,39.9138758],[32.8545002,39.9138376],[32.8544333,39.9138016],[32.8543152,39.9137441],[32.8541928,39.913693],[32.8540772,39.9136484],[32.8538973,39.9135901],[32.8537724,39.9135561],[32.8536458,39.9135242],[32.8535089,39.9134941],[32.8534014,39.9134702],[32.8533396,39.9134573],[32.8532162,39.9134337],[32.8530547,39.9134086],[32.8529196,39.9133895],[32.8527755,39.9133709],[32.8526323,39.913355],[32.8524863,39.9133423],[32.8523886,39.9133363],[32.8523064,39.9133341],[32.8521366,39.9133321],[32.851996,39.9133354],[32.8518776,39.9133448],[32.8517153,39.9133625],[32.8515861,39.9133761],[32.8514416,39.9133956],[32.8512809,39.9134181],[32.8511173,39.9134518],[32.8509458,39.9134947],[32.8507678,39.9135431],[32.8505331,39.9136117],[32.8472116,39.9146142],[32.8468642,39.9147212],[32.8465317,39.9148133],[32.8462038,39.9148973],[32.8458873,39.9149638],[32.8453258,39.9150684]],[[32.8453258,39.9150684],[32.845285,39.9150748],[32.8444259,39.9152097],[32.8436282,39.9153349],[32.8435969,39.9153398]],[[32.8435969,39.9153398],[32.8391203,39.9160431],[32.838854,39.9160787],[32.8385892,39.9161142],[32.8383051,39.9161409],[32.8378698,39.9161652],[32.8370042,39.916209],[32.8359969,39.9162225],[32.8348788,39.9162068],[32.8331737,39.9161318],[32.8302556,39.9158069],[32.8291553,39.9156305],[32.8288791,39.9155774],[32.8281153,39.9154412]],[[32.8281153,39.9154412],[32.8280729,39.9154336],[32.8272153,39.9152773],[32.8264318,39.915144],[32.8263844,39.9151361]],[[32.8263844,39.9151361],[32.8254211,39.9149739],[32.8252206,39.9149368],[32.823738,39.9146359],[32.8089109,39.9110807]],[[32.8089109,39.9110807],[32.8088432,39.9110638],[32.8080086,39.9108601],[32.807232,39.9106644],[32.8071872,39.9106533]],[[32.8071872,39.9106533],[32.8065617,39.9104985],[32.8044945,39.909954],[32.8038241,39.909809],[32.8031239,39.9096802],[32.8000982,39.9091934],[32.799608,39.9091368],[32.7989993,39.9090884],[32.7984337,39.9090636],[32.7972107,39.9090234]],[[32.7972107,39.9090234],[32.7971482,39.9090213],[32.796323,39.9089924],[32.7954489,39.9089567],[32.7954176,39.9089555]],[[32.7954176,39.9089555],[32.7949811,39.9089344],[32.7941214,39.9088624],[32.7937679,39.9088439],[32.7886315,39.9086826],[32.7884118,39.9086777],[32.787977,39.9086663],[32.7876622,39.9086621],[32.7874604,39.9086543],[32.787253,39.9086406],[32.7867264,39.9085851],[32.7862649,39.9085336],[32.7859099,39.9085053],[32.7855879,39.9084907],[32.7855014,39.9084881]],[[32.7855014,39.9084881],[32.7854555,39.9084867],[32.7845674,39.9084512],[32.7837634,39.9084241],[32.7837302,39.9084227]],[[32.7837302,39.9084227],[32.7833676,39.9084074],[32.7831953,39.9084038],[32.7829241,39.9083987],[32.7827867,39.9083973],[32.7826728,39.9083973],[32.7825353,39.9084056],[32.7823196,39.9084168],[32.7820875,39.9084204],[32.7818533,39.9084193],[32.7685835,39.9080084],[32.7682111,39.9079952],[32.7679868,39.9079885],[32.7677875,39.907975],[32.7675464,39.9079522],[32.7672645,39.9079071],[32.7667893,39.9078133],[32.7665816,39.9077702],[32.7663954,39.9077471],[32.7663396,39.9077411]],[[32.7663396,39.9077411],[32.7662538,39.9077319],[32.7653903,39.9076382],[32.7645291,39.9075413],[32.7644928,39.9075378]],[[32.7644928,39.9075378],[32.7639932,39.90749],[32.763718,39.9074758],[32.7634481,39.9074656],[32.7614031,39.9075203],[32.7601863,39.9075125],[32.7533181,39.9071994],[32.7529907,39.9071851],[32.7527686,39.907165],[32.7520096,39.9070924],[32.7518523,39.9070823],[32.7516935,39.9070757],[32.7509531,39.9070542]],[[32.7509531,39.9070542],[32.750897,39.9070526],[32.7500777,39.9070184],[32.7492318,39.906986],[32.7492018,39.9069848]],[[32.7492018,39.9069848],[32.7487292,39.906965],[32.7484978,39.9069603],[32.7482669,39.9069632],[32.7480063,39.9069719],[32.7477741,39.906993],[32.747486,39.9070006],[32.7468256,39.9069928],[32.7458369,39.9069762],[32.7455417,39.9069693],[32.7378463,39.9066731],[32.7376024,39.9066631],[32.7371586,39.9066407],[32.7367626,39.9066139],[32.7365323,39.9065921],[32.7363148,39.906564],[32.7358533,39.9065073],[32.7355141,39.9064707],[32.7352496,39.9064484],[32.7349158,39.9064267],[32.7346693,39.9064122],[32.7344861,39.9064015],[32.7342248,39.9063866]],[[32.7342248,39.9063866],[32.734151,39.9063824],[32.7332634,39.9063179],[32.7324777,39.9062563],[32.7324319,39.9062535]],[[32.7324319,39.9062535],[32.732064,39.9062309],[32.7318828,39.9062199],[32.7316731,39.9062102],[32.7314258,39.9062079],[32.7312626,39.9062128],[32.7310913,39.9062255],[32.7302594,39.9063289],[32.7300482,39.9063529],[32.7298355,39.9063628],[32.7296047,39.9063615],[32.7238554,39.9061181],[32.7088541,39.905483]],[[32.7088541,39.905483],[32.7087474,39.9054795],[32.7078627,39.9054473],[32.707069,39.9054119],[32.7070306,39.9054103]],[[32.7070306,39.9054103],[32.6983754,39.9049326],[32.6981722,39.9049221],[32.6979625,39.9049048],[32.6977941,39.9048854],[32.6976332,39.9048627],[32.697434,39.9048307],[32.6972456,39.9047988],[32.6969949,39.9047524],[32.6967791,39.9047061],[32.6964723,39.9046309],[32.6962381,39.904564],[32.6960146,39.9044931],[32.6956013,39.90435],[32.6951706,39.9041936],[32.694772,39.9040331],[32.694485,39.9039116],[32.6942141,39.9037902],[32.6939579,39.9036647],[32.6938389,39.903604],[32.6937293,39.9035413],[32.693604,39.9034652],[32.6922907,39.9025561],[32.6921635,39.90246],[32.6920302,39.9023311],[32.6919397,39.9022396],[32.6918688,39.9021525],[32.69181,39.9020793],[32.691743,39.9019905],[32.6916934,39.9019115],[32.6916527,39.9018283],[32.6916072,39.9017334],[32.6915641,39.9016384],[32.691493,39.9014596],[32.6914311,39.9012826],[32.6910128,39.8986015]],[[32.6910128,39.8986015],[32.691002,39.8985098],[32.6909435,39.8978465],[32.6908863,39.8972007],[32.6908832,39.8971204]],[[32.6908832,39.8971204],[32.69088,39.8970401],[32.6908674,39.8968052],[32.6908627,39.8967243],[32.6908528,39.8966408],[32.6908452,39.8965825],[32.6908287,39.8965242],[32.6908182,39.8964968],[32.6903686,39.8953203],[32.6903099,39.8952013],[32.6902384,39.8950831],[32.6897029,39.8942622],[32.6896299,39.8941295],[32.6895757,39.8939825],[32.6895457,39.8938614],[32.6895327,39.8937379],[32.6895315,39.8935466],[32.6895629,39.8913862],[32.6895643,39.8911725],[32.6895561,39.8909845],[32.6895331,39.8907605],[32.6895015,39.8905996],[32.689474,39.8905049],[32.6894396,39.8904069],[32.689413,39.8903495],[32.6893824,39.8902941],[32.6893175,39.8901931],[32.6892214,39.8900414],[32.6885041,39.8890672],[32.6883904,39.8889265],[32.6883298,39.8888504],[32.6882557,39.8887764],[32.6881763,39.8887055],[32.6880969,39.8886346],[32.6879357,39.8884957],[32.6876132,39.8882129],[32.6872201,39.887869],[32.6867923,39.8874554]],[[32.6867923,39.8874554],[32.6867319,39.8873971],[32.6862441,39.8868958],[32.6857084,39.8863634],[32.6856581,39.8863128]],[[32.6856581,39.8863128],[32.6855249,39.8861776],[32.6852868,39.8859288],[32.6851566,39.8857683],[32.6850662,39.8856374],[32.6848163,39.8852421],[32.684715,39.8850602],[32.6845974,39.8848306],[32.6845498,39.8846913]]]}},{"type":"Feature","properties":{"route":"subway","name":"M1B: Yenikapı - Kirazlı","colour":"#E32726"},"geometry":{"type":"MultiLineString","coordinates":[[[28.9504153,41.0064954],[28.9504855,41.0057193],[28.9505304,41.0051618]],[[28.9504153,41.0064954],[28.9504316,41.0068002],[28.9504496,41.0071366]],[[28.9504496,41.0071366],[28.9502764,41.0090513],[28.950043,41.0100883],[28.9498367,41.0105517],[28.9496612,41.01088],[28.949422,41.0111905],[28.9490881,41.0115198],[28.9482444,41.0120685],[28.9473945,41.0126157],[28.9458693,41.0133892],[28.9456896,41.0134803],[28.9404218,41.0168529],[28.9396317,41.0174301],[28.9316562,41.0231549],[28.9312478,41.0234403],[28.9306248,41.0238758],[28.9294778,41.0246774],[28.9289903,41.0250656],[28.9285918,41.0253892],[28.9283058,41.0256606],[28.9280032,41.0260062]],[[28.9280032,41.0260062],[28.9277725,41.0262943],[28.9275864,41.0265683],[28.9274308,41.0268087],[28.9262845,41.0289486]],[[28.9262845,41.0289486],[28.9259744,41.0294298],[28.9255227,41.0299098],[28.9251419,41.0302456],[28.9246129,41.0305791],[28.9241419,41.0308308],[28.9235061,41.0311136]],[[28.9235061,41.0311136],[28.9224135,41.0315996],[28.92212,41.0317579],[28.9217877,41.0319642],[28.9215171,41.0321654],[28.921313,41.0323547],[28.9211239,41.0325603],[28.9209542,41.0327793],[28.9208007,41.0330133],[28.920686,41.0332554]],[[28.920686,41.0332554],[28.9206136,41.0334241]],[[28.9206136,41.0334241],[28.9205392,41.0335777],[28.9203244,41.0341161],[28.9200267,41.0348627],[28.9196301,41.0356722],[28.9194201,41.0361318],[28.9192361,41.0364125],[28.919017,41.0366743],[28.9188198,41.0368941],[28.918579,41.0371251],[28.9183334,41.0373129]],[[28.9183334,41.0373129],[28.9178306,41.0376787]],[[28.9178306,41.0376787],[28.9175837,41.0378284]],[[28.9175837,41.0378284],[28.9173331,41.0379803]],[[28.9173331,41.0379803],[28.9162182,41.0386561],[28.9155948,41.0390196],[28.9151278,41.0392841],[28.9147979,41.0394297],[28.9144645,41.0395707],[28.914063,41.0397231],[28.9136445,41.0398546],[28.9131556,41.0399866],[28.9125985,41.040119],[28.9121493,41.0402188],[28.9116346,41.040326],[28.9111803,41.0404088],[28.9107291,41.0404746],[28.9103493,41.0405273],[28.9093279,41.0406514]],[[28.9093279,41.0406514],[28.9090675,41.0406825]],[[28.9090675,41.0406825],[28.9081139,41.0407973],[28.9072258,41.040912],[28.9065125,41.0409723],[28.905235,41.0410694],[28.904812,41.0411109],[28.9044931,41.0411502],[28.9041308,41.0412141],[28.9034246,41.0413568]],[[28.9034246,41.0413568],[28.9026467,41.0415092],[28.9021483,41.0416422],[28.9016516,41.0418025],[28.9014407,41.0419117],[28.9012157,41.0420556],[28.9009282,41.0423085],[28.9006798,41.0425902]],[[28.9006798,41.0425902],[28.9004607,41.0428641],[28.9003164,41.0431036],[28.9002067,41.0433827],[28.900135,41.0436515],[28.9001099,41.0438757],[28.9001179,41.0441434],[28.9001716,41.044417],[28.9002574,41.0446957],[28.9005017,41.0455068],[28.9005661,41.0458891],[28.9005473,41.0461602],[28.9004856,41.0464292],[28.9004025,41.0466902],[28.9003059,41.0469086],[28.9001487,41.0471652],[28.8999646,41.0474055],[28.8996756,41.0476955],[28.899343,41.0479484],[28.8989887,41.0481576]],[[28.8989887,41.0481576],[28.8986615,41.0483133],[28.8983235,41.0484408],[28.898015,41.0485338]],[[28.898015,41.0485338],[28.8975808,41.048628],[28.8971919,41.0486624],[28.8967735,41.0486624],[28.8962672,41.0486239],[28.8958567,41.0485751],[28.8954577,41.0485107],[28.8948301,41.0483384],[28.8944021,41.0481944],[28.8941966,41.0480949],[28.8939647,41.0479736],[28.8937318,41.0478189],[28.8935709,41.0477107],[28.8934399,41.0476017]],[[28.8934399,41.0476017],[28.8932046,41.0474141]],[[28.8932046,41.0474141],[28.8930071,41.0472134],[28.8929245,41.0471143],[28.8928587,41.0470259],[28.892779,41.0469154],[28.8926598,41.0467078],[28.8925837,41.0465412],[28.8925081,41.0463237],[28.8924759,41.0461635],[28.8924628,41.046063],[28.8924447,41.0458881],[28.892446,41.0455815]],[[28.892446,41.0455815],[28.8924708,41.0452943]],[[28.8924708,41.0452943],[28.8925086,41.0450111],[28.8926071,41.0446093],[28.8927461,41.0442266],[28.8929245,41.0438884],[28.8932128,41.0434573],[28.8936369,41.0430073],[28.8937924,41.0428206]],[[28.8937924,41.0428206],[28.8940376,41.0425174]],[[28.8940376,41.0425174],[28.8942629,41.0421689],[28.8944498,41.041839],[28.8945563,41.0416343],[28.8946196,41.0413757],[28.8946242,41.0411502],[28.894606,41.0409192]],[[28.894606,41.0409192],[28.8944724,41.0401225],[28.8943566,41.0394317]],[[28.8943566,41.0394317],[28.8943152,41.0392244],[28.8942716,41.0390956],[28.8941815,41.0389128],[28.8939785,41.038628],[28.8937255,41.0383334],[28.8935643,41.0381456],[28.8934294,41.0379701],[28.8932651,41.0377789],[28.8930535,41.037556],[28.8928534,41.037389],[28.8925798,41.0372145],[28.8922832,41.0370604],[28.8919407,41.0369404]],[[28.8919407,41.0369404],[28.8916365,41.0368597],[28.8914452,41.036824],[28.8912776,41.0367997],[28.8910494,41.0367848],[28.8907049,41.0367763],[28.8904247,41.0367977],[28.8901929,41.0368349]],[[28.8901929,41.0368349],[28.8898676,41.0369135],[28.8894465,41.0370572],[28.8890736,41.0372312],[28.8887973,41.037391],[28.8885667,41.0375458],[28.8882212,41.0378457],[28.888059,41.0380095],[28.887843,41.0382604],[28.8874216,41.0388879],[28.8871305,41.0393212],[28.8865623,41.0401672],[28.8858066,41.0412923]],[[28.8858066,41.0412923],[28.8856302,41.0415003],[28.8853489,41.0418628],[28.8850307,41.0422539],[28.8847229,41.0425879],[28.8842533,41.0430092],[28.8838826,41.0432749],[28.8833142,41.0435126],[28.8828075,41.04364],[28.8821503,41.0437483],[28.8815294,41.0437947],[28.8810204,41.0437747],[28.8805723,41.0437107],[28.880066,41.0435941],[28.8797359,41.0434547],[28.8790838,41.0431381],[28.8784472,41.0428043],[28.8772482,41.0421756],[28.8766721,41.04186],[28.8763805,41.0416655],[28.8760912,41.0414305],[28.8755932,41.0409568],[28.8743054,41.0397144],[28.8740496,41.0394684],[28.8710744,41.0370906],[28.8706206,41.036756],[28.870142,41.0364053],[28.8684677,41.0351747],[28.8679556,41.0348362],[28.8675975,41.0346427],[28.8670814,41.0344395],[28.8665121,41.0343009],[28.8652812,41.0341025],[28.8642305,41.0340431],[28.8635669,41.0340667],[28.8574028,41.0346634],[28.8568019,41.0347283],[28.8566453,41.034741],[28.8559056,41.0348167],[28.8547511,41.0349471],[28.8536777,41.0351022],[28.8526927,41.0352993],[28.8515615,41.0355818],[28.8483098,41.0368641],[28.8479041,41.0370029],[28.8475092,41.0370732],[28.8472266,41.0370873],[28.8467241,41.0370686],[28.8462197,41.0369949],[28.845478,41.0368333],[28.8449511,41.0366347],[28.8444721,41.0363894],[28.8438963,41.0359149],[28.8434714,41.035391],[28.8430924,41.0346778],[28.8425097,41.0331089]],[[28.8425097,41.0331089],[28.8423362,41.0324873],[28.8421605,41.0318577],[28.8419456,41.0310877]]]}},{"type":"Feature","properties":{"route":"subway","name":"M3: Bakırköy Sahil → Kayaşehir Merkez","colour":"#00A8E1"},"geometry":{"type":"MultiLineString","coordinates":[[[28.8679821,40.9735585],[28.8705062,40.97322],[28.8709684,40.9732152],[28.8713074,40.9732453],[28.8716582,40.9732823],[28.8720459,40.9733379],[28.8726796,40.9734631],[28.8736265,40.9736339],[28.8741379,40.9737405],[28.8748511,40.9738896],[28.8756036,40.9741096],[28.8760604,40.9743087],[28.8764002,40.9745173],[28.8767168,40.9747222],[28.8769649,40.9749139],[28.8773084,40.9753217],[28.8775013,40.9755945],[28.8777458,40.9759942],[28.8778701,40.9762949],[28.8779042,40.976649],[28.8778574,40.9768989],[28.8777876,40.977143],[28.8776658,40.9774412],[28.8773972,40.9778632],[28.877198,40.9781329],[28.8767624,40.9786896],[28.8753587,40.9802925],[28.8751519,40.9805748],[28.8747868,40.9810821],[28.8743051,40.9817899],[28.8724692,40.9845423],[28.8722994,40.9849403],[28.8722957,40.9849521],[28.8721193,40.9854544],[28.8720627,40.98599],[28.8720258,40.9866779],[28.8720517,40.987094],[28.8721044,40.9876597],[28.8721762,40.9880148],[28.8723181,40.9884287],[28.8725117,40.9889173],[28.8727957,40.989474],[28.873357,40.9902997],[28.8738182,40.9908495],[28.8757876,40.9927345],[28.8760177,40.9930301],[28.8761704,40.9933257],[28.8762722,40.9936666],[28.8763481,40.9940659],[28.8763791,40.9945096],[28.8763861,40.9948918],[28.8763652,40.9952054],[28.8763221,40.9955135],[28.8762701,40.9957574],[28.8762146,40.9959596],[28.8760961,40.996257],[28.8753178,40.9976509],[28.874421,40.999257],[28.8741715,40.9996417],[28.8739679,40.9999199],[28.8738248,41.0001533],[28.8736728,41.0006288],[28.87352,41.0017489],[28.873498,41.0025506],[28.8734693,41.0028261],[28.8733967,41.0030997],[28.8732279,41.0033203],[28.8718966,41.0047045],[28.8712139,41.0053718],[28.8667812,41.0107723],[28.8663907,41.0111408],[28.8657307,41.0117328],[28.8642598,41.013052],[28.8635493,41.0137197],[28.8630358,41.0142879],[28.8625993,41.0148415],[28.8623619,41.01515],[28.862146,41.015479],[28.8618441,41.0161031],[28.861502,41.01708],[28.8613669,41.0173656],[28.8611699,41.0176786],[28.8609812,41.0178822],[28.8606297,41.0181723],[28.8601077,41.0185075],[28.8578319,41.019572],[28.8570102,41.0199334],[28.8562916,41.0201899],[28.8553686,41.0204538],[28.8524155,41.0211877],[28.8518967,41.0213903],[28.8514423,41.0216122],[28.8508568,41.0219595],[28.8504759,41.0222677],[28.8501001,41.0226438],[28.8497425,41.0230691],[28.8495009,41.023407],[28.8490642,41.0241523]],[[28.8490642,41.0241523],[28.8488887,41.0244519],[28.8484544,41.0252675],[28.8480788,41.0259558],[28.8476158,41.0268045],[28.8474433,41.0270905],[28.8471772,41.0274651],[28.8468106,41.0277543],[28.8454352,41.0285917],[28.8451333,41.0288272],[28.8449436,41.0289955],[28.8447594,41.0292137],[28.8436028,41.0311341],[28.8430803,41.0320516],[28.8425644,41.0329134],[28.8422333,41.0335041]],[[28.8422333,41.0335041],[28.8417314,41.0343496],[28.8413082,41.0350298],[28.8409083,41.0354654],[28.8404057,41.0358455],[28.8396454,41.036376],[28.8376656,41.0373726],[28.8370598,41.0378663],[28.8367081,41.0383784],[28.8365044,41.0389369],[28.8363016,41.0396418],[28.8361223,41.0404308],[28.8359377,41.0412118],[28.8354371,41.0428155],[28.8341378,41.0460032],[28.8308918,41.05169],[28.830567,41.0522733],[28.830418,41.0525946],[28.8303385,41.0528851],[28.8303074,41.0531703],[28.8303248,41.0534549],[28.8303821,41.0537603],[28.8306126,41.0548896],[28.8308902,41.0561839],[28.8309981,41.0566503],[28.8310565,41.0571593],[28.8310234,41.0577422],[28.8308817,41.058467],[28.8306106,41.0592755],[28.8300313,41.0603627],[28.8281581,41.0630855],[28.8267635,41.0644762],[28.8260847,41.065077],[28.825393,41.0656782],[28.8243067,41.0665514],[28.8221377,41.0678522],[28.8208436,41.068354],[28.8192846,41.0687303],[28.8178673,41.06893],[28.807297,41.0693441],[28.806375,41.0695107],[28.8057527,41.0697384],[28.8052535,41.0700822],[28.8038216,41.0713956],[28.8030407,41.0720944],[28.8024695,41.072607],[28.8019985,41.0730295],[28.8005921,41.0742694],[28.79951,41.0752461],[28.7978837,41.0775194],[28.7975447,41.0780536],[28.7973907,41.078532],[28.7973106,41.0792427],[28.7973216,41.0799033],[28.7973936,41.0803206],[28.7976309,41.0811589],[28.7978309,41.08185],[28.7979375,41.0822247],[28.7981117,41.0833488],[28.7980993,41.0844728],[28.7977727,41.0859683],[28.797051,41.0875292],[28.7966542,41.0882794],[28.7962773,41.0889848],[28.7958758,41.0896897],[28.7954672,41.0902964],[28.7947577,41.0909125],[28.7919187,41.0932273],[28.7913518,41.09378],[28.7909759,41.0944487],[28.7908527,41.0951221],[28.7908502,41.0958222],[28.7911481,41.0968954],[28.7914561,41.0977803],[28.791695,41.0984528],[28.792082,41.0990738],[28.7926013,41.099731],[28.7931978,41.1001705],[28.7937489,41.1005134],[28.8008661,41.1034387],[28.8011129,41.1035923],[28.8012911,41.10376],[28.8013749,41.1038922],[28.80145,41.1041081],[28.8015075,41.1043434],[28.8015809,41.1061405],[28.8016038,41.1074087],[28.8016211,41.1082043],[28.8016417,41.1090877],[28.8016431,41.1101876],[28.8014313,41.1129256],[28.8013679,41.1131674],[28.8012534,41.1134533],[28.8010913,41.1137843],[28.8008664,41.1140939],[28.8005968,41.1143418],[28.800237,41.1145742],[28.7999243,41.1147301],[28.7994409,41.1149181],[28.7989955,41.1150387],[28.7986305,41.1151148],[28.7980741,41.1152044],[28.7977709,41.1152295],[28.7974301,41.1152343],[28.7968982,41.1152074],[28.7964652,41.1151748],[28.7960202,41.1151098],[28.7954465,41.1150044],[28.7946102,41.114819],[28.7937555,41.114576],[28.7904668,41.1135424],[28.7861808,41.1121548],[28.7858589,41.1120238],[28.7855936,41.1118928],[28.785112,41.1115953],[28.7847216,41.1112864],[28.7843633,41.1108768],[28.7840763,41.1104866],[28.7838701,41.1101719],[28.7836488,41.1097712],[28.7835019,41.1092582],[28.7834436,41.1087629],[28.7834688,41.1062242],[28.7834602,41.1058901],[28.7834198,41.1055108],[28.7833137,41.1052455],[28.783256,41.1051113],[28.7831208,41.1049178]],[[28.7831208,41.1049178],[28.7827493,41.1045325],[28.7824596,41.1043181],[28.782009,41.1040445],[28.7816469,41.1038687],[28.7809613,41.1036983],[28.78045,41.1036039],[28.7793626,41.1034826]],[[28.7793626,41.1034826],[28.7792879,41.1034744],[28.7788423,41.1034256],[28.7775639,41.1032857],[28.7761734,41.1031334],[28.7742893,41.1029996],[28.773251,41.1028724],[28.7728003,41.1028491],[28.7722898,41.102861],[28.7719643,41.1028926],[28.771671,41.1029241],[28.771326,41.1030049],[28.7710453,41.1030857],[28.7707898,41.1031789],[28.7705128,41.1032964],[28.7700271,41.1035879],[28.7696405,41.1038901],[28.7693143,41.1041943],[28.7690717,41.1044446],[28.768906,41.1046716],[28.7687176,41.1050542],[28.7682602,41.1068788],[28.768059,41.1077392],[28.7678264,41.1086952],[28.7667731,41.1132984],[28.7666713,41.1138251],[28.7665713,41.1143438],[28.7664871,41.1151178],[28.766388,41.116006],[28.7663511,41.1173738],[28.7663647,41.1179633],[28.7663849,41.1190274]]]}},{"type":"Feature","properties":{"route":"subway","name":"M9: Ataköy → Olimpiyat","colour":null},"geometry":{"type":"MultiLineString","coordinates":[[[28.8568673,40.9799735],[28.8568618,40.9798382],[28.8556881,40.9798656],[28.8556937,40.9800011],[28.8568673,40.9799735]],[[28.8227699,40.999308],[28.8225921,40.9992907],[28.8224411,41.0001695],[28.8226192,41.0001869],[28.8227699,40.999308]],[[28.7989547,41.0517451],[28.7989046,41.0517438],[28.7988998,41.0518492],[28.7988965,41.0519214],[28.7986462,41.0519148],[28.7986495,41.0518438],[28.7986546,41.0517314],[28.7985917,41.0517297],[28.7985507,41.0526181],[28.7986095,41.0526197],[28.7986163,41.0524731],[28.7986194,41.0524066],[28.7988705,41.0524133],[28.7988675,41.0524785],[28.7988607,41.0526252],[28.7989138,41.0526266],[28.7989547,41.0517451]],[[28.8562935,40.9800081],[28.8554289,40.9800276],[28.8537524,40.9800081],[28.8527796,40.9800022],[28.8526119,40.9800012],[28.8517755,40.9800142],[28.8497077,40.9801045],[28.8479626,40.9802222],[28.8473242,40.9803045],[28.8466502,40.9804137],[28.8460671,40.9805594],[28.8454126,40.980732],[28.844741,40.9809446],[28.8441271,40.9812195],[28.8436471,40.9814674],[28.8432336,40.9817308],[28.8427131,40.9821289],[28.8422341,40.9825604],[28.8418265,40.9830391],[28.8399919,40.9854008],[28.8395013,40.9860366],[28.8390732,40.9866119],[28.8388353,40.9870291],[28.8386153,40.9875809],[28.8384714,40.9880535],[28.8382928,40.9886542],[28.8381194,40.9894637],[28.8379749,40.990255],[28.8379171,40.9905875],[28.8377722,40.9908799],[28.8374807,40.9913422],[28.8373396,40.9915219],[28.8371648,40.9917186],[28.8368266,40.9919894],[28.8364884,40.9922177],[28.8361374,40.9924238],[28.8357977,40.992596],[28.83527,40.9927429],[28.8345484,40.992903],[28.834051,40.9929495],[28.8335143,40.9929707],[28.8325428,40.9930003],[28.831986,40.9929915],[28.8314741,40.9929658],[28.8298561,40.9928696],[28.8285308,40.9927794],[28.8268608,40.9927171],[28.8255242,40.9926916],[28.8250845,40.9927223],[28.824656,40.9928124],[28.8244695,40.9928625],[28.8242493,40.992955],[28.8238107,40.9932046],[28.8235625,40.9934263],[28.8233307,40.99374],[28.8231909,40.9939943],[28.8231401,40.9942503],[28.8231152,40.9944967],[28.8231299,40.9964313],[28.8231125,40.9971609],[28.8230775,40.9978312],[28.8230509,40.9980388],[28.8230018,40.9982463],[28.822817,40.9992598],[28.822726,40.9997592],[28.8226348,41.0002594],[28.8226199,41.0003056],[28.8224117,41.0010592],[28.8222817,41.0014268],[28.82213,41.0018316],[28.8219353,41.0022352],[28.8217099,41.0026284],[28.8214926,41.0029172],[28.8212621,41.0031507],[28.8210008,41.003388],[28.8205164,41.0038173],[28.8200107,41.0043214],[28.8196027,41.004815],[28.8193346,41.0051964],[28.8191398,41.0055317],[28.8188131,41.006234],[28.8185059,41.0068944],[28.818397,41.0072127],[28.8182667,41.0075904],[28.8182053,41.0078517],[28.8181608,41.0081723],[28.8181393,41.0097232],[28.8181331,41.0115151],[28.8181268,41.0133462],[28.8181435,41.0144051],[28.8181549,41.0149429],[28.8181669,41.0155052],[28.8181656,41.016076],[28.8180959,41.0168972],[28.817981,41.0177136],[28.8168785,41.0243963],[28.8167806,41.025079],[28.8166648,41.0258871],[28.8163931,41.0275502],[28.815326,41.0314762],[28.8150454,41.032695],[28.8149194,41.0332421],[28.8145375,41.0351567],[28.8143131,41.0362323],[28.8142039,41.0369227],[28.8140937,41.0376199],[28.8137059,41.0396392],[28.8135897,41.0401375],[28.8134985,41.0405519],[28.8134067,41.0407937],[28.8132389,41.0410615],[28.8130602,41.0412603],[28.812743,41.0415584],[28.8119169,41.0421054],[28.8111555,41.0425818],[28.8102824,41.0430922],[28.8077346,41.044564],[28.8067512,41.0450938],[28.805853,41.0455589],[28.8048733,41.046074],[28.8033702,41.0467651],[28.8026252,41.0471457],[28.8020932,41.0474436],[28.8017466,41.0476722],[28.8014249,41.0479106],[28.801187,41.0481246],[28.8007454,41.048629],[28.7998413,41.0497328],[28.7994776,41.0502013],[28.7992959,41.0504844],[28.7991658,41.0507529],[28.7990556,41.0510818],[28.7989883,41.0514884],[28.7989581,41.0521866],[28.7989344,41.0527334],[28.7989402,41.0531404],[28.7989816,41.0534341],[28.7990682,41.0537521],[28.7992847,41.0543808],[28.7994919,41.0550133],[28.7995776,41.0554652],[28.7996182,41.0559172],[28.7996011,41.0563878],[28.7995303,41.0580592],[28.7994906,41.0585053],[28.7994585,41.0592466],[28.7994592,41.0598095],[28.7996443,41.0605908],[28.7998682,41.0611044],[28.800025,41.0613857],[28.8002031,41.061651],[28.8007557,41.062126],[28.8014461,41.0626041],[28.8025262,41.063125],[28.8033734,41.06356],[28.8042749,41.0639891],[28.8046641,41.0641814],[28.8048757,41.064286],[28.8054039,41.0645366],[28.8059627,41.0649357],[28.8064189,41.0652923],[28.8068101,41.0657103],[28.8070492,41.0660602],[28.8071144,41.0662179],[28.8071501,41.0664156],[28.8071284,41.0669457],[28.8070379,41.0672466],[28.8069062,41.0675209],[28.8065628,41.0681603],[28.8062467,41.0686443],[28.8060287,41.0689301],[28.8058518,41.0691082],[28.8043511,41.0704897],[28.8036277,41.0711522],[28.8027429,41.0719229],[28.8016025,41.0729629],[28.8011531,41.0733654],[28.8000287,41.0743774],[28.799747,41.0746046],[28.7994063,41.0747692],[28.7989422,41.0748573],[28.7984196,41.0749101],[28.7978545,41.0749058],[28.7950102,41.074648],[28.793547,41.074497],[28.7921658,41.0744078],[28.79034,41.0744088],[28.7885792,41.0745078],[28.7874578,41.0745924],[28.786412,41.0746891],[28.7853717,41.0747799],[28.780952,41.0752615],[28.7801,41.075398],[28.7788536,41.075707],[28.7784656,41.0758682]],[[28.7784656,41.0758682],[28.7728325,41.078665]],[[28.7728325,41.078665],[28.7726475,41.0787625],[28.7720564,41.0790397],[28.771692,41.0791641],[28.7713764,41.0792342],[28.7706249,41.0793654],[28.7699172,41.079482]],[[28.7688361,41.0794713],[28.7694818,41.0794489],[28.7699172,41.079482]],[[28.7670768,41.0796429],[28.7686629,41.0794849],[28.7688361,41.0794713]],[[28.7658401,41.0797661],[28.7670768,41.0796429]]]}},{"type":"Feature","properties":{"route":"tram","name":"Tünel - Taksim Nostaljik Tramvay","colour":null},"geometry":{"type":"MultiLineString","coordinates":[[[28.9772946,41.0335453],[28.9772536,41.0335287],[28.9771016,41.0334473],[28.9769474,41.0333609],[28.9768865,41.0333109],[28.9767589,41.0331824],[28.9765607,41.0327984],[28.9762884,41.0322154],[28.9760684,41.031636],[28.9759208,41.0312495],[28.9754502,41.0299472],[28.9753014,41.029555],[28.9752191,41.0293683],[28.9751151,41.0291865],[28.9747964,41.0288238],[28.9745621,41.0285756],[28.9745202,41.0285328],[28.9744914,41.0285129],[28.9744835,41.0285097],[28.9744676,41.0285033],[28.9744232,41.0284895],[28.9743821,41.0284837],[28.9743376,41.0284812],[28.9742907,41.0284814]],[[28.9772946,41.0335453],[28.9774198,41.0335819],[28.9775964,41.0336499],[28.9778214,41.0337342],[28.9779176,41.0337858]],[[28.9848948,41.0365895],[28.9848257,41.0365311],[28.9847653,41.0364811],[28.9847116,41.036441],[28.9845692,41.036331],[28.984553,41.0363185],[28.9845096,41.0362901],[28.9844576,41.0362626],[28.9843967,41.0362322],[28.9832445,41.0359119],[28.9825128,41.0356211],[28.9819507,41.0353976],[28.981403,41.0351788],[28.9809406,41.0349901],[28.9806501,41.0348722],[28.9805824,41.0348449],[28.9800034,41.0346138],[28.9787729,41.0341086],[28.9786168,41.0340484],[28.9782403,41.0339073],[28.977934,41.033792],[28.9779176,41.0337858]],[[28.9848257,41.0365311],[28.9848671,41.036585],[28.9848929,41.036633],[28.9849043,41.0366919],[28.9849004,41.0367205],[28.9848752,41.0367668],[28.9848414,41.0368131],[28.9847955,41.0368764],[28.9847652,41.036941],[28.9847606,41.0370091],[28.9847711,41.0370584],[28.9847835,41.0370805],[28.9848294,41.0371365],[28.9848955,41.037192],[28.9849735,41.037231],[28.985073,41.0372504],[28.9851623,41.037252],[28.9852239,41.0372387],[28.9852604,41.0372277],[28.9853393,41.0371915],[28.9854012,41.03714],[28.9854454,41.0370807],[28.9854714,41.0370162],[28.9854747,41.0369489],[28.9854608,41.036902],[28.9854552,41.0368832],[28.9854141,41.0368234],[28.9853494,41.0367821],[28.9852765,41.0367474],[28.9851605,41.0367181],[28.9850524,41.0366867],[28.985023,41.0366757],[28.984946,41.036635],[28.9848948,41.0365895]]]}},{"type":"Feature","properties":{"route":"tram","name":"OGÜ - Çankaya","colour":"orange"},"geometry":{"type":"MultiLineString","coordinates":[[[30.4950549,39.7530084],[30.4954706,39.7531806]],[[30.4980428,39.7542699],[30.4984291,39.7540812]],[[30.4953,39.7531369],[30.4958196,39.7533592],[30.4959466,39.7534184],[30.4960588,39.7535089],[30.4960963,39.75357],[30.4961132,39.7536869],[30.4961339,39.7538514],[30.4961583,39.7540533],[30.4961926,39.7541747],[30.4962241,39.7542257],[30.4962343,39.7542422],[30.4963037,39.7542902],[30.4963733,39.7543296],[30.4964497,39.7543643],[30.4965612,39.7544105],[30.4966585,39.7544407],[30.4967872,39.7544725],[30.4969996,39.7545066],[30.4971509,39.7545164],[30.4972775,39.7545149],[30.4974141,39.7545021],[30.4975023,39.7544885],[30.497619,39.7544643],[30.4977051,39.754442],[30.497835,39.7543931],[30.497965,39.7543313],[30.4982263,39.7542074],[30.498539,39.7540591],[30.4988964,39.7538824],[30.5002695,39.7532055]],[[30.5343033,39.752545],[30.5346701,39.7526383],[30.5347573,39.7526373],[30.5348281,39.752622],[30.5348941,39.7525919],[30.534933,39.7525579],[30.5353696,39.7519131],[30.5358601,39.7512652],[30.5373215,39.7493832],[30.5373483,39.7493244],[30.5373562,39.7492807],[30.5373483,39.7492162],[30.5373211,39.7491563],[30.5372688,39.7491089],[30.5372031,39.7490707],[30.5367999,39.7488802],[30.536432,39.748716],[30.5362952,39.7486666],[30.5361503,39.7486253],[30.5359921,39.7485975],[30.5357923,39.748582],[30.5356085,39.7485872],[30.5354516,39.7486016],[30.5352706,39.7486428],[30.535107,39.7486975],[30.5345839,39.7489625],[30.5322601,39.7501214],[30.5321086,39.750172],[30.5319758,39.7502019],[30.5318068,39.7502297],[30.5316499,39.750241],[30.5314769,39.7502359],[30.5312932,39.7502111],[30.5296674,39.7499453],[30.5289838,39.7498518],[30.5289392,39.7498457],[30.5287356,39.7498171],[30.5283918,39.7497648],[30.5280343,39.7497087],[30.5279167,39.7496839],[30.5277944,39.7496482],[30.5276822,39.7496057],[30.5275009,39.7494938],[30.5273775,39.7494082],[30.5272421,39.7492783],[30.5271616,39.7491844],[30.5271066,39.7490958],[30.5270302,39.7489225],[30.526534,39.7473717],[30.5264696,39.7471933],[30.5264267,39.747117],[30.5263543,39.747018],[30.5262818,39.7469376],[30.5261853,39.7468592],[30.5260847,39.7467901],[30.5249796,39.7462137],[30.5248267,39.7461446],[30.5247168,39.7461013],[30.5246205,39.7460682],[30.5244593,39.746023],[30.5243037,39.7459848],[30.5240502,39.7459436],[30.5235035,39.745889],[30.5223524,39.7458048],[30.52182,39.7457724],[30.5216617,39.7457693],[30.5214458,39.7457796],[30.5212406,39.7458002],[30.5210609,39.7458332],[30.5208115,39.7458972],[30.5206546,39.7459508],[30.5204943,39.7460198],[30.5202757,39.7461209],[30.5182823,39.7471159],[30.5181849,39.7471611],[30.518099,39.7471897],[30.5179755,39.7472101],[30.5178476,39.7472227],[30.5177309,39.7472273],[30.5176593,39.7472259],[30.517409,39.7472211],[30.5153152,39.7471689],[30.5152084,39.7471701],[30.5151056,39.7471831],[30.51502,39.7472076],[30.5149227,39.7472395],[30.5148366,39.7472824],[30.5147671,39.7473288],[30.514704,39.7473753],[30.5146427,39.7474334],[30.5146032,39.7474813],[30.5145731,39.7475321],[30.5145415,39.7475891],[30.514521,39.7476423],[30.5145058,39.7476941],[30.5144986,39.7477612],[30.5144405,39.7488106],[30.5144177,39.7489787],[30.5144043,39.7490598],[30.5141215,39.7502267],[30.5141026,39.7503057],[30.514057,39.7504593],[30.5139175,39.750847],[30.5138759,39.7510079],[30.5138598,39.7511151],[30.5138531,39.7512285],[30.5138558,39.7513481],[30.5138799,39.7514925],[30.5139202,39.7516234],[30.514181,39.7522564],[30.5143666,39.7526958],[30.5144775,39.7529614],[30.5148235,39.7537868],[30.515042,39.7543892],[30.515215,39.7549841],[30.5152552,39.755175],[30.5153013,39.755447],[30.5153448,39.7556301],[30.5153581,39.7557482],[30.5154877,39.7568205],[30.5154931,39.7569406],[30.5154765,39.7570594],[30.5154263,39.7572156],[30.5152763,39.7574613],[30.5150578,39.7576648],[30.514738,39.7579281],[30.514654,39.7579874],[30.5145462,39.758037],[30.5143701,39.7580111],[30.514295,39.7579761],[30.5142068,39.7579316],[30.5139839,39.7578101],[30.5133026,39.7574328],[30.5126186,39.7570266],[30.5116825,39.7564575],[30.5113902,39.7562368],[30.5109315,39.7558863],[30.5100571,39.7551749],[30.5095851,39.7547594],[30.509541,39.7547198],[30.5094126,39.7546045],[30.5088783,39.7541243],[30.5087375,39.7539738],[30.5085806,39.7538098],[30.5080818,39.7532542],[30.5077699,39.752903],[30.5076814,39.7528061],[30.5076309,39.7527556],[30.5074858,39.752633],[30.5073528,39.752538],[30.507216,39.7524566],[30.5070363,39.7523628],[30.5065964,39.7521236],[30.5055664,39.7515657],[30.5054095,39.7514853],[30.5053237,39.7514503],[30.5052419,39.7514358],[30.5051547,39.7514327],[30.5051311,39.7514349],[30.5050635,39.751441],[30.5049996,39.7514546],[30.5049616,39.7514626],[30.5048677,39.7515049],[30.5048007,39.7515554],[30.5046049,39.7517699],[30.5044091,39.7519854],[30.5043326,39.7520586],[30.5042307,39.7521266],[30.5040872,39.7521844],[30.5032369,39.7524545],[30.5027347,39.7526068],[30.5025014,39.752679],[30.5022922,39.7527347],[30.5020655,39.7527904],[30.5018563,39.7528285],[30.5016243,39.7528646],[30.5010034,39.7529435],[30.5008652,39.7529672],[30.5007617,39.7529959],[30.5007022,39.7530156],[30.5004669,39.7531136],[30.5002695,39.7532055]]]}},{"type":"Feature","properties":{"route":"tram","name":"Çankaya - OGÜ","colour":"orange"},"geometry":{"type":"MultiLineString","coordinates":[[[30.4980925,39.7543385],[30.4984787,39.7541498]],[[30.4950549,39.7530084],[30.4954706,39.7531806]],[[30.5003088,39.7532252],[30.5004365,39.7531684],[30.5007042,39.7530549],[30.500779,39.7530304],[30.5008397,39.7530145],[30.5008827,39.7530033],[30.5010101,39.7529785],[30.5016431,39.7528966],[30.5019971,39.7528368],[30.5023257,39.7527615],[30.502555,39.7526986],[30.5032832,39.7524669],[30.5035675,39.7523751],[30.5040932,39.7522169],[30.5042072,39.752172],[30.5042817,39.7521303],[30.5043755,39.7520617],[30.504456,39.7519844],[30.5045824,39.751846],[30.5047215,39.7516936],[30.5048389,39.7515688],[30.5049019,39.7515209],[30.5049639,39.7514939],[30.5049931,39.7514812],[30.5050702,39.7514642],[30.5051594,39.7514575],[30.5051844,39.7514609],[30.5052714,39.751473],[30.50538,39.751507],[30.5055477,39.7515926],[30.5060331,39.7518514],[30.5066863,39.7522122],[30.5070738,39.7524164],[30.5072147,39.7524937],[30.5073206,39.7525628],[30.5074545,39.7526513],[30.507608,39.7527793],[30.5077672,39.7529494],[30.5082312,39.7534815],[30.5086215,39.7539032],[30.5089118,39.7542027],[30.509378,39.7546128],[30.5095153,39.7547336],[30.5102422,39.7553687],[30.5116597,39.7564792],[30.5118086,39.7565699],[30.5134541,39.7575545],[30.5138739,39.7577968],[30.5140804,39.7579029],[30.5142146,39.7579864],[30.5143576,39.7580408],[30.5145319,39.7580682],[30.5145959,39.7580623],[30.5146409,39.7580303],[30.5146857,39.7579967],[30.5148527,39.7578801],[30.515065,39.757704],[30.5153185,39.7574594],[30.5154499,39.7572467],[30.5155142,39.7570504],[30.5155248,39.756942],[30.5154051,39.7556308],[30.515352,39.7554391],[30.515325,39.75528],[30.5152821,39.7550553],[30.5152284,39.7548501],[30.5151694,39.754647],[30.5150769,39.7543645],[30.514864,39.7537672],[30.5145226,39.7529552],[30.5143332,39.7525019],[30.5142909,39.7524073],[30.5139642,39.7516247],[30.5139356,39.7515281],[30.5139088,39.751393],[30.5138954,39.7512796],[30.5139034,39.7511094],[30.5139195,39.7509795],[30.5139517,39.7508445],[30.51413,39.750365],[30.5141649,39.7502355],[30.5144221,39.7491669],[30.51446,39.7489421],[30.5144801,39.7487709],[30.5145377,39.7478106],[30.5145464,39.7477116],[30.5145629,39.7476395],[30.5145921,39.7475692],[30.5146347,39.7475017],[30.5146951,39.7474341],[30.5147518,39.7473813],[30.5148131,39.7473334],[30.5148889,39.7472883],[30.5149734,39.747252],[30.5150681,39.7472244],[30.5151773,39.747208],[30.5152886,39.7472038],[30.5173903,39.7472581],[30.5176726,39.7472583],[30.5178268,39.7472593],[30.5179515,39.7472459],[30.5180789,39.7472284],[30.5181463,39.7472111],[30.5182528,39.7471676],[30.5183098,39.7471412],[30.5203829,39.7461034],[30.5205466,39.7460291],[30.5207697,39.7459464],[30.5209878,39.7458807],[30.5211756,39.7458425],[30.5213888,39.7458167],[30.5216517,39.7457992],[30.5218964,39.7458033],[30.5223518,39.7458355],[30.5234925,39.7459244],[30.5239751,39.7459673],[30.5242045,39.7460013],[30.5243895,39.7460384],[30.5246124,39.7460978],[30.5246953,39.7461282],[30.5248241,39.7461787],[30.5249716,39.7462436],[30.5260579,39.7468159],[30.5261611,39.7468819],[30.5262443,39.74695],[30.5263341,39.7470428],[30.5264092,39.7471562],[30.5264709,39.7472851],[30.5267499,39.7481543],[30.5269873,39.7489153],[30.5270275,39.7490153],[30.5270865,39.7491329],[30.5271656,39.7492401],[30.5272528,39.7493432],[30.5274137,39.749469],[30.5275103,39.7495329],[30.5276249,39.7496056],[30.5277572,39.7496583],[30.5278485,39.749689],[30.5279221,39.7497079],[30.5280585,39.7497373],[30.5283852,39.7497903],[30.5285723,39.749817],[30.5286442,39.7498331],[30.5287304,39.749864],[30.5288087,39.7499062],[30.5288342,39.7499304],[30.5288622,39.7499632],[30.5288785,39.7499966],[30.5288846,39.7500091],[30.528894,39.7500823],[30.5288819,39.7501854],[30.528591,39.7512422],[30.5285895,39.7513192],[30.5285954,39.7513802],[30.5286429,39.7514422],[30.5286995,39.7514722],[30.5287988,39.7515123],[30.5290678,39.7515572],[30.5325493,39.7521432],[30.5338409,39.7524188],[30.5343033,39.752545]],[[30.5003088,39.7532252],[30.4988775,39.753935],[30.4985337,39.7540971],[30.4982537,39.7542331],[30.4980281,39.7543426],[30.4978578,39.754421],[30.4976928,39.7544756],[30.4975641,39.7545076],[30.4974152,39.7545282],[30.4972757,39.7545416],[30.4971376,39.7545416],[30.4969512,39.7545334],[30.4967956,39.7545024],[30.4965598,39.754442],[30.4963198,39.7543428],[30.496201,39.7542864],[30.4960887,39.7542331],[30.4958082,39.7541119],[30.4954679,39.7539631],[30.4951051,39.7538069],[30.494796,39.7536703],[30.4945008,39.7535453],[30.4943989,39.7534925],[30.4943235,39.7534402],[30.4942956,39.7534084],[30.4942917,39.753398],[30.4942806,39.7533687],[30.4942735,39.753332],[30.4942777,39.7532927],[30.494281,39.7532535],[30.4943014,39.7532155],[30.4943681,39.7531061],[30.4944402,39.7530033],[30.4944929,39.7529546],[30.494561,39.752919],[30.494639,39.7529023],[30.4947222,39.7529096],[30.4948294,39.7529387],[30.4949761,39.7530047],[30.4953,39.7531369]]]}},{"type":"Feature","properties":{"route":"tram","name":"OGÜ - Otogar","colour":"deepskyblue"},"geometry":{"type":"MultiLineString","coordinates":[[[30.4950549,39.7530084],[30.4954706,39.7531806]],[[30.4980428,39.7542699],[30.4984291,39.7540812]],[[30.5529718,39.764895],[30.5514104,39.7653322],[30.5447649,39.767152],[30.5445664,39.7671943],[30.5443813,39.7672232],[30.544144,39.7672541],[30.54392,39.7672654],[30.5434426,39.7672768],[30.5431975,39.7672805],[30.5430986,39.767282],[30.542532,39.7672974],[30.5362072,39.7676007],[30.5361443,39.7676035],[30.5360222,39.7676107],[30.5358694,39.7676334],[30.5357007,39.7676629],[30.5355826,39.7676825],[30.5354567,39.7677068],[30.535404,39.7677159],[30.5352982,39.767725],[30.5352042,39.7677252],[30.5350566,39.7677128],[30.5348474,39.7676798],[30.534256,39.7675669],[30.5342158,39.7675592],[30.5339073,39.7675015],[30.5336391,39.7674479],[30.5312041,39.76689],[30.5309117,39.7668284],[30.5308239,39.7668117],[30.5307348,39.7667947],[30.5302622,39.7667098],[30.5300624,39.766682],[30.5299216,39.7666696],[30.5289747,39.7666675],[30.5287441,39.7666727],[30.5285469,39.7666799],[30.5283873,39.7666954],[30.5268571,39.7668758],[30.5265903,39.7668964],[30.5263126,39.766917],[30.5260887,39.7669211],[30.5259664,39.7669203],[30.5258547,39.7669196],[30.5256617,39.76692],[30.5256027,39.7669201],[30.5255361,39.7669221],[30.5253212,39.7669336],[30.5251593,39.7669613],[30.5250198,39.7669912],[30.5248921,39.7670302],[30.5246792,39.7671121],[30.5231839,39.7677162],[30.5230947,39.7677623],[30.5229833,39.7678275],[30.5228281,39.7679437],[30.5214008,39.7690487],[30.521201,39.7692085],[30.5211298,39.769272],[30.5203393,39.7700371],[30.5202714,39.7701126],[30.5201308,39.7702445],[30.5198948,39.7704393],[30.51964,39.7706269],[30.519196,39.7709515],[30.5188802,39.7711843],[30.5181838,39.7716717]],[[30.5181838,39.7716717],[30.5179618,39.7717945],[30.5178825,39.7718221],[30.5177363,39.7718664],[30.5175982,39.771886],[30.5174802,39.7718901],[30.5173648,39.7718798],[30.5172575,39.7718633],[30.5170859,39.7718056],[30.5168895,39.7717139],[30.5167479,39.7716489],[30.5166433,39.7715902]],[[30.5166433,39.7715902],[30.5160519,39.7712263],[30.5155445,39.7708795],[30.5144653,39.7702378],[30.5137023,39.7697945],[30.5135212,39.7696935],[30.5133428,39.7696059],[30.5131155,39.769501],[30.5126341,39.769279],[30.5115873,39.7687637],[30.510688,39.7683267],[30.5096894,39.767908],[30.5095569,39.7678638],[30.5094263,39.767836],[30.5092006,39.7678053],[30.5082943,39.7677165],[30.5076925,39.7676488],[30.507222,39.7676144],[30.5067574,39.7675935],[30.5063101,39.7675775],[30.505795,39.7675629],[30.5015174,39.7673891],[30.5014466,39.7673819],[30.5013648,39.7673685],[30.5012548,39.7673376],[30.5012133,39.7673191],[30.5011882,39.7673079],[30.5011321,39.7672623],[30.5010979,39.767216],[30.5010764,39.7671572],[30.5010613,39.7670976],[30.5008365,39.7653706],[30.5008042,39.7651419],[30.5008,39.7649032],[30.5008247,39.7647308],[30.500841,39.7646343],[30.5012628,39.7625401],[30.5012783,39.762459],[30.5012951,39.7624086],[30.5013073,39.7623719],[30.501344,39.7622925],[30.5013997,39.7622067],[30.5016273,39.7619673],[30.5017836,39.7617929],[30.5018549,39.7617049],[30.5019403,39.761595],[30.5020935,39.7613709],[30.5022251,39.761172],[30.5023228,39.7610152],[30.502381,39.7609156],[30.5024928,39.7606541],[30.5026589,39.7602041],[30.5027006,39.7601366],[30.5027828,39.7600056],[30.5028442,39.759906],[30.5029238,39.7597855],[30.5031658,39.7594556],[30.5032403,39.7593492],[30.5032597,39.7593136],[30.5032749,39.7592753],[30.5032826,39.7592156],[30.5032762,39.759174],[30.5032564,39.7591028],[30.5031493,39.7589402],[30.5010311,39.755958],[30.500958,39.7558454],[30.5009075,39.7557201],[30.5008887,39.7556366],[30.500878,39.7555548],[30.5007571,39.753381],[30.5007518,39.7533562],[30.5007165,39.7532998],[30.5007009,39.753276],[30.5006258,39.7532298],[30.5005389,39.7532063],[30.5004461,39.7531989],[30.5003088,39.7532252]],[[30.5003088,39.7532252],[30.4988775,39.753935],[30.4985337,39.7540971],[30.4982537,39.7542331],[30.4980281,39.7543426],[30.4978578,39.754421],[30.4976928,39.7544756],[30.4975641,39.7545076],[30.4974152,39.7545282],[30.4972757,39.7545416],[30.4971376,39.7545416],[30.4969512,39.7545334],[30.4967956,39.7545024],[30.4965598,39.754442],[30.4963198,39.7543428],[30.496201,39.7542864],[30.4960887,39.7542331],[30.4958082,39.7541119],[30.4954679,39.7539631],[30.4951051,39.7538069],[30.494796,39.7536703],[30.4945008,39.7535453],[30.4943989,39.7534925],[30.4943235,39.7534402],[30.4942956,39.7534084],[30.4942917,39.753398],[30.4942806,39.7533687],[30.4942735,39.753332],[30.4942777,39.7532927],[30.494281,39.7532535],[30.4943014,39.7532155],[30.4943681,39.7531061],[30.4944402,39.7530033],[30.4944929,39.7529546],[30.494561,39.752919],[30.494639,39.7529023],[30.4947222,39.7529096],[30.4948294,39.7529387],[30.4949761,39.7530047],[30.4953,39.7531369]],[[30.4953,39.7531369],[30.4958196,39.7533592],[30.4959466,39.7534184],[30.4960588,39.7535089],[30.4960963,39.75357],[30.4961132,39.7536869],[30.4961339,39.7538514],[30.4961583,39.7540533],[30.4961926,39.7541747],[30.4962241,39.7542257],[30.4962343,39.7542422],[30.4963037,39.7542902],[30.4963733,39.7543296],[30.4964497,39.7543643],[30.4965612,39.7544105],[30.4966585,39.7544407],[30.4967872,39.7544725],[30.4969996,39.7545066],[30.4971509,39.7545164],[30.4972775,39.7545149],[30.4974141,39.7545021],[30.4975023,39.7544885],[30.497619,39.7544643],[30.4977051,39.754442],[30.497835,39.7543931],[30.497965,39.7543313],[30.4982263,39.7542074],[30.498539,39.7540591],[30.4988964,39.7538824],[30.5002695,39.7532055]],[[30.5002695,39.7532055],[30.5004365,39.7531684],[30.5005234,39.7531631],[30.5006369,39.7531939],[30.5007069,39.7532287],[30.5007133,39.7532353],[30.5007405,39.7532635],[30.5007956,39.7533517],[30.5007971,39.7533742],[30.500869,39.7545177],[30.5008813,39.7547355],[30.5009277,39.7555615],[30.5009454,39.755682],[30.5009936,39.7557975],[30.5010678,39.7559157],[30.5031841,39.758921],[30.5032571,39.7590254],[30.5033114,39.7591059],[30.5033302,39.7591574],[30.5033409,39.7592108],[30.5033331,39.7592486],[30.5033127,39.7593069],[30.5032912,39.7593494],[30.5028205,39.7600177],[30.5027406,39.7601525],[30.5027007,39.7602201],[30.5025028,39.7607388],[30.5024178,39.7609357],[30.5023672,39.7610286],[30.5021978,39.7612892],[30.5019448,39.7616541],[30.5016517,39.7619949],[30.5014506,39.7622119],[30.5013987,39.7622817],[30.5013565,39.7623699],[30.5013406,39.7624218],[30.5013142,39.7625078],[30.5009285,39.7644365],[30.5008928,39.7646413],[30.5008758,39.7647336],[30.500853,39.7649099],[30.5008515,39.7650781],[30.501135,39.7671901],[30.5011495,39.767217],[30.5011839,39.7672631],[30.5012264,39.7672844],[30.5012726,39.7673045],[30.5013232,39.7673252],[30.5014157,39.7673469],[30.5015144,39.767357],[30.5052476,39.7675179],[30.505797,39.7675332],[30.5067562,39.7675575],[30.507222,39.7675824],[30.5076918,39.7676157],[30.5082965,39.7676856],[30.5091814,39.7677745],[30.5093711,39.7678009],[30.5095314,39.7678267],[30.5097144,39.7678829],[30.5107094,39.7683023],[30.5126617,39.7692441],[30.5129214,39.769369],[30.5131337,39.7694694],[30.5133656,39.7695791],[30.5135816,39.7696863],[30.514578,39.7702625],[30.5155729,39.7708508],[30.5166621,39.7715654]],[[30.5166621,39.7715654],[30.5168123,39.7716448],[30.5170228,39.7717427],[30.5171516,39.7717984],[30.5172736,39.7718396],[30.5174144,39.7718613],[30.5175177,39.7718613],[30.5176384,39.771853],[30.5177551,39.7718314],[30.5179174,39.7717767],[30.5180568,39.7717149],[30.5181601,39.7716541]],[[30.5181601,39.7716541],[30.5188381,39.7711564],[30.5191606,39.7709255],[30.5196453,39.7705877],[30.5198948,39.7704022],[30.5201268,39.7701971],[30.5202389,39.7700948],[30.5203093,39.7700217],[30.5211045,39.7692621],[30.5212936,39.7691034],[30.5227978,39.7679319],[30.5228834,39.7678633],[30.5230214,39.7677636],[30.5230691,39.7677406],[30.5231758,39.7676891],[30.5247382,39.7670562],[30.5249233,39.7669871],[30.5250964,39.7669434],[30.5250989,39.7669428],[30.5252719,39.7669118],[30.5253142,39.7669088],[30.5255026,39.7668953],[30.525562,39.7668925],[30.5256587,39.7668909],[30.5259117,39.7668871],[30.526044,39.7668871],[30.5262054,39.7668871],[30.5264508,39.7668716],[30.5266841,39.7668572],[30.5284973,39.7666531],[30.5287521,39.7666407],[30.529762,39.7666366],[30.5299913,39.7666418],[30.5301147,39.7666593],[30.5303347,39.7666935],[30.530736,39.7667583],[30.5308299,39.766774],[30.530924,39.7667902],[30.5334969,39.7673809],[30.5337839,39.7674438],[30.534177,39.7675202],[30.5342673,39.7675374],[30.534776,39.7676343],[30.5349976,39.7676716],[30.5351049,39.767687],[30.5352042,39.7676932],[30.5352563,39.7676923],[30.5353931,39.7676873],[30.5355883,39.76765],[30.5356397,39.767642],[30.5358895,39.7675922],[30.5360585,39.7675716],[30.5362207,39.7675644],[30.5426154,39.7672632],[30.5430953,39.7672468],[30.5431961,39.7672453],[30.543452,39.7672427],[30.5439173,39.7672314],[30.5441775,39.7672221],[30.5443894,39.7671974],[30.5445543,39.7671654],[30.5447743,39.767118],[30.5514185,39.7652938],[30.5529634,39.7648602]],[[30.5529634,39.7648602],[30.5531507,39.7648159],[30.5535713,39.7647002],[30.5536855,39.7646684],[30.5552162,39.7642573],[30.5555654,39.7641646],[30.5556661,39.7641404],[30.5557627,39.7641326],[30.5558646,39.7641342],[30.5559532,39.7641551],[30.5560238,39.7641859],[30.5560699,39.7642242],[30.556118,39.7642898],[30.5561408,39.7643527],[30.5561624,39.7644512],[30.5562223,39.7664986]],[[30.5562223,39.7664986],[30.5562297,39.7666892]],[[30.5562297,39.7666892],[30.5562521,39.767603],[30.5562625,39.7679736],[30.5563192,39.7692657],[30.5563527,39.7698595],[30.5563527,39.7700677],[30.5563554,39.7702965],[30.5563696,39.7705052],[30.5563946,39.7708035],[30.5564054,39.7713099]],[[30.5564054,39.7713099],[30.5564192,39.7716233]],[[30.5564192,39.7716233],[30.5564194,39.7719422],[30.556419,39.7720535],[30.5564146,39.7721523],[30.5563877,39.7722658],[30.5563426,39.7723538],[30.5563106,39.7724184],[30.5562421,39.7725164],[30.556087,39.7726641],[30.5550235,39.7735345],[30.5549087,39.7736305],[30.5547671,39.7737234],[30.5546541,39.7737854],[30.5545761,39.7738236],[30.554475,39.7738681],[30.5543879,39.7739013],[30.5542667,39.7739383],[30.5536156,39.7741229],[30.5534894,39.7741848],[30.5534363,39.7742193],[30.5534111,39.7742357],[30.5533574,39.7742781],[30.5531914,39.7744245],[30.5531306,39.7744797],[30.5523999,39.7751732],[30.5521743,39.7753806]]]}},{"type":"Feature","properties":{"route":"tram","name":"Osmangazi - 75.Yıl","colour":"yellow"},"geometry":{"type":"MultiLineString","coordinates":[[[30.559789,39.7565498],[30.560084,39.7563477]],[[30.5531405,39.7640338],[30.5531174,39.7640385],[30.5532367,39.7643819],[30.5532597,39.7643772],[30.5531405,39.7640338]],[[30.5529634,39.7648602],[30.5531139,39.7648001],[30.5531756,39.7647517],[30.5532212,39.764695],[30.5532266,39.76463],[30.5531965,39.7644955],[30.5531044,39.7642018],[30.5530369,39.7639934],[30.5530127,39.7639079],[30.55301,39.7638357],[30.5530033,39.7634419],[30.5529973,39.7633702],[30.552982,39.7633265],[30.5529732,39.7633094],[30.5529497,39.7632775],[30.5528934,39.7632182],[30.5527486,39.7630457],[30.552719,39.7630105],[30.5526801,39.7629589],[30.5526479,39.7629053],[30.5521779,39.761927],[30.5521578,39.7618703],[30.5521578,39.7618198],[30.5521698,39.761761],[30.5521777,39.7617376],[30.55218,39.7617307],[30.5521866,39.761711],[30.5522322,39.7616528],[30.5522979,39.7616125],[30.5523576,39.7615899],[30.5528927,39.7614332],[30.5530446,39.7613736],[30.5531827,39.7613056],[30.5533262,39.7612231],[30.5540293,39.7607685],[30.5541778,39.7606458],[30.5544897,39.7603692],[30.555598,39.759388],[30.5557791,39.7592355],[30.5559239,39.7591293],[30.5564432,39.7587401],[30.5567809,39.7584913],[30.5589979,39.7570562],[30.559282,39.7568632],[30.5594604,39.756725],[30.5596307,39.756592],[30.5598158,39.7564642],[30.5601041,39.7562662],[30.5602731,39.7561611],[30.5605172,39.7560116],[30.5607023,39.7558796],[30.5610657,39.7556146],[30.5619669,39.7549331],[30.5621158,39.7548187],[30.5622741,39.7547125],[30.5623694,39.7546548],[30.562506,39.7545736],[30.5646713,39.7534335],[30.5648121,39.7533654],[30.5650843,39.7532252],[30.5652855,39.7531211],[30.5655028,39.7530046],[30.5656543,39.7529138],[30.5658474,39.752787],[30.5660365,39.7526715],[30.5661921,39.7525829],[30.5665515,39.7523921],[30.5667768,39.7522766],[30.5669136,39.7522065],[30.5670893,39.7521251],[30.5672958,39.7520416],[30.5677692,39.7518673],[30.5686047,39.751557],[30.5688072,39.7514796],[30.5689709,39.7514095],[30.5691114,39.7513389],[30.5692737,39.7512502],[30.5727879,39.7490448],[30.572955,39.7489457],[30.573065,39.7488725],[30.5732273,39.7487539],[30.5734043,39.7486292],[30.5735237,39.7485498],[30.574934,39.7477008],[30.5752141,39.7475273],[30.5774652,39.7462002],[30.5775738,39.7461332],[30.5776891,39.7460538],[30.5790128,39.7450535],[30.5791161,39.7449721],[30.5792529,39.7448597],[30.5836132,39.741391],[30.584195,39.7409372],[30.5843948,39.7407828],[30.5845378,39.7406611],[30.5847603,39.7404718],[30.584899,39.7403538],[30.5864195,39.7378732],[30.5864885,39.737821],[30.5865384,39.7377928],[30.5866405,39.7377688],[30.5867408,39.737767],[30.5873101,39.7379693],[30.5945893,39.7406013],[30.5952934,39.7408559],[30.5968066,39.7414237],[30.5970144,39.7414954],[30.5971751,39.7415356],[30.6010586,39.7421284]],[[30.6010586,39.7421284],[30.6014326,39.7421842],[30.6017408,39.7422301],[30.6028236,39.7423843],[30.6029915,39.7423881],[30.603728,39.7423032],[30.6038611,39.7422881],[30.6051745,39.7421347],[30.6052758,39.7421113],[30.6063221,39.7417637],[30.6089168,39.7409211],[30.6123855,39.7397996],[30.6125344,39.7397379],[30.6125439,39.7397191],[30.612594,39.7396194],[30.6126009,39.7396058],[30.6126129,39.7394921],[30.6124347,39.7390406],[30.611988,39.7378664],[30.6110447,39.7355454],[30.6090348,39.7305675],[30.6089717,39.7303951],[30.6089285,39.7302201],[30.6089141,39.729997],[30.6089869,39.728931],[30.6090634,39.7285417],[30.6091407,39.7283237],[30.6118558,39.7245178],[30.6119146,39.7243653],[30.6119328,39.7240964],[30.6118529,39.719242],[30.6126414,39.7175478],[30.6135411,39.7156987],[30.6151567,39.7123784],[30.6164751,39.7096684]],[[30.6164751,39.7096684],[30.616667,39.709274],[30.6167207,39.7091847],[30.6168404,39.7091022],[30.6168822,39.7090967],[30.6170406,39.709076],[30.619391,39.7097653],[30.6194392,39.7098256],[30.6194679,39.7098615],[30.6194875,39.7099839],[30.6194125,39.7101695],[30.6193517,39.7102562],[30.6192105,39.7103084],[30.6190121,39.7102891],[30.6177591,39.709933],[30.6176876,39.7098863],[30.6176358,39.7098244],[30.6176304,39.7097323],[30.617718,39.7095453],[30.6177149,39.7095163],[30.6177055,39.7094298],[30.6176483,39.7093225],[30.617643,39.7093157],[30.6175807,39.7092605],[30.6171104,39.7091191],[30.6169763,39.7091219],[30.6169572,39.709127],[30.6168505,39.7091553],[30.6168371,39.7091589],[30.6167559,39.709229],[30.6165436,39.7096741]],[[30.6165436,39.7096741],[30.6152163,39.7123905],[30.6135947,39.7156957],[30.61193,39.7191768],[30.6119115,39.7193118],[30.6119734,39.7240704],[30.6119594,39.7243816],[30.6118586,39.7245958],[30.6117973,39.7246917],[30.6092051,39.7283359],[30.6091045,39.7285522],[30.6090385,39.7289236],[30.6089505,39.7300291],[30.6089663,39.7302182],[30.6089676,39.7302332],[30.6090015,39.730389],[30.6090675,39.7305626],[30.6110679,39.7355378],[30.6120097,39.7378615],[30.6124656,39.7390261],[30.6126428,39.7394839],[30.6126553,39.7395595],[30.6126499,39.7396144],[30.6126242,39.7396757],[30.6126106,39.7397079],[30.6125928,39.7397267],[30.6125677,39.7397533],[30.6123961,39.739817],[30.6089374,39.7409506],[30.6087944,39.7409975],[30.6063507,39.7417873],[30.6052878,39.7421354],[30.6052039,39.7421575],[30.6038714,39.7423114],[30.6037418,39.7423285],[30.6029935,39.7424179],[30.6028136,39.7424189],[30.6017368,39.7422672],[30.6016274,39.7422509],[30.6014229,39.7422203],[30.6012117,39.7421887],[30.6010646,39.7421667]],[[30.6010646,39.7421667],[30.5980316,39.7417125],[30.5971842,39.7415728],[30.5970034,39.7415313],[30.5968272,39.7414668],[30.5945677,39.7406327],[30.5940297,39.740434],[30.5873061,39.7380015],[30.5867116,39.7378043],[30.5866398,39.7378032],[30.5865986,39.7378134],[30.5865357,39.7378345],[30.5864874,39.7378623],[30.5864566,39.7378859],[30.5849742,39.7403038],[30.5849482,39.7403787],[30.5849338,39.7404545],[30.5849424,39.740501],[30.584989,39.740583],[30.5850742,39.7406777],[30.585265,39.7408359],[30.5856828,39.7412116],[30.5859107,39.7414535],[30.5859442,39.7414978],[30.5859704,39.7415401],[30.5859707,39.7415909],[30.5859165,39.7416888],[30.5857913,39.7417928],[30.5848566,39.742295],[30.5847621,39.7423356],[30.5847251,39.742351],[30.5847027,39.7423504],[30.584629,39.7423483],[30.5845039,39.7422981],[30.5844502,39.7422558],[30.58384,39.7415989],[30.5837837,39.7415628],[30.5837019,39.7415319],[30.5836379,39.7415189],[30.5835946,39.74152],[30.5835074,39.7415463],[30.5834444,39.7415752],[30.5834038,39.741601],[30.5792824,39.7448713],[30.5790929,39.7450284],[30.5790021,39.7450999],[30.5777048,39.7460741],[30.5775967,39.7461494],[30.5774947,39.7462135],[30.5752376,39.7475511],[30.5749596,39.7477239],[30.5736524,39.7485065],[30.5734539,39.7486281],[30.5732621,39.7487601],[30.5731307,39.7488591],[30.5730194,39.7489375],[30.5692691,39.7512877],[30.5689709,39.7514384],[30.568818,39.7515064],[30.5686155,39.7515838],[30.5678014,39.751891],[30.5674044,39.7520333],[30.5672167,39.7521055],[30.5670866,39.7521581],[30.566923,39.7522333],[30.5666735,39.7523612],[30.5665126,39.7524437],[30.5663227,39.7525504],[30.5661438,39.7526509],[30.5660298,39.7527148],[30.565834,39.7528386],[30.565661,39.7529458],[30.5655457,39.7530118],[30.5653713,39.7531046],[30.5651353,39.7532314],[30.5649677,39.753317],[30.5647008,39.7534531],[30.5625423,39.7545838],[30.5624026,39.7546658],[30.5623398,39.7547053],[30.5621963,39.754795],[30.5620622,39.7548919],[30.5614788,39.7553363],[30.5608176,39.7558322],[30.5606647,39.7559425],[30.5605065,39.7560487],[30.5602892,39.7561858],[30.560143,39.7562724],[30.5598936,39.7564425],[30.559738,39.7565467],[30.5595141,39.7567209],[30.5593156,39.7568745],[30.5568063,39.7585121],[30.5564683,39.758767],[30.5560326,39.7590901],[30.5558823,39.7591983],[30.5557402,39.7593107],[30.5555658,39.7594654],[30.5545196,39.7603867],[30.5543159,39.7605685],[30.5540537,39.7607824],[30.5532927,39.7612788],[30.5531599,39.761353],[30.553011,39.7614211],[30.55289,39.7614693],[30.5527874,39.7614986],[30.5523556,39.7616265],[30.5522979,39.7616553],[30.5522416,39.7617017],[30.5522357,39.7617125],[30.5522221,39.7617373],[30.5522025,39.7617894],[30.5522,39.761796],[30.5521926,39.7618388],[30.5522114,39.7619203],[30.5522309,39.761962],[30.552711,39.7629404],[30.5527485,39.7629888],[30.5527857,39.7630346],[30.5529584,39.7632306],[30.553004,39.7632873],[30.5530208,39.7633173],[30.5530322,39.7633522],[30.5530496,39.7634378],[30.5530496,39.7638749],[30.553072,39.7639645],[30.5531435,39.7641934],[30.5531953,39.7643591],[30.5532374,39.7644915],[30.5532622,39.7645857],[30.5532655,39.7646455],[30.5532548,39.7647063],[30.5532092,39.7647692],[30.5531507,39.7648159],[30.5530834,39.7648492],[30.5529718,39.764895]],[[30.5529718,39.764895],[30.5514104,39.7653322],[30.5447649,39.767152],[30.5445664,39.7671943],[30.5443813,39.7672232],[30.544144,39.7672541],[30.54392,39.7672654],[30.5434426,39.7672768],[30.5431975,39.7672805],[30.5430986,39.767282],[30.542532,39.7672974],[30.5362072,39.7676007],[30.5361443,39.7676035],[30.5360222,39.7676107],[30.5358694,39.7676334],[30.5357007,39.7676629],[30.5355826,39.7676825],[30.5354567,39.7677068],[30.535404,39.7677159],[30.5352982,39.767725],[30.5352042,39.7677252],[30.5350566,39.7677128],[30.5348474,39.7676798],[30.534256,39.7675669],[30.5342158,39.7675592],[30.5339073,39.7675015],[30.5336391,39.7674479],[30.5312041,39.76689],[30.5309117,39.7668284],[30.5308239,39.7668117],[30.5307348,39.7667947],[30.5302622,39.7667098],[30.5300624,39.766682],[30.5299216,39.7666696],[30.5289747,39.7666675],[30.5287441,39.7666727],[30.5285469,39.7666799],[30.5283873,39.7666954],[30.5268571,39.7668758],[30.5265903,39.7668964],[30.5263126,39.766917],[30.5260887,39.7669211],[30.5259664,39.7669203],[30.5258547,39.7669196],[30.5256617,39.76692],[30.5256027,39.7669201],[30.5255361,39.7669221],[30.5253212,39.7669336],[30.5251593,39.7669613],[30.5250198,39.7669912],[30.5248921,39.7670302],[30.5246792,39.7671121],[30.5231839,39.7677162],[30.5230947,39.7677623],[30.5229833,39.7678275],[30.5228281,39.7679437],[30.5214008,39.7690487],[30.521201,39.7692085],[30.5211298,39.769272],[30.5203393,39.7700371],[30.5202714,39.7701126],[30.5201308,39.7702445],[30.5198948,39.7704393],[30.51964,39.7706269],[30.519196,39.7709515],[30.5188802,39.7711843],[30.5181838,39.7716717]],[[30.5181838,39.7716717],[30.5179618,39.7717945],[30.5178825,39.7718221],[30.5177363,39.7718664],[30.5175982,39.771886],[30.5174802,39.7718901],[30.5173648,39.7718798],[30.5172575,39.7718633],[30.5170859,39.7718056],[30.5168895,39.7717139],[30.5167479,39.7716489],[30.5166433,39.7715902]],[[30.5166433,39.7715902],[30.5160519,39.7712263],[30.5155445,39.7708795],[30.5144653,39.7702378],[30.5137023,39.7697945],[30.5135212,39.7696935],[30.5133428,39.7696059],[30.5131155,39.769501],[30.5126341,39.769279],[30.5115873,39.7687637],[30.510688,39.7683267],[30.5096894,39.767908],[30.5095569,39.7678638],[30.5094263,39.767836],[30.5092006,39.7678053],[30.5082943,39.7677165],[30.5076925,39.7676488],[30.507222,39.7676144],[30.5067574,39.7675935],[30.5063101,39.7675775],[30.505795,39.7675629],[30.5015174,39.7673891],[30.5014466,39.7673819],[30.5013648,39.7673685],[30.5012548,39.7673376],[30.5012133,39.7673191],[30.5011882,39.7673079],[30.5011321,39.7672623],[30.5010979,39.767216],[30.5010764,39.7671572],[30.5010613,39.7670976],[30.5008365,39.7653706],[30.5008042,39.7651419],[30.5008,39.7649032],[30.5008247,39.7647308],[30.500841,39.7646343],[30.5012628,39.7625401],[30.5012783,39.762459],[30.5012951,39.7624086],[30.5013073,39.7623719],[30.501344,39.7622925],[30.5013997,39.7622067],[30.5016273,39.7619673],[30.5017836,39.7617929],[30.5018549,39.7617049],[30.5019403,39.761595],[30.5020935,39.7613709],[30.5022251,39.761172],[30.5023228,39.7610152],[30.502381,39.7609156],[30.5024928,39.7606541],[30.5026589,39.7602041],[30.5027006,39.7601366],[30.5027828,39.7600056],[30.5028442,39.759906],[30.5029238,39.7597855],[30.5031658,39.7594556],[30.5032403,39.7593492],[30.5032597,39.7593136],[30.5032749,39.7592753],[30.5032826,39.7592156],[30.5032762,39.759174],[30.5032564,39.7591028],[30.5031493,39.7589402],[30.5010311,39.755958],[30.500958,39.7558454],[30.5009075,39.7557201],[30.5008887,39.7556366],[30.500878,39.7555548],[30.5007571,39.753381],[30.5007518,39.7533562],[30.5007165,39.7532998],[30.5007009,39.753276],[30.5006258,39.7532298],[30.5005389,39.7532063],[30.5004461,39.7531989],[30.5003088,39.7532252]],[[30.5003088,39.7532252],[30.4988775,39.753935],[30.4985337,39.7540971],[30.4982537,39.7542331],[30.4980281,39.7543426],[30.4978578,39.754421],[30.4976928,39.7544756],[30.4975641,39.7545076],[30.4974152,39.7545282],[30.4972757,39.7545416],[30.4971376,39.7545416],[30.4969512,39.7545334],[30.4967956,39.7545024],[30.4965598,39.754442],[30.4963198,39.7543428],[30.496201,39.7542864],[30.4960887,39.7542331],[30.4958082,39.7541119],[30.4954679,39.7539631],[30.4951051,39.7538069],[30.494796,39.7536703],[30.4945008,39.7535453],[30.4943989,39.7534925],[30.4943235,39.7534402],[30.4942956,39.7534084],[30.4942917,39.753398],[30.4942806,39.7533687],[30.4942735,39.753332],[30.4942777,39.7532927],[30.494281,39.7532535],[30.4943014,39.7532155],[30.4943681,39.7531061],[30.4944402,39.7530033],[30.4944929,39.7529546],[30.494561,39.752919],[30.494639,39.7529023],[30.4947222,39.7529096],[30.4948294,39.7529387],[30.4949761,39.7530047],[30.4953,39.7531369]],[[30.4953,39.7531369],[30.4958196,39.7533592],[30.4959466,39.7534184],[30.4960588,39.7535089],[30.4960963,39.75357],[30.4961132,39.7536869],[30.4961339,39.7538514],[30.4961583,39.7540533],[30.4961926,39.7541747],[30.4962241,39.7542257],[30.4962343,39.7542422],[30.4963037,39.7542902],[30.4963733,39.7543296],[30.4964497,39.7543643],[30.4965612,39.7544105],[30.4966585,39.7544407],[30.4967872,39.7544725],[30.4969996,39.7545066],[30.4971509,39.7545164],[30.4972775,39.7545149],[30.4974141,39.7545021],[30.4975023,39.7544885],[30.497619,39.7544643],[30.4977051,39.754442],[30.497835,39.7543931],[30.497965,39.7543313],[30.4982263,39.7542074],[30.498539,39.7540591],[30.4988964,39.7538824],[30.5002695,39.7532055]],[[30.5181601,39.7716541],[30.5188381,39.7711564],[30.5191606,39.7709255],[30.5196453,39.7705877],[30.5198948,39.7704022],[30.5201268,39.7701971],[30.5202389,39.7700948],[30.5203093,39.7700217],[30.5211045,39.7692621],[30.5212936,39.7691034],[30.5227978,39.7679319],[30.5228834,39.7678633],[30.5230214,39.7677636],[30.5230691,39.7677406],[30.5231758,39.7676891],[30.5247382,39.7670562],[30.5249233,39.7669871],[30.5250964,39.7669434],[30.5250989,39.7669428],[30.5252719,39.7669118],[30.5253142,39.7669088],[30.5255026,39.7668953],[30.525562,39.7668925],[30.5256587,39.7668909],[30.5259117,39.7668871],[30.526044,39.7668871],[30.5262054,39.7668871],[30.5264508,39.7668716],[30.5266841,39.7668572],[30.5284973,39.7666531],[30.5287521,39.7666407],[30.529762,39.7666366],[30.5299913,39.7666418],[30.5301147,39.7666593],[30.5303347,39.7666935],[30.530736,39.7667583],[30.5308299,39.766774],[30.530924,39.7667902],[30.5334969,39.7673809],[30.5337839,39.7674438],[30.534177,39.7675202],[30.5342673,39.7675374],[30.534776,39.7676343],[30.5349976,39.7676716],[30.5351049,39.767687],[30.5352042,39.7676932],[30.5352563,39.7676923],[30.5353931,39.7676873],[30.5355883,39.76765],[30.5356397,39.767642],[30.5358895,39.7675922],[30.5360585,39.7675716],[30.5362207,39.7675644],[30.5426154,39.7672632],[30.5430953,39.7672468],[30.5431961,39.7672453],[30.543452,39.7672427],[30.5439173,39.7672314],[30.5441775,39.7672221],[30.5443894,39.7671974],[30.5445543,39.7671654],[30.5447743,39.767118],[30.5514185,39.7652938],[30.5529634,39.7648602]],[[30.5166621,39.7715654],[30.5168123,39.7716448],[30.5170228,39.7717427],[30.5171516,39.7717984],[30.5172736,39.7718396],[30.5174144,39.7718613],[30.5175177,39.7718613],[30.5176384,39.771853],[30.5177551,39.7718314],[30.5179174,39.7717767],[30.5180568,39.7717149],[30.5181601,39.7716541]],[[30.5002695,39.7532055],[30.5004365,39.7531684],[30.5005234,39.7531631],[30.5006369,39.7531939],[30.5007069,39.7532287],[30.5007133,39.7532353],[30.5007405,39.7532635],[30.5007956,39.7533517],[30.5007971,39.7533742],[30.500869,39.7545177],[30.5008813,39.7547355],[30.5009277,39.7555615],[30.5009454,39.755682],[30.5009936,39.7557975],[30.5010678,39.7559157],[30.5031841,39.758921],[30.5032571,39.7590254],[30.5033114,39.7591059],[30.5033302,39.7591574],[30.5033409,39.7592108],[30.5033331,39.7592486],[30.5033127,39.7593069],[30.5032912,39.7593494],[30.5028205,39.7600177],[30.5027406,39.7601525],[30.5027007,39.7602201],[30.5025028,39.7607388],[30.5024178,39.7609357],[30.5023672,39.7610286],[30.5021978,39.7612892],[30.5019448,39.7616541],[30.5016517,39.7619949],[30.5014506,39.7622119],[30.5013987,39.7622817],[30.5013565,39.7623699],[30.5013406,39.7624218],[30.5013142,39.7625078],[30.5009285,39.7644365],[30.5008928,39.7646413],[30.5008758,39.7647336],[30.500853,39.7649099],[30.5008515,39.7650781],[30.501135,39.7671901],[30.5011495,39.767217],[30.5011839,39.7672631],[30.5012264,39.7672844],[30.5012726,39.7673045],[30.5013232,39.7673252],[30.5014157,39.7673469],[30.5015144,39.767357],[30.5052476,39.7675179],[30.505797,39.7675332],[30.5067562,39.7675575],[30.507222,39.7675824],[30.5076918,39.7676157],[30.5082965,39.7676856],[30.5091814,39.7677745],[30.5093711,39.7678009],[30.5095314,39.7678267],[30.5097144,39.7678829],[30.5107094,39.7683023],[30.5126617,39.7692441],[30.5129214,39.769369],[30.5131337,39.7694694],[30.5133656,39.7695791],[30.5135816,39.7696863],[30.514578,39.7702625],[30.5155729,39.7708508],[30.5166621,39.7715654]]]}},{"type":"Feature","properties":{"route":"tram","name":"Şehir Hastanesi - Kumlubel","colour":"yellow"},"geometry":{"type":"MultiLineString","coordinates":[[[30.5530212,39.7640622],[30.5531307,39.7644071],[30.5531065,39.7644116],[30.5529971,39.7640667],[30.5530212,39.7640622]],[[30.5588207,39.7571395],[30.5591211,39.7569415]],[[30.5182388,39.7947769],[30.5182541,39.7948455],[30.5182697,39.7948869],[30.5182893,39.794921],[30.5183257,39.79496],[30.5183661,39.7949911],[30.518412,39.7950125],[30.519111,39.7952027],[30.5198065,39.7954168],[30.5198674,39.7954479],[30.5199025,39.7954799],[30.5199316,39.7955192],[30.5199533,39.7955739],[30.519951,39.7956324],[30.5199391,39.7956864],[30.5198564,39.7958829],[30.5197955,39.7960277],[30.5197643,39.7960766],[30.5197203,39.7961184],[30.5196744,39.7961424],[30.5196136,39.7961635],[30.5195492,39.7961711],[30.5194898,39.7961689],[30.5194164,39.7961593],[30.5187333,39.7959948],[30.5186752,39.7959791],[30.5186046,39.7959418],[30.5185543,39.7958976],[30.5184248,39.7957583],[30.5183511,39.7956714],[30.5182232,39.7955217],[30.5182176,39.7955099],[30.518191,39.7954545],[30.5181765,39.7954066],[30.5181742,39.7953675]],[[30.5253544,39.781055],[30.5254224,39.7812673],[30.5254395,39.7813286],[30.5254412,39.7813346],[30.5254603,39.7814064],[30.5254642,39.7814231],[30.5254668,39.7814625],[30.5254708,39.781509],[30.5254658,39.7816329],[30.5254578,39.781827],[30.5254606,39.7819014],[30.5254701,39.7819642],[30.525485,39.7820136],[30.5255062,39.7820606],[30.5256016,39.7822362],[30.5259676,39.782907],[30.5259881,39.7829363],[30.526146,39.7831621],[30.5263523,39.7834562],[30.5264716,39.7836338],[30.5267978,39.7841193],[30.5271099,39.7845836],[30.5272425,39.7847817],[30.5276381,39.7853698],[30.5285997,39.7867185],[30.5288947,39.7871376],[30.5292856,39.7877229],[30.5292835,39.7877624],[30.5292807,39.787781],[30.5292779,39.7877993],[30.5292727,39.7878476],[30.5292473,39.7878703],[30.5291969,39.7879101],[30.5291448,39.7879363],[30.5289709,39.7879764],[30.5288211,39.7880069],[30.5275401,39.7882256],[30.5264319,39.7882453],[30.5251682,39.7882543],[30.5243361,39.788234],[30.5235014,39.7882189],[30.5227363,39.7882025],[30.5215663,39.7881927],[30.5204719,39.7881869],[30.5187411,39.7881735],[30.518689,39.7881828],[30.5186551,39.7882072],[30.5185572,39.7883205],[30.5184878,39.7883981],[30.5184165,39.7884447],[30.5183226,39.7884943],[30.518208,39.7885527],[30.5181718,39.7885715],[30.5181472,39.7886119],[30.518137,39.7886484],[30.5180984,39.7888366],[30.5180712,39.7889813],[30.518029,39.7897239],[30.5179918,39.7898353],[30.5179747,39.7898878],[30.517918,39.7899732],[30.5177691,39.7901563],[30.5178125,39.7905559],[30.5179027,39.7913705],[30.5179879,39.7922859],[30.5180407,39.7928535],[30.5180638,39.7932024],[30.5180941,39.7936596],[30.5181375,39.7941227],[30.5181809,39.7943174],[30.5182387,39.7946802],[30.5182388,39.7947769]],[[30.518414,39.776456],[30.5184556,39.7764833],[30.5184873,39.7765042],[30.5185953,39.7765552],[30.5186445,39.776562],[30.5186851,39.7765588],[30.5187488,39.7765377],[30.5188803,39.7764722],[30.5198779,39.7759669],[30.5202267,39.7758172],[30.5203528,39.7757739],[30.5205794,39.7757121],[30.5210754,39.7756345],[30.5212261,39.775631],[30.5214994,39.7756245],[30.5216179,39.7756333],[30.5219084,39.7756575],[30.5226782,39.7757616],[30.5233394,39.7758739],[30.5236398,39.7759285],[30.5237699,39.7759574],[30.5238618,39.7759857],[30.5239518,39.7760215],[30.5239973,39.7760764],[30.5240375,39.7761558],[30.524075,39.7762929],[30.5241475,39.7767876],[30.5242199,39.7771473],[30.5242547,39.7773009],[30.5243205,39.7775379],[30.524523,39.7782254],[30.5248104,39.7791115],[30.5248743,39.7792932],[30.5249521,39.7795581],[30.5250675,39.7800404],[30.5252391,39.7806257],[30.5253465,39.7810158],[30.5253544,39.781055]],[[30.5181742,39.7953675],[30.5181805,39.7951344],[30.5181944,39.7947264],[30.5181887,39.7946643],[30.5181749,39.7945787],[30.5181328,39.7943082],[30.5180916,39.7941131],[30.5180467,39.7935479],[30.517991,39.7928475],[30.5179436,39.7922802],[30.5178659,39.7914954],[30.5177317,39.7901532],[30.5178848,39.7899643],[30.5179416,39.7898756],[30.5180048,39.7896926],[30.5180109,39.7894314],[30.5180234,39.7892054],[30.5180358,39.7889794],[30.5180418,39.7889509],[30.5180581,39.7888901],[30.5181071,39.7886518],[30.5181188,39.7886093],[30.5181466,39.7885616],[30.5182505,39.7884999],[30.5184474,39.7883982],[30.5185718,39.7882627],[30.5186129,39.7882089],[30.5186597,39.7881719],[30.5187141,39.7881524],[30.5204712,39.7881676],[30.5206942,39.7881676],[30.5227387,39.7881854],[30.5235047,39.7881996],[30.5243351,39.7882202],[30.525168,39.7882404],[30.5260482,39.7882357],[30.5270157,39.7882165],[30.5275249,39.7882107],[30.5288537,39.7879904],[30.5291458,39.7879211],[30.5292494,39.7878492],[30.5292627,39.7877534],[30.5292665,39.7877265],[30.5290411,39.7873838],[30.5288826,39.787143],[30.5276274,39.7853756],[30.527229,39.7847871],[30.5270987,39.7845877],[30.5267877,39.784122],[30.5264601,39.7836371],[30.5263324,39.7834519],[30.5261211,39.7831723],[30.5259647,39.7829473],[30.5259324,39.7829003],[30.5255718,39.7822492],[30.5254906,39.7821302],[30.5251076,39.7815404],[30.5250741,39.7814965],[30.5250103,39.7814136],[30.5249336,39.7813106]],[[30.5249336,39.7813106],[30.5248743,39.7812359],[30.5247589,39.7810735],[30.5245365,39.7807605],[30.5242554,39.7804265],[30.5238349,39.779872],[30.523613,39.7795683],[30.5233065,39.7791616],[30.5229449,39.7785866],[30.5226825,39.7781798],[30.5224818,39.7778509],[30.5222478,39.7774956],[30.522039,39.7771701],[30.5218558,39.7768803],[30.5216756,39.7765841],[30.5214861,39.7762806],[30.5212795,39.7759887],[30.5211694,39.7758331],[30.5211361,39.7757953],[30.5210934,39.7757767],[30.5209589,39.7757273],[30.5207807,39.7757151],[30.5206357,39.7757306],[30.5204198,39.7757863],[30.5202495,39.7758389],[30.5198874,39.7759936],[30.5188955,39.7765062],[30.5187622,39.7765763],[30.5186932,39.7765923],[30.5186449,39.7765933],[30.5186082,39.7765888],[30.5185463,39.7765712],[30.5184319,39.7765034],[30.5183914,39.7764781]],[[30.5183914,39.7764781],[30.5183633,39.7764506],[30.5183016,39.7763906],[30.5182486,39.7763207],[30.5181933,39.7762267]],[[30.5181933,39.7762267],[30.5181678,39.7761428],[30.5181131,39.77596],[30.5179081,39.7751666],[30.5179015,39.7751418],[30.5178534,39.7749609],[30.5175592,39.7737873],[30.5173736,39.7729415],[30.517282,39.7725109]],[[30.517282,39.7725109],[30.5172817,39.7724473],[30.5172929,39.7723915],[30.5173306,39.7723128],[30.5173709,39.7722458],[30.5174232,39.772187],[30.5174828,39.7721319],[30.5175506,39.7720855],[30.5179618,39.7717945],[30.5181601,39.7716541]],[[30.5181601,39.7716541],[30.5188381,39.7711564],[30.5191606,39.7709255],[30.5196453,39.7705877],[30.5198948,39.7704022],[30.5201268,39.7701971],[30.5202389,39.7700948],[30.5203093,39.7700217],[30.5211045,39.7692621],[30.5212936,39.7691034],[30.5227978,39.7679319],[30.5228834,39.7678633],[30.5230214,39.7677636],[30.5230691,39.7677406],[30.5231758,39.7676891],[30.5247382,39.7670562],[30.5249233,39.7669871],[30.5250964,39.7669434],[30.5250989,39.7669428],[30.5252719,39.7669118],[30.5253142,39.7669088],[30.5255026,39.7668953],[30.525562,39.7668925],[30.5256587,39.7668909],[30.5259117,39.7668871],[30.526044,39.7668871],[30.5262054,39.7668871],[30.5264508,39.7668716],[30.5266841,39.7668572],[30.5284973,39.7666531],[30.5287521,39.7666407],[30.529762,39.7666366],[30.5299913,39.7666418],[30.5301147,39.7666593],[30.5303347,39.7666935],[30.530736,39.7667583],[30.5308299,39.766774],[30.530924,39.7667902],[30.5334969,39.7673809],[30.5337839,39.7674438],[30.534177,39.7675202],[30.5342673,39.7675374],[30.534776,39.7676343],[30.5349976,39.7676716],[30.5351049,39.767687],[30.5352042,39.7676932],[30.5352563,39.7676923],[30.5353931,39.7676873],[30.5355883,39.76765],[30.5356397,39.767642],[30.5358895,39.7675922],[30.5360585,39.7675716],[30.5362207,39.7675644],[30.5426154,39.7672632],[30.5430953,39.7672468],[30.5431961,39.7672453],[30.543452,39.7672427],[30.5439173,39.7672314],[30.5441775,39.7672221],[30.5443894,39.7671974],[30.5445543,39.7671654],[30.5447743,39.767118],[30.5514185,39.7652938],[30.5529634,39.7648602]],[[30.5529634,39.7648602],[30.5531139,39.7648001],[30.5531756,39.7647517],[30.5532212,39.764695],[30.5532266,39.76463],[30.5531965,39.7644955],[30.5531044,39.7642018],[30.5530369,39.7639934],[30.5530127,39.7639079],[30.55301,39.7638357],[30.5530033,39.7634419],[30.5529973,39.7633702],[30.552982,39.7633265],[30.5529732,39.7633094],[30.5529497,39.7632775],[30.5528934,39.7632182],[30.5527486,39.7630457],[30.552719,39.7630105],[30.5526801,39.7629589],[30.5526479,39.7629053],[30.5521779,39.761927],[30.5521578,39.7618703],[30.5521578,39.7618198],[30.5521698,39.761761],[30.5521777,39.7617376],[30.55218,39.7617307],[30.5521866,39.761711],[30.5522322,39.7616528],[30.5522979,39.7616125],[30.5523576,39.7615899],[30.5528927,39.7614332],[30.5530446,39.7613736],[30.5531827,39.7613056],[30.5533262,39.7612231],[30.5540293,39.7607685],[30.5541778,39.7606458],[30.5544897,39.7603692],[30.555598,39.759388],[30.5557791,39.7592355],[30.5559239,39.7591293],[30.5564432,39.7587401],[30.5567809,39.7584913],[30.5589979,39.7570562],[30.559282,39.7568632],[30.5594604,39.756725],[30.5596307,39.756592],[30.5598158,39.7564642],[30.5601041,39.7562662],[30.5602731,39.7561611],[30.5605172,39.7560116],[30.5607023,39.7558796],[30.5610657,39.7556146],[30.5619669,39.7549331],[30.5621158,39.7548187],[30.5622741,39.7547125],[30.5623694,39.7546548],[30.562506,39.7545736],[30.5646713,39.7534335],[30.5648121,39.7533654],[30.5650843,39.7532252],[30.5652855,39.7531211],[30.5655028,39.7530046],[30.5656543,39.7529138],[30.5658474,39.752787],[30.5660365,39.7526715],[30.5661921,39.7525829],[30.5665515,39.7523921],[30.5667768,39.7522766],[30.5669136,39.7522065],[30.5670893,39.7521251],[30.5672958,39.7520416],[30.5677692,39.7518673],[30.5686047,39.751557],[30.5688072,39.7514796],[30.5689709,39.7514095],[30.5691114,39.7513389],[30.5692737,39.7512502],[30.5727879,39.7490448],[30.572955,39.7489457],[30.573065,39.7488725],[30.5732273,39.7487539],[30.5734043,39.7486292],[30.5735237,39.7485498],[30.574934,39.7477008],[30.5752141,39.7475273],[30.5774652,39.7462002],[30.5775738,39.7461332],[30.5776891,39.7460538],[30.5790128,39.7450535],[30.5791161,39.7449721],[30.5792529,39.7448597],[30.5836132,39.741391],[30.584195,39.7409372],[30.5843948,39.7407828],[30.5845378,39.7406611],[30.5847603,39.7404718],[30.584899,39.7403538],[30.5864195,39.7378732],[30.5864885,39.737821],[30.5865384,39.7377928],[30.5866405,39.7377688],[30.5867408,39.737767],[30.5873101,39.7379693],[30.5945893,39.7406013],[30.5952934,39.7408559],[30.5968066,39.7414237],[30.5970144,39.7414954],[30.5971751,39.7415356],[30.6010586,39.7421284]],[[30.6010586,39.7421284],[30.6012117,39.7421887],[30.6012605,39.7422079],[30.6012717,39.7422354],[30.6013134,39.7423382],[30.6013494,39.742605],[30.6013721,39.742773],[30.6014426,39.7432013],[30.6014177,39.7434373],[30.6013434,39.7437368],[30.6010612,39.7448735],[30.6009961,39.7449907],[30.6009248,39.745057],[30.6008677,39.7450801],[30.6007659,39.7451133],[30.5991296,39.7451221],[30.5980362,39.7451914],[30.5979167,39.7452032],[30.597086,39.7452851],[30.5969554,39.7452722],[30.5968701,39.7452372],[30.596815,39.7451865],[30.5967739,39.7450622],[30.5965664,39.7443146],[30.5965525,39.7442344],[30.5965851,39.7441699],[30.5966376,39.7441222],[30.5967024,39.744087],[30.5977775,39.743866],[30.5983792,39.743766],[30.5985199,39.7437901],[30.5985884,39.7438531],[30.5986387,39.7439264],[30.5988062,39.7444242],[30.5989575,39.7449309],[30.5990297,39.7450271],[30.5991518,39.7450765],[30.5994084,39.7450758],[30.6007572,39.7450845],[30.60085,39.7450521],[30.6008994,39.7450315],[30.6009676,39.7449697],[30.60101,39.7448659],[30.6012923,39.7437547],[30.6013743,39.7434321],[30.6013994,39.7432035],[30.6013309,39.7427842],[30.6012736,39.7423246],[30.6012161,39.742227],[30.60121,39.7422167],[30.6010646,39.7421667]],[[30.6010646,39.7421667],[30.5980316,39.7417125],[30.5971842,39.7415728],[30.5970034,39.7415313],[30.5968272,39.7414668],[30.5945677,39.7406327],[30.5940297,39.740434],[30.5873061,39.7380015],[30.5867116,39.7378043],[30.5866398,39.7378032],[30.5865986,39.7378134],[30.5865357,39.7378345],[30.5864874,39.7378623],[30.5864566,39.7378859],[30.5849742,39.7403038],[30.5849482,39.7403787],[30.5849338,39.7404545],[30.5849424,39.740501],[30.584989,39.740583],[30.5850742,39.7406777],[30.585265,39.7408359],[30.5856828,39.7412116],[30.5859107,39.7414535],[30.5859442,39.7414978],[30.5859704,39.7415401],[30.5859707,39.7415909],[30.5859165,39.7416888],[30.5857913,39.7417928],[30.5848566,39.742295],[30.5847621,39.7423356],[30.5847251,39.742351],[30.5847027,39.7423504],[30.584629,39.7423483],[30.5845039,39.7422981],[30.5844502,39.7422558],[30.58384,39.7415989],[30.5837837,39.7415628],[30.5837019,39.7415319],[30.5836379,39.7415189],[30.5835946,39.74152],[30.5835074,39.7415463],[30.5834444,39.7415752],[30.5834038,39.741601],[30.5792824,39.7448713],[30.5790929,39.7450284],[30.5790021,39.7450999],[30.5777048,39.7460741],[30.5775967,39.7461494],[30.5774947,39.7462135],[30.5752376,39.7475511],[30.5749596,39.7477239],[30.5736524,39.7485065],[30.5734539,39.7486281],[30.5732621,39.7487601],[30.5731307,39.7488591],[30.5730194,39.7489375],[30.5692691,39.7512877],[30.5689709,39.7514384],[30.568818,39.7515064],[30.5686155,39.7515838],[30.5678014,39.751891],[30.5674044,39.7520333],[30.5672167,39.7521055],[30.5670866,39.7521581],[30.566923,39.7522333],[30.5666735,39.7523612],[30.5665126,39.7524437],[30.5663227,39.7525504],[30.5661438,39.7526509],[30.5660298,39.7527148],[30.565834,39.7528386],[30.565661,39.7529458],[30.5655457,39.7530118],[30.5653713,39.7531046],[30.5651353,39.7532314],[30.5649677,39.753317],[30.5647008,39.7534531],[30.5625423,39.7545838],[30.5624026,39.7546658],[30.5623398,39.7547053],[30.5621963,39.754795],[30.5620622,39.7548919],[30.5614788,39.7553363],[30.5608176,39.7558322],[30.5606647,39.7559425],[30.5605065,39.7560487],[30.5602892,39.7561858],[30.560143,39.7562724],[30.5598936,39.7564425],[30.559738,39.7565467],[30.5595141,39.7567209],[30.5593156,39.7568745],[30.5568063,39.7585121],[30.5564683,39.758767],[30.5560326,39.7590901],[30.5558823,39.7591983],[30.5557402,39.7593107],[30.5555658,39.7594654],[30.5545196,39.7603867],[30.5543159,39.7605685],[30.5540537,39.7607824],[30.5532927,39.7612788],[30.5531599,39.761353],[30.553011,39.7614211],[30.55289,39.7614693],[30.5527874,39.7614986],[30.5523556,39.7616265],[30.5522979,39.7616553],[30.5522416,39.7617017],[30.5522357,39.7617125],[30.5522221,39.7617373],[30.5522025,39.7617894],[30.5522,39.761796],[30.5521926,39.7618388],[30.5522114,39.7619203],[30.5522309,39.761962],[30.552711,39.7629404],[30.5527485,39.7629888],[30.5527857,39.7630346],[30.5529584,39.7632306],[30.553004,39.7632873],[30.5530208,39.7633173],[30.5530322,39.7633522],[30.5530496,39.7634378],[30.5530496,39.7638749],[30.553072,39.7639645],[30.5531435,39.7641934],[30.5531953,39.7643591],[30.5532374,39.7644915],[30.5532622,39.7645857],[30.5532655,39.7646455],[30.5532548,39.7647063],[30.5532092,39.7647692],[30.5531507,39.7648159],[30.5530834,39.7648492],[30.5529718,39.764895]]]}},{"type":"Feature","properties":{"route":"tram","name":"T4: Mescid-i Selam → Topkapı","colour":"orange"},"geometry":{"type":"MultiLineString","coordinates":[[[28.8516485,41.1159259],[28.8516329,41.1159143],[28.8516157,41.1159014],[28.8508474,41.1164847],[28.8508636,41.1164968],[28.8508801,41.1165092],[28.8516485,41.1159259]],[[28.857363,41.1127734],[28.8573773,41.1127773],[28.8573903,41.1127809],[28.8577656,41.1119966],[28.8577541,41.1119935],[28.8577384,41.1119893],[28.857363,41.1127734]],[[28.8601127,41.107207],[28.860101,41.1072038],[28.8600873,41.1072001],[28.8604353,41.106477],[28.8604478,41.1064804],[28.8604609,41.106484],[28.8601127,41.107207]],[[28.8629202,41.1006697],[28.8629062,41.1006694],[28.8628952,41.1006691],[28.8629292,41.0998902],[28.862941,41.0998905],[28.8629539,41.0998908],[28.8629202,41.1006697]],[[28.8638382,41.0936626],[28.8638282,41.093661],[28.8638137,41.0936588],[28.863974,41.0928904],[28.8639844,41.0928917],[28.8639961,41.0928931],[28.8638382,41.0936626]],[[28.8665749,41.0880254],[28.8665588,41.0880091],[28.8665447,41.0879949],[28.8674644,41.0874938],[28.8674884,41.0875184],[28.8665749,41.0880254]],[[28.871291,41.0849244],[28.8712624,41.0849094],[28.8718483,41.0842747],[28.8718608,41.0842812],[28.8718768,41.0842896],[28.871291,41.0849244]],[[28.8748964,41.0809567],[28.8749277,41.0809714],[28.8749558,41.080988],[28.8743009,41.0816863],[28.8742549,41.0816626],[28.8748964,41.0809567]],[[28.8819278,41.0754391],[28.8819095,41.0754116],[28.881899,41.075398],[28.882968,41.074986],[28.882984,41.0750097],[28.8829968,41.0750286],[28.8819278,41.0754391]],[[28.887318,41.0728852],[28.8873025,41.0728722],[28.8872926,41.0728639],[28.8881462,41.0722914],[28.8881582,41.0723022],[28.8881706,41.0723134],[28.887318,41.0728852]],[[28.8952002,41.0688273],[28.8951732,41.068805],[28.8951598,41.068794],[28.8953789,41.0686362],[28.8958039,41.0683131],[28.8960158,41.068152],[28.8960386,41.0681691],[28.8960554,41.0681818],[28.8952002,41.0688273]],[[28.9019287,41.0622043],[28.9019041,41.0621975],[28.9018798,41.0621908],[28.9022488,41.0614348],[28.9022726,41.0614414],[28.9022978,41.0614484],[28.9019287,41.0622043]],[[28.9065467,41.0575661],[28.9065377,41.0575588],[28.906531,41.0575533],[28.9073429,41.0569725],[28.9073638,41.0569898],[28.9065467,41.0575661]],[[28.9104965,41.0536481],[28.9101167,41.0545065],[28.9100697,41.0544975],[28.9100558,41.0544948],[28.9104388,41.0536329],[28.9104703,41.0536412],[28.9104965,41.0536481]],[[28.9158975,41.0461337],[28.9159014,41.0461352],[28.9153596,41.0469573],[28.9153541,41.0469553],[28.91532,41.0469425],[28.9153052,41.0469369],[28.9152971,41.0469339],[28.9158391,41.0461118],[28.9158461,41.0461145],[28.9158601,41.0461197],[28.9158975,41.0461337]],[[28.9200493,41.0412799],[28.919158,41.0419228],[28.9191433,41.0419109],[28.9191301,41.0419002],[28.9200238,41.0412607],[28.920032,41.0412669],[28.9200493,41.0412799]],[[28.9236411,41.0366259],[28.9231425,41.0373965],[28.9231244,41.0373898],[28.923107,41.0373834],[28.9236058,41.0366128],[28.9236227,41.0366191],[28.9236411,41.0366259]],[[28.9277465,41.0343114],[28.9277395,41.0342992],[28.9287657,41.03396],[28.9287684,41.0339646],[28.9287728,41.0339724],[28.9277465,41.0343114]],[[28.927759,41.0343596],[28.9277444,41.0343348],[28.9287789,41.0339886],[28.9287866,41.0340016],[28.9287934,41.0340133],[28.927759,41.0343596]],[[28.9336778,41.0317508],[28.9336475,41.0317374],[28.9338336,41.0314979],[28.9337705,41.03147],[28.9338557,41.0313603],[28.9338719,41.0313675],[28.9338963,41.0313782],[28.933993,41.0312537],[28.9339982,41.031256],[28.9340208,41.031266],[28.9342776,41.0309355],[28.9343028,41.0309467],[28.9341511,41.0311418],[28.9336778,41.0317508]],[[28.9295576,41.0259346],[28.9295225,41.0259532],[28.9294506,41.0258759],[28.9293834,41.0258674],[28.9293289,41.0258088],[28.9293616,41.0257914],[28.9290475,41.0254532],[28.9290178,41.0254689],[28.9289406,41.0253859],[28.9289533,41.0253792],[28.9289713,41.0253697],[28.9289077,41.0253013],[28.9289485,41.0252798],[28.9295576,41.0259346]],[[28.9246687,41.0212972],[28.9254127,41.021878],[28.9254035,41.0218849],[28.9253934,41.0218924],[28.9246495,41.0213115],[28.9246687,41.0212972]],[[28.9212324,41.0197451],[28.92015,41.0196172],[28.9201426,41.019653],[28.9212272,41.0197811],[28.9212187,41.0198223],[28.920133,41.0196939],[28.9201275,41.0197191],[28.9212018,41.0198457],[28.9211964,41.0198716],[28.9200787,41.01974],[28.9200806,41.0197309],[28.9200834,41.0197173],[28.9200913,41.0196793],[28.9200998,41.019638],[28.9201042,41.0196171],[28.9201078,41.0195983],[28.9212356,41.0197295],[28.9212324,41.0197451]],[[28.8506954,41.1165918],[28.8508025,41.116508],[28.8511412,41.1162428],[28.8516376,41.1158709],[28.8517579,41.1157808],[28.8519732,41.1156429]],[[28.8519732,41.1156429],[28.8520811,41.1155848],[28.8522033,41.1155252],[28.8523481,41.1154656]],[[28.8523481,41.1154656],[28.8525948,41.1153818],[28.8531033,41.1152425]],[[28.8531033,41.1152425],[28.8533044,41.1151874]],[[28.8533044,41.1151874],[28.8552446,41.1146156],[28.8555251,41.1145239],[28.8557759,41.1144269],[28.8559891,41.114332],[28.8561755,41.1142218],[28.8563284,41.1141208],[28.8565081,41.1139905],[28.8566771,41.1138389],[28.8567791,41.1137278],[28.8569227,41.1135556],[28.8570017,41.1134317],[28.8570848,41.1132923],[28.857292,41.1128916],[28.8573357,41.1127991],[28.8575196,41.1124107],[28.8577792,41.1118768],[28.8579458,41.1115341],[28.8582145,41.110992],[28.859188,41.1090089],[28.8599777,41.1074001],[28.8600066,41.1073405],[28.8600465,41.1072581],[28.8602567,41.1068186],[28.8604819,41.1063455],[28.8609195,41.105426],[28.8613428,41.1045516],[28.8615781,41.1040043],[28.8622311,41.1026119],[28.8627411,41.1015478],[28.8628028,41.101375],[28.8628478,41.1012139],[28.8628537,41.1011224],[28.8628742,41.1007147],[28.8628946,41.1002839],[28.862921,41.0997821],[28.8630032,41.0988751],[28.8630652,41.0980971],[28.8630664,41.0980738],[28.8630688,41.0980341],[28.8630702,41.097967],[28.8631325,41.0972295],[28.8631825,41.0968812],[28.863784,41.0937698],[28.8638623,41.0933385],[28.8639616,41.0928606],[28.8639723,41.0928091],[28.8641595,41.0919083],[28.8645253,41.0901389],[28.8645762,41.0899428],[28.864658,41.0897477],[28.8647868,41.0895435],[28.8649182,41.0893757],[28.8654882,41.0887693],[28.8656397,41.0886257],[28.8657836,41.0884988],[28.8659682,41.0883541],[28.8663235,41.0881127],[28.866539,41.0879872],[28.8669014,41.087787],[28.8683085,41.0870246],[28.8683474,41.0870035],[28.8691337,41.0865703],[28.8695812,41.0863262],[28.8699296,41.0861001],[28.8701418,41.0859539],[28.8703558,41.0857908],[28.8706743,41.0855064],[28.8709626,41.0852108],[28.8715664,41.0845661],[28.8723668,41.0836984],[28.8726598,41.0833913],[28.873701,41.0822702],[28.8739214,41.082003]],[[28.8739214,41.082003],[28.8745733,41.0812918],[28.8746222,41.0812394]],[[28.8746222,41.0812394],[28.8748908,41.0809539],[28.8750904,41.0807422],[28.8752991,41.0805105],[28.8755337,41.0802804],[28.8757989,41.0800205],[28.8767461,41.0789894],[28.8769639,41.0787778],[28.8771753,41.0785841]],[[28.8771753,41.0785841],[28.8797501,41.0765056],[28.8800419,41.0762897],[28.8802813,41.0761379],[28.8805629,41.0759616],[28.8809025,41.0758045],[28.881432,41.0755921],[28.8819001,41.0753883],[28.8824304,41.0751817],[28.8829668,41.0749786],[28.8833649,41.0748381],[28.8847702,41.0743311],[28.8853286,41.0741075],[28.8855417,41.0740058],[28.8857548,41.0738847],[28.8862473,41.0735877],[28.8868804,41.0731545],[28.887287,41.0728594],[28.8877129,41.0725735],[28.8881348,41.072281],[28.8882672,41.072201],[28.8885141,41.0720664],[28.8891392,41.0717635],[28.893434,41.0699178],[28.8937352,41.06977],[28.8939801,41.0696261],[28.8947874,41.0690672],[28.8951519,41.0687848],[28.8956044,41.0684467],[28.896007,41.0681458],[28.8963786,41.0678947],[28.8980338,41.0666603],[28.9003313,41.0650792],[28.9004432,41.064949],[28.9005076,41.0648411]],[[28.9005076,41.0648411],[28.9007832,41.0643391],[28.9017067,41.0625202],[28.9018069,41.0623153],[28.9019062,41.0621082],[28.9020548,41.0618015],[28.9022492,41.0613995],[28.9022931,41.0613077],[28.9025191,41.0608472],[28.9026854,41.0605394],[28.9028369,41.060297],[28.9029613,41.0601499],[28.9031048,41.0599901],[28.9033315,41.0597899],[28.9035326,41.0596412],[28.9042926,41.059094],[28.9064707,41.0575817],[28.9067738,41.057372],[28.9073338,41.056968],[28.9077133,41.0567086],[28.9091148,41.0556825]],[[28.9091148,41.0556825],[28.9094963,41.0554007],[28.9096642,41.0552402],[28.909854,41.0549358],[28.9099949,41.0546835],[28.9100494,41.0544939],[28.9102178,41.0541152],[28.9104306,41.05363],[28.9105585,41.0533859],[28.9105733,41.0533414],[28.9107597,41.052287],[28.9108408,41.0520202],[28.9109277,41.0517845],[28.9111496,41.0513722],[28.9124728,41.0494065],[28.9126206,41.0492371],[28.9127899,41.0490647],[28.9129373,41.0489481],[28.9130868,41.0488376],[28.9144093,41.0480246],[28.9145335,41.0479397],[28.9146247,41.0478548],[28.9147839,41.047689],[28.914962,41.0474367],[28.915292,41.0469312],[28.9155264,41.0465704],[28.9158276,41.0461092],[28.916061,41.0457952],[28.9171298,41.0438596],[28.9172082,41.0437351],[28.9174781,41.0433908],[28.9182843,41.0425255],[28.9183381,41.0424811],[28.9189664,41.0420269],[28.9191205,41.0419045],[28.9195261,41.0416106],[28.9200215,41.0412543],[28.9202872,41.0410648],[28.9205033,41.0408899],[28.9208706,41.0405474],[28.9210894,41.0403075],[28.9211716,41.0402177],[28.9213328,41.0400233],[28.9216351,41.0395479],[28.9220326,41.0390215]],[[28.9220326,41.0390215],[28.9222594,41.0387148],[28.9223652,41.0385617],[28.9229257,41.0376779],[28.9230618,41.0374371],[28.9233484,41.0369846],[28.9236029,41.0365872],[28.9238458,41.0362346],[28.9240369,41.0360166],[28.9241342,41.0359112],[28.924235,41.0358211],[28.9243229,41.0357374],[28.9245052,41.0355928],[28.9245922,41.0355328],[28.9247663,41.0354175],[28.9248693,41.0353679],[28.9250952,41.0352523],[28.9253476,41.0351392],[28.9255643,41.0350577],[28.9258104,41.0349763],[28.9273775,41.0344578],[28.9277369,41.0343243],[28.9282944,41.0341412],[28.928504,41.0340724],[28.9287988,41.0339725],[28.9295057,41.0337384]],[[28.9295057,41.0337384],[28.9302837,41.0334899]],[[28.9302837,41.0334899],[28.9318051,41.0330188],[28.9321142,41.0329212],[28.9323851,41.0328261],[28.9328049,41.0326511],[28.9331268,41.0325074],[28.9332918,41.032409]],[[28.9332918,41.032409],[28.933365,41.0323392],[28.9334195,41.0322702],[28.9335001,41.0321433],[28.9336487,41.0318448],[28.933691,41.03178],[28.9340531,41.0313088],[28.9343263,41.0309531],[28.9344019,41.0308429],[28.934421,41.0307312],[28.9344145,41.0306052],[28.9343567,41.0304679],[28.9342573,41.0303421],[28.9321843,41.0283098]],[[28.9321843,41.0283098],[28.9316202,41.027769],[28.9308758,41.0270571],[28.930525,41.0267351]],[[28.930525,41.0267351],[28.9300915,41.0264131],[28.9299523,41.0263031],[28.9298172,41.0261787],[28.9296438,41.0260029],[28.9292392,41.0255685],[28.9284486,41.0247185],[28.927295,41.0236113]],[[28.927295,41.0236113],[28.9255342,41.0219746],[28.9252655,41.021739],[28.9249855,41.0215177],[28.9243735,41.0210579],[28.924061,41.0208282],[28.9238091,41.0206664],[28.9234926,41.0205024],[28.9230819,41.0203293],[28.922952,41.0202746]],[[28.9227814,41.0201616],[28.922952,41.0202746]],[[28.9227814,41.0201616],[28.9224481,41.0200231],[28.9222862,41.0199623],[28.922041,41.0199018],[28.92171,41.0198272],[28.9213599,41.0197787],[28.9205779,41.0196904],[28.9201583,41.0196414]]]}},{"type":"Feature","properties":{"route":"tram","name":"T4: Topkapı → Mescid-i Selam","colour":"orange"},"geometry":{"type":"MultiLineString","coordinates":[[[28.9212324,41.0197451],[28.92015,41.0196172],[28.9201426,41.019653],[28.9212272,41.0197811],[28.9212187,41.0198223],[28.920133,41.0196939],[28.9201275,41.0197191],[28.9212018,41.0198457],[28.9211964,41.0198716],[28.9200787,41.01974],[28.9200806,41.0197309],[28.9200834,41.0197173],[28.9200913,41.0196793],[28.9200998,41.019638],[28.9201042,41.0196171],[28.9201078,41.0195983],[28.9212356,41.0197295],[28.9212324,41.0197451]],[[28.9247454,41.0212402],[28.9254873,41.021831],[28.9254791,41.0218371],[28.9254679,41.0218454],[28.9247261,41.0212545],[28.9247454,41.0212402]],[[28.9337481,41.0317831],[28.9337892,41.0318012],[28.9339735,41.0315621],[28.9340256,41.031585],[28.9341115,41.0314735],[28.9340978,41.0314675],[28.9340795,41.0314595],[28.9341792,41.0313303],[28.9341717,41.0313287],[28.9341475,41.0313181],[28.9344036,41.0309857],[28.9343731,41.0309723],[28.9342196,41.0311715],[28.9337481,41.0317831]],[[28.927759,41.0343596],[28.9277444,41.0343348],[28.9287789,41.0339886],[28.9287866,41.0340016],[28.9287934,41.0340133],[28.927759,41.0343596]],[[28.9236411,41.0366259],[28.9231425,41.0373965],[28.9231244,41.0373898],[28.923107,41.0373834],[28.9236058,41.0366128],[28.9236227,41.0366191],[28.9236411,41.0366259]],[[28.9200493,41.0412799],[28.919158,41.0419228],[28.9191433,41.0419109],[28.9191301,41.0419002],[28.9200238,41.0412607],[28.920032,41.0412669],[28.9200493,41.0412799]],[[28.9158975,41.0461337],[28.9159014,41.0461352],[28.9153596,41.0469573],[28.9153541,41.0469553],[28.91532,41.0469425],[28.9153052,41.0469369],[28.9152971,41.0469339],[28.9158391,41.0461118],[28.9158461,41.0461145],[28.9158601,41.0461197],[28.9158975,41.0461337]],[[28.9104965,41.0536481],[28.9101167,41.0545065],[28.9100697,41.0544975],[28.9100558,41.0544948],[28.9104388,41.0536329],[28.9104703,41.0536412],[28.9104965,41.0536481]],[[28.9065467,41.0575661],[28.9065377,41.0575588],[28.906531,41.0575533],[28.9073429,41.0569725],[28.9073638,41.0569898],[28.9065467,41.0575661]],[[28.9019287,41.0622043],[28.9019041,41.0621975],[28.9018798,41.0621908],[28.9022488,41.0614348],[28.9022726,41.0614414],[28.9022978,41.0614484],[28.9019287,41.0622043]],[[28.8952002,41.0688273],[28.8951732,41.068805],[28.8951598,41.068794],[28.8953789,41.0686362],[28.8958039,41.0683131],[28.8960158,41.068152],[28.8960386,41.0681691],[28.8960554,41.0681818],[28.8952002,41.0688273]],[[28.887318,41.0728852],[28.8873025,41.0728722],[28.8872926,41.0728639],[28.8881462,41.0722914],[28.8881582,41.0723022],[28.8881706,41.0723134],[28.887318,41.0728852]],[[28.8819278,41.0754391],[28.8819095,41.0754116],[28.881899,41.075398],[28.882968,41.074986],[28.882984,41.0750097],[28.8829968,41.0750286],[28.8819278,41.0754391]],[[28.8748964,41.0809567],[28.8749277,41.0809714],[28.8749558,41.080988],[28.8743009,41.0816863],[28.8742549,41.0816626],[28.8748964,41.0809567]],[[28.8720465,41.0840838],[28.8720274,41.0840735],[28.8726709,41.0833948],[28.8727017,41.0834114],[28.8720579,41.08409],[28.8720465,41.0840838]],[[28.8665749,41.0880254],[28.8665588,41.0880091],[28.8665447,41.0879949],[28.8674644,41.0874938],[28.8674884,41.0875184],[28.8665749,41.0880254]],[[28.8639985,41.0927895],[28.8640071,41.0927905],[28.864014,41.0927913],[28.8641698,41.0920354],[28.8641607,41.0920343],[28.8641544,41.0920336],[28.8639985,41.0927895]],[[28.8629703,41.0997088],[28.8629603,41.0997083],[28.862946,41.0997076],[28.863013,41.098942],[28.8630247,41.0989426],[28.8630375,41.0989432],[28.8629703,41.0997088]],[[28.8605517,41.1062317],[28.8605647,41.1062352],[28.8605769,41.1062384],[28.8609323,41.1054887],[28.860921,41.1054856],[28.8609074,41.1054819],[28.8605517,41.1062317]],[[28.8581989,41.111058],[28.8578135,41.1118476],[28.8578257,41.1118509],[28.8578412,41.1118552],[28.8582268,41.1110658],[28.8582122,41.1110617],[28.8581989,41.111058]],[[28.8516485,41.1159259],[28.8516329,41.1159143],[28.8516157,41.1159014],[28.8508474,41.1164847],[28.8508636,41.1164968],[28.8508801,41.1165092],[28.8516485,41.1159259]],[[28.9227814,41.0201616],[28.9224481,41.0200231],[28.9222862,41.0199623],[28.922041,41.0199018],[28.92171,41.0198272],[28.9213599,41.0197787],[28.9205779,41.0196904],[28.9201583,41.0196414]],[[28.9227814,41.0201616],[28.9233779,41.0204129],[28.9235178,41.0204718],[28.9238381,41.0206378],[28.9240931,41.0208016],[28.9244069,41.0210323],[28.9250196,41.0214925],[28.9253001,41.0217143],[28.9255646,41.0219532],[28.9273285,41.0235924]],[[28.9273285,41.0235924],[28.9284589,41.0246937],[28.9292725,41.0255516],[28.9296718,41.0259808],[28.9298538,41.0261634],[28.9299796,41.0262741],[28.9300694,41.0263509],[28.9302024,41.0264501],[28.930554,41.0267161]],[[28.930554,41.0267161],[28.930916,41.0270427],[28.931665,41.0277517],[28.9319672,41.0280449],[28.9322171,41.0282873]],[[28.9322171,41.0282873],[28.9342883,41.0303283],[28.9343962,41.0304478],[28.9344621,41.0306129],[28.9344615,41.030723],[28.9344386,41.0308569],[28.9343572,41.0309678],[28.9340828,41.0313255],[28.9337235,41.0317943],[28.933685,41.0318555],[28.9335243,41.0321711],[28.9334627,41.0322829],[28.9334073,41.0323535],[28.9333223,41.0324301]],[[28.9333223,41.0324301],[28.9331442,41.0325388],[28.9328278,41.0326775],[28.9323959,41.0328534],[28.9321196,41.0329485],[28.9318238,41.0330461],[28.9303393,41.0335162]],[[28.9303393,41.0335162],[28.9295275,41.0337811]],[[28.9295275,41.0337811],[28.9288208,41.034016],[28.9283291,41.0341778],[28.9261322,41.0349044],[28.9255831,41.035086],[28.925339,41.0351821],[28.9250561,41.0353106],[28.9248473,41.0354198],[28.9247584,41.0354697],[28.9245723,41.035597],[28.9243922,41.0357378],[28.9241838,41.0359334],[28.9240886,41.0360348],[28.9238971,41.0362654],[28.9236652,41.0366089],[28.9234199,41.0369942],[28.9231181,41.0374582],[28.9229588,41.0376881],[28.9223945,41.0385768],[28.9222933,41.038729],[28.9220619,41.0390371]],[[28.9220619,41.0390371],[28.9216525,41.0395709],[28.9213643,41.0400266],[28.9211223,41.0403223],[28.9209348,41.0405161],[28.9205271,41.0409086],[28.9203141,41.0410788],[28.9200475,41.041285],[28.9195597,41.0416372],[28.9191553,41.0419293],[28.918978,41.0420408],[28.9183483,41.0424958],[28.9183006,41.0425381],[28.9175001,41.0434011],[28.9172172,41.043761],[28.9171661,41.0438479],[28.9160898,41.0457992],[28.9159083,41.0461385],[28.9156112,41.0465961],[28.9153667,41.0469601],[28.9149977,41.0474489],[28.9148123,41.0476998],[28.9146564,41.0478584],[28.9145539,41.0479486],[28.9144242,41.0480371],[28.9131004,41.0488561],[28.9129472,41.0489606],[28.9128177,41.0490673],[28.9126416,41.0492561],[28.9125027,41.0494112],[28.9111799,41.0513862],[28.91096,41.0517957],[28.9108811,41.0520245],[28.9108068,41.0522932],[28.9106042,41.0533443],[28.9105913,41.0533948],[28.9105099,41.0536504],[28.9102896,41.0541314],[28.9101236,41.0545082],[28.9100164,41.0546864],[28.9098828,41.0549505],[28.909686,41.0552526],[28.90952,41.0554194],[28.9091384,41.0557051]],[[28.9091384,41.0557051],[28.907729,41.0567256],[28.9073722,41.0569953],[28.9068063,41.0573925],[28.9065047,41.0576089],[28.9043303,41.0591246],[28.9037579,41.0595269],[28.9034413,41.0597556],[28.903192,41.0599667],[28.9030257,41.0601347],[28.9028769,41.0603167],[28.9027489,41.0605264],[28.9026252,41.0607836],[28.9023192,41.0614238],[28.9021462,41.0618161],[28.902107,41.0618951],[28.9018641,41.0623323],[28.9018199,41.0624152],[28.9016013,41.0628596],[28.9012344,41.0635731],[28.9008382,41.0643464],[28.9005499,41.0648566]],[[28.9005499,41.0648566],[28.9004848,41.0649679],[28.900357,41.0651021],[28.8980561,41.0666685],[28.8963901,41.0679091],[28.8960662,41.0681876],[28.8956653,41.0684906],[28.8952142,41.0688314],[28.8948053,41.0690843],[28.8940143,41.0696429],[28.8937614,41.069794],[28.8934589,41.0699379],[28.8891531,41.0717843],[28.8885394,41.0720916],[28.8881802,41.0723207],[28.887741,41.0726115],[28.8873274,41.0728913],[28.8869031,41.0731712],[28.8864155,41.0735223],[28.8860676,41.0737447],[28.8857621,41.073921],[28.8855474,41.0740405],[28.8853441,41.0741365],[28.8847763,41.0743631],[28.8833575,41.0748617],[28.8830049,41.0750337],[28.8826158,41.0751906],[28.8824928,41.0752328],[28.881937,41.0754439],[28.8814471,41.075618],[28.8809142,41.0758393],[28.8806045,41.0759809],[28.8803101,41.0761667],[28.880074,41.0763163],[28.8797843,41.0765306],[28.8772046,41.0786015]],[[28.8772046,41.0786015],[28.8769941,41.0787989],[28.876775,41.0790037],[28.8758445,41.0800348],[28.8755858,41.080302],[28.8753587,41.0805398],[28.8749597,41.0809905],[28.8746922,41.0812808]],[[28.8746922,41.0812808],[28.8746545,41.0813225],[28.873991,41.0820552]],[[28.873991,41.0820552],[28.8737421,41.0822903],[28.8727134,41.0834172],[28.8724297,41.0837323],[28.8716166,41.0845866],[28.8710151,41.085236],[28.8707222,41.0855216],[28.8703967,41.0858128],[28.8701701,41.0859858],[28.8699561,41.0861358],[28.8696188,41.0863494],[28.8691588,41.0866051],[28.8688603,41.0867721],[28.8686913,41.0868652],[28.8669521,41.0878266],[28.8665799,41.0880327],[28.8663634,41.0881622],[28.8660281,41.0883899],[28.8658436,41.0885428],[28.8656934,41.0886585],[28.8655382,41.0887935],[28.8649531,41.0894],[28.8648321,41.089563],[28.8647129,41.0897628],[28.8646263,41.0899519],[28.8645757,41.0901453],[28.8642089,41.0919168],[28.8641293,41.0923097],[28.8640268,41.0928155],[28.8640164,41.092867],[28.86383,41.0937769],[28.8632216,41.0968836],[28.863174,41.0972327],[28.8631249,41.0979079],[28.8631199,41.0979768],[28.8631179,41.0980442],[28.8631117,41.0980808],[28.8630633,41.0988782],[28.8630169,41.0993241],[28.8629811,41.0997835],[28.8629336,41.1007147],[28.8629065,41.1011208],[28.8628892,41.1012269],[28.8628489,41.1013836],[28.862778,41.1015633],[28.8622753,41.1026232],[28.8616236,41.1040174],[28.8612701,41.1048135],[28.8609779,41.1054407],[28.8608215,41.1057675],[28.860535,41.1063581],[28.8600978,41.107272],[28.8600576,41.107355],[28.8600286,41.1074145],[28.8592421,41.1090223],[28.8582676,41.1110046],[28.858,41.111554],[28.8578363,41.1118904],[28.8573927,41.1128129],[28.8573498,41.1129071],[28.8570714,41.1134155],[28.8569748,41.1135691],[28.8568211,41.1137514],[28.8566919,41.1138813],[28.856535,41.1140207],[28.856374,41.11414],[28.8562028,41.1142479],[28.8560213,41.1143552],[28.8557947,41.1144573],[28.8555412,41.1145563],[28.8552619,41.1146501],[28.8535937,41.1151435]],[[28.8535937,41.1151435],[28.853355,41.1152109],[28.8528262,41.1153604]],[[28.8528262,41.1153604],[28.8526108,41.115422],[28.8523731,41.1155054]],[[28.8523731,41.1155054],[28.8522203,41.1155681],[28.8521106,41.1156251],[28.8520056,41.1156892]],[[28.8520056,41.1156892],[28.8518054,41.1158209],[28.8516897,41.1159078],[28.8511849,41.116287],[28.8508533,41.1165428],[28.8507501,41.1166184]]]}},{"type":"Feature","properties":{"route":"subway","name":"M9: Olimpiyat → Ataköy","colour":null},"geometry":{"type":"MultiLineString","coordinates":[[[28.7989547,41.0517451],[28.7989046,41.0517438],[28.7988998,41.0518492],[28.7988965,41.0519214],[28.7986462,41.0519148],[28.7986495,41.0518438],[28.7986546,41.0517314],[28.7985917,41.0517297],[28.7985507,41.0526181],[28.7986095,41.0526197],[28.7986163,41.0524731],[28.7986194,41.0524066],[28.7988705,41.0524133],[28.7988675,41.0524785],[28.7988607,41.0526252],[28.7989138,41.0526266],[28.7989547,41.0517451]],[[28.8227699,40.999308],[28.8225921,40.9992907],[28.8224411,41.0001695],[28.8226192,41.0001869],[28.8227699,40.999308]],[[28.8568673,40.9799735],[28.8568618,40.9798382],[28.8556881,40.9798656],[28.8556937,40.9800011],[28.8568673,40.9799735]],[[28.7658401,41.0797661],[28.7670768,41.0796429]],[[28.7670768,41.0796429],[28.7686629,41.0794849],[28.7688361,41.0794713]],[[28.7688361,41.0794713],[28.7698636,41.0793324],[28.770553,41.0792476],[28.7713108,41.0791349],[28.7716056,41.0790689],[28.7720445,41.078968],[28.7727867,41.0786126]],[[28.7784091,41.0758037],[28.7727867,41.0786126]],[[28.7784091,41.0758037],[28.7787679,41.0756467],[28.7800071,41.0753221],[28.7808398,41.0751376],[28.7832965,41.074759],[28.7853029,41.0744482],[28.7863472,41.0743574],[28.7874858,41.0742471],[28.7901999,41.0741251],[28.7913314,41.0741383],[28.7922736,41.0741578],[28.7923927,41.0741603],[28.7934011,41.0742819],[28.7944283,41.0744082],[28.7962944,41.0746125],[28.7978691,41.0747505],[28.7985259,41.0747333],[28.7989247,41.0746761],[28.7993415,41.0745945],[28.799659,41.0744542],[28.799896,41.0742844],[28.8010908,41.0731905],[28.802572,41.0718243],[28.8034331,41.0710339],[28.8041472,41.0703869],[28.8056659,41.0689776],[28.8058044,41.0688311],[28.8060631,41.0684988],[28.8064099,41.0679553],[28.806529,41.0677156],[28.8066186,41.0675026],[28.8067363,41.0672141],[28.8067951,41.0669477],[28.8067811,41.0664196],[28.8067243,41.066225],[28.8066381,41.0660393],[28.8063473,41.0657008],[28.8059597,41.0653195],[28.8051459,41.064797],[28.8040119,41.0642501],[28.8027411,41.0636372],[28.8023071,41.0634381],[28.801011,41.0627859],[28.8003019,41.0622974],[28.7998905,41.0618845],[28.7995587,41.0614758],[28.799227,41.0607298],[28.7991089,41.0603204],[28.7990262,41.0599431],[28.7990273,41.0592531],[28.7990883,41.0584764],[28.7991342,41.0569694],[28.7991411,41.0559349],[28.7991394,41.0554644],[28.7991055,41.0551399],[28.7989713,41.0547077],[28.7987973,41.0541944],[28.7986478,41.0537773],[28.7985582,41.0534261],[28.7985074,41.0530311],[28.7985262,41.0526598],[28.7985434,41.0521736],[28.7985612,41.051671],[28.7985827,41.0512004],[28.7986672,41.0508392],[28.7987646,41.0505996],[28.7989713,41.0501933],[28.8003639,41.0484367],[28.8009634,41.0477978],[28.8012319,41.0475712],[28.8015133,41.0473544],[28.8017736,41.0471737],[28.8020726,41.0469931],[28.8031446,41.0464676],[28.8037835,41.0462049],[28.804687,41.0457783],[28.805539,41.0453679],[28.8065088,41.0448501],[28.8071357,41.0445153],[28.8074925,41.0443073],[28.80786,41.044088],[28.8088003,41.0435268],[28.8114371,41.0419786],[28.8123007,41.0414573],[28.8125686,41.041256],[28.8127399,41.0410744],[28.8129707,41.040757],[28.8131122,41.0404131],[28.813192,41.0401521],[28.8132927,41.0397467],[28.8136309,41.0379557],[28.8137311,41.0373447],[28.8138039,41.0368884],[28.8139059,41.0362485],[28.8140862,41.0351178],[28.8143426,41.0338653],[28.814479,41.0331647],[28.8146464,41.0324048],[28.8155122,41.029182],[28.8156698,41.028623],[28.8157132,41.0284692],[28.8159634,41.0275147],[28.8162029,41.0260912],[28.8162669,41.0257218],[28.8163593,41.0250471],[28.8164316,41.0245191],[28.8164573,41.0243034],[28.8166257,41.0232814],[28.8169153,41.0216867],[28.817248,41.0196039],[28.8175315,41.0179535],[28.8175886,41.0175308],[28.8176587,41.0170355],[28.8177275,41.0164336],[28.8177644,41.0158333],[28.8177682,41.0154908],[28.8177513,41.014949],[28.8177342,41.0143989],[28.8177039,41.0133301],[28.8176846,41.0126151],[28.8176883,41.011184],[28.8177052,41.0102253],[28.8177141,41.009456],[28.8177287,41.0086867],[28.817726,41.0083066],[28.8177419,41.0079931],[28.8178045,41.007631],[28.817904,41.0072902],[28.8180169,41.0070029],[28.8184242,41.0061267],[28.8187289,41.0054711],[28.8188956,41.0051358],[28.8191651,41.0047275],[28.8195127,41.0043185],[28.8201442,41.0036768],[28.8207117,41.0032463],[28.8210052,41.0030221],[28.8212601,41.0027764],[28.8216333,41.0022703],[28.8219282,41.0016248],[28.8220406,41.001312],[28.8221536,41.0009803],[28.8223899,41.0002181],[28.8224774,40.9997334],[28.8225677,40.9992336],[28.8227517,40.9982142],[28.8227945,40.9980164],[28.8228261,40.9978017],[28.8228448,40.9971513],[28.822838,40.996445],[28.8228432,40.9945167],[28.8228808,40.9942429],[28.8229432,40.9940065],[28.8230164,40.9938176],[28.8231403,40.9935907],[28.8233538,40.9933198],[28.8236433,40.9930728],[28.8240387,40.992833],[28.8244577,40.9926469],[28.8250299,40.9925013],[28.8255683,40.9924575],[28.8271815,40.9925004],[28.8288528,40.9925896],[28.830995,40.9927248],[28.832045,40.9927643],[28.8330328,40.9927502],[28.8336327,40.9927084],[28.8341764,40.9926582],[28.8346564,40.9925894],[28.8352264,40.9924696],[28.835571,40.9923551],[28.8358258,40.992232],[28.8362499,40.9919928],[28.8365927,40.9917537],[28.8368721,40.991502],[28.8370954,40.9912504],[28.8372733,40.9910111],[28.837395,40.9907718],[28.8375054,40.9904983],[28.8377001,40.9894187],[28.8378638,40.9886218],[28.8381754,40.9875867],[28.8383763,40.9870427],[28.8386128,40.9866064],[28.8389476,40.9861528],[28.8393181,40.9856722],[28.8414286,40.9829609],[28.8419827,40.9823467],[28.8424298,40.9819074],[28.8430686,40.981474],[28.8436012,40.981182],[28.8440121,40.9809841],[28.844539,40.9808064],[28.8451646,40.9805992],[28.8457762,40.9804276],[28.8465126,40.9802694],[28.8472312,40.980141],[28.8478606,40.9800665],[28.8498053,40.9799493],[28.851269,40.979911],[28.8526538,40.9798999],[28.8527843,40.9799015],[28.8537654,40.9799136],[28.8539652,40.979916],[28.8553734,40.9798542],[28.8562751,40.979832]]]}},{"type":"Feature","properties":{"route":"subway","name":"M3: Kayaşehir Merkez → Bakırköy Sahil","colour":"#00A8E1"},"geometry":{"type":"MultiLineString","coordinates":[[[28.7663074,41.1190194],[28.7662886,41.1179622],[28.7662612,41.1173698],[28.7662428,41.1159691],[28.7662517,41.1151246],[28.7663199,41.1143559],[28.7663715,41.1137631],[28.7664372,41.1133077],[28.7674353,41.1085721],[28.7676568,41.1076722],[28.767853,41.1068258],[28.7683202,41.1049494],[28.7684172,41.1047344],[28.7686196,41.1043967],[28.7689951,41.103934],[28.7693706,41.1036206],[28.7698963,41.1032547],[28.7704221,41.1030062],[28.7707546,41.1028713],[28.7712038,41.1027615],[28.7717687,41.1026802],[28.7722361,41.1026802],[28.77275,41.1026994],[28.7732184,41.1027415],[28.7741783,41.1028539],[28.7775767,41.1032421],[28.7788489,41.1033874],[28.7792941,41.1034383],[28.7793644,41.1034463]],[[28.7793644,41.1034463],[28.780461,41.1035571],[28.7809889,41.1036533],[28.7816688,41.1038302],[28.7820512,41.1039935],[28.7825098,41.1042642],[28.7828059,41.1044923],[28.7832428,41.1048887]],[[28.7832428,41.1048887],[28.7833344,41.1049869],[28.7835589,41.105331],[28.7837381,41.1057447],[28.7838008,41.1062557],[28.7839028,41.1087592],[28.7839942,41.1092683],[28.7842059,41.1098787],[28.7844334,41.1102455],[28.78474,41.1106949],[28.7850258,41.1110142],[28.7854451,41.1113935],[28.7856488,41.1115267],[28.7859374,41.1116812],[28.7863874,41.111851],[28.790655,41.1132374],[28.7938512,41.1142568],[28.7942649,41.1143685],[28.7947323,41.1144803],[28.7953201,41.114591],[28.7958328,41.1146653],[28.7964045,41.1147383],[28.7968307,41.1147764],[28.7972516,41.1147741],[28.7976214,41.1147673],[28.7980877,41.114712],[28.7984736,41.1146491],[28.7988804,41.1145631],[28.7992012,41.1144788],[28.7995107,41.1143553],[28.7997865,41.1142374],[28.8000409,41.1141034],[28.8003827,41.1138895],[28.8006493,41.1136514],[28.8008087,41.1134719],[28.8009144,41.1132924],[28.8010033,41.1131091],[28.8010493,41.11295],[28.8013923,41.1102219],[28.8013953,41.1090952],[28.8013707,41.1082082],[28.8013483,41.1074035],[28.8013136,41.1061533],[28.8012638,41.1043617],[28.8012111,41.1041726],[28.801116,41.1039441],[28.8010228,41.1038142],[28.8009,41.103702],[28.800684,41.1035666],[28.7936091,41.1007059],[28.7928631,41.1002833],[28.7923759,41.0998235],[28.7918659,41.0992005],[28.7914624,41.0984976],[28.7912054,41.0978308],[28.7908885,41.0968989],[28.7905705,41.0958523],[28.7905441,41.0951],[28.7906849,41.0944137],[28.7911196,41.0936974],[28.7916451,41.0931668],[28.7946061,41.0907935],[28.7952482,41.0902043],[28.7956182,41.0896413],[28.7960732,41.0889248],[28.7964387,41.0882116],[28.796835,41.0874598],[28.7975175,41.0858801],[28.7978484,41.0844468],[28.7978664,41.0833432],[28.7976938,41.0822761],[28.7975932,41.0818885],[28.797397,41.0812117],[28.797155,41.0803614],[28.7970811,41.0799784],[28.7970654,41.0791881],[28.7971355,41.0784998],[28.79731,41.0779696],[28.7976225,41.0774699],[28.799292,41.075172],[28.8013504,41.0732837],[28.8018246,41.0728691],[28.8022334,41.0725117],[28.8028419,41.0719797],[28.8037015,41.0711844],[28.8043621,41.0705935],[28.8050957,41.0699589],[28.8055956,41.0696036],[28.8063573,41.0693287],[28.8071776,41.0691652],[28.8178051,41.0687543],[28.819232,41.0685683],[28.8206589,41.0682205],[28.8220751,41.0676462],[28.8241779,41.0664248],[28.8252202,41.065558],[28.8259022,41.0649529],[28.8265894,41.0643555],[28.8279811,41.0629895],[28.8298389,41.0603161],[28.8304318,41.0592147],[28.8307437,41.0584393],[28.8308777,41.057728],[28.8309072,41.057155],[28.8308576,41.0566464],[28.8307643,41.0561852],[28.8305816,41.0552752],[28.8302532,41.0537699],[28.8301955,41.0534425],[28.8301743,41.0531642],[28.8302121,41.0528848],[28.8303006,41.0525477],[28.8304466,41.0522367],[28.8307665,41.051629],[28.8339278,41.0459448],[28.8352516,41.042778],[28.8356687,41.0412095],[28.8358614,41.0403852],[28.8360607,41.0395613],[28.8362194,41.0388997],[28.8364506,41.0383595],[28.8368475,41.0377931],[28.8374645,41.0372428],[28.8393795,41.0362959],[28.8402486,41.0357132],[28.8406851,41.0353531],[28.8410655,41.0349471],[28.8415087,41.0342994],[28.8420437,41.0334121]],[[28.8420437,41.0334121],[28.8423866,41.0328357],[28.842869,41.0319731],[28.8433984,41.0310681],[28.844603,41.0291253],[28.8447528,41.0289376],[28.8449027,41.0287998],[28.8451022,41.0286371],[28.8453018,41.0285077],[28.8466535,41.0276829],[28.8469807,41.0273894],[28.8472357,41.0270416],[28.8473939,41.0267634],[28.8478547,41.025915],[28.8482417,41.0252026],[28.8486877,41.0243949],[28.8488499,41.0241145]],[[28.8488499,41.0241145],[28.8493106,41.0233178],[28.8495998,41.0228987],[28.8498337,41.0226045],[28.8501442,41.0222878],[28.8504601,41.0220086],[28.8507767,41.0217464],[28.8512941,41.0214135],[28.8518458,41.021126],[28.8522604,41.0209579],[28.8552099,41.020196],[28.8561043,41.019935],[28.8569286,41.019608],[28.8576153,41.0193103],[28.8598591,41.018277],[28.8603651,41.0179413],[28.8607157,41.0176241],[28.860881,41.0173884],[28.861017,41.0171227],[28.8611364,41.0168742],[28.8614649,41.0159792],[28.8617492,41.0153444],[28.861967,41.0150225],[28.8621848,41.0147339],[28.8627418,41.0140483],[28.8632882,41.0134691],[28.8639119,41.0128649],[28.8653897,41.0115402],[28.8660817,41.0109199],[28.8665281,41.0104802],[28.8708427,41.0052479],[28.8715119,41.0045686],[28.8729136,41.0031576],[28.8730894,41.0028878],[28.8731812,41.0026724],[28.8732538,41.0024454],[28.8733978,41.0017399],[28.8735802,41.0006113],[28.8736773,41.0000981],[28.873847,40.9996189],[28.8740438,40.9991709],[28.8742406,40.9987804],[28.8748923,40.9975849],[28.8755856,40.9963132],[28.8757141,40.996016],[28.8758117,40.9957444],[28.8758704,40.9955005],[28.8759202,40.9952264],[28.8759514,40.99488],[28.8759558,40.9946008],[28.8759365,40.994227],[28.8758949,40.9938801],[28.8757748,40.9934472],[28.875694,40.9932727],[28.8755375,40.993004],[28.8734246,40.9910443],[28.8729639,40.9904818],[28.8724358,40.9896991],[28.8720491,40.9890345],[28.8718512,40.9885622],[28.8717157,40.9881167],[28.8716333,40.9877618],[28.8715398,40.9871126],[28.8715153,40.9867105],[28.871567,40.9860257],[28.8716779,40.9853328],[28.8718405,40.9848426],[28.8720477,40.9844063],[28.8738997,40.981648],[28.8744055,40.9809348],[28.8747759,40.9803983],[28.874987,40.9801426],[28.8763994,40.9785278],[28.8767781,40.9780682],[28.8769797,40.9777795],[28.8772877,40.9773247],[28.8773961,40.9770992],[28.8774904,40.9768439],[28.8775285,40.9766028],[28.8775167,40.9763351],[28.877402,40.9760454],[28.8772609,40.9757199],[28.8770445,40.9754164],[28.876808,40.9751175],[28.8764688,40.9748677],[28.876199,40.9746656],[28.875855,40.9744667],[28.8754221,40.9742653],[28.8747665,40.974019],[28.8744568,40.9739205],[28.8740933,40.9738239],[28.8736034,40.973712],[28.8726462,40.973534],[28.8720341,40.9734459],[28.8716756,40.9734112],[28.8713018,40.9733811],[28.87094,40.9733804],[28.8705504,40.9733912],[28.8680341,40.9737426]]]}},{"type":"Feature","properties":{"route":"subway","name":"M2: Hacıosman - Yenikapı","colour":"#009A4C"},"geometry":{"type":"MultiLineString","coordinates":[[[29.0329566,41.1414596],[29.0303462,41.1398775],[29.0276252,41.1383372],[29.0267369,41.1377327],[29.0265743,41.137571],[29.0264504,41.1373802],[29.0262738,41.1369495],[29.0261771,41.1366274],[29.0260195,41.1360526],[29.0259331,41.1357069]],[[29.0259331,41.1357069],[29.0248462,41.1317375],[29.0247369,41.1313579],[29.0247032,41.1308231],[29.0248677,41.1292867],[29.0249811,41.1284757],[29.0252477,41.1270584],[29.0253461,41.1265523],[29.0252542,41.1260546],[29.0248828,41.1250715],[29.0248003,41.1248741],[29.024052,41.1231329],[29.0239297,41.1228147],[29.0237956,41.1224389],[29.0237399,41.1221554],[29.0237059,41.1218374],[29.0236865,41.1214399],[29.0236954,41.1210699],[29.0237315,41.1206826],[29.0239231,41.1188473],[29.0239613,41.1181945],[29.0240227,41.1172407],[29.0240963,41.1163836],[29.0243521,41.1140511],[29.0244688,41.113528],[29.0251911,41.1107302],[29.0252421,41.110277],[29.0251418,41.1099163],[29.0250594,41.1097417],[29.024882,41.1095104],[29.0244919,41.1091624],[29.0241092,41.1089218],[29.0238284,41.108772],[29.0234167,41.1086257],[29.0227233,41.1084554],[29.0219816,41.1083374],[29.0209202,41.1082049],[29.0198772,41.1080816],[29.0177071,41.1078217],[29.0168672,41.1076639],[29.0161667,41.1074738],[29.0153751,41.107219],[29.0146908,41.1069318],[29.0139812,41.1066023],[29.0132448,41.1061839],[29.0126317,41.1058017],[29.0093694,41.1035086],[29.0077452,41.1021046],[29.006956,41.1012017],[29.0066805,41.100673],[29.0065048,41.1002326],[29.0054479,41.095897],[29.0052067,41.0950266],[29.0049849,41.0942446],[29.0047631,41.0934546],[29.0046162,41.0928555]],[[29.0046162,41.0928555],[29.0046007,41.0924009],[29.0046403,41.0920595],[29.0047491,41.0917007],[29.0059498,41.0882731],[29.0063076,41.0874308],[29.0065817,41.0868011],[29.0069725,41.086047],[29.0073568,41.0853246],[29.0080091,41.0840824],[29.0082365,41.0837061],[29.0086173,41.0832391],[29.0096946,41.0820466],[29.0101925,41.0814806],[29.0111452,41.0804269],[29.0118672,41.0794921],[29.0130069,41.0778679]],[[29.0130069,41.0778679],[29.0135732,41.0769862],[29.0142829,41.0758812]],[[29.0142829,41.0758812],[29.0145917,41.0752707],[29.0154022,41.0733713],[29.0154872,41.0731151],[29.0155295,41.0728291],[29.0155495,41.0725748],[29.0155415,41.0723768],[29.0155046,41.0721163],[29.0154491,41.0718678],[29.0153511,41.0715508],[29.0151708,41.0712605],[29.0149966,41.0710208],[29.0147978,41.0707951],[29.0146324,41.0706316],[29.0143517,41.0704615],[29.0135311,41.0700534],[29.0121747,41.0695203],[29.0110477,41.0691324],[29.0101969,41.0688396],[29.0083091,41.0682708],[29.0065821,41.0679],[29.005121,41.0676804],[28.9976729,41.0671592],[28.9968115,41.0670182],[28.9961218,41.066801],[28.9955027,41.0664996],[28.9926418,41.0646058],[28.9917509,41.0640155],[28.990806,41.0634344],[28.9879439,41.0617276],[28.9875669,41.0613587],[28.9873329,41.0610966],[28.9870871,41.0607989],[28.9868167,41.0603936],[28.9866052,41.0599172],[28.9864797,41.0595162],[28.9864367,41.0591595],[28.986434,41.0587908],[28.9864901,41.0583778],[28.9870059,41.0541828],[28.9872434,41.0527563],[28.9873931,41.0518291],[28.987477,41.0510064],[28.9874875,41.0502589],[28.9874437,41.0494201],[28.9873521,41.0486908],[28.9871922,41.0479748],[28.9865613,41.0460897],[28.9864236,41.0453548],[28.9863789,41.0449056],[28.9863772,41.044497],[28.9864102,41.0439026],[28.986454,41.042001],[28.986424,41.0415187],[28.9863182,41.0410549],[28.9856237,41.0389982],[28.9853609,41.0380886],[28.9851255,41.0373016],[28.984863,41.0363656],[28.9847279,41.0360297],[28.9844861,41.0357186],[28.9840779,41.0353712],[28.9768836,41.0307125],[28.9759862,41.0301416],[28.9747128,41.0294552]],[[28.9747128,41.0294552],[28.9734763,41.0288526],[28.9725882,41.0284104],[28.9716831,41.0279403],[28.9714658,41.0277796],[28.9712128,41.0275321],[28.970795,41.0270721],[28.9698563,41.0260321]],[[28.9698563,41.0260321],[28.9696448,41.0258141],[28.9665946,41.0226507],[28.9636666,41.0196126],[28.9634175,41.0193542]],[[28.9634175,41.0193542],[28.9632952,41.0192263],[28.9616816,41.0175547],[28.9610422,41.016928],[28.9605449,41.0163757],[28.9601257,41.0157621],[28.9599695,41.0153982],[28.9598468,41.0150539],[28.9597277,41.0145635],[28.9596519,41.013983],[28.9596119,41.0135088]],[[28.9596119,41.0135088],[28.9595144,41.0122579],[28.9594004,41.0105065]],[[28.9594004,41.0105065],[28.9593042,41.0092315],[28.9592002,41.008727],[28.9590589,41.008293],[28.9588954,41.0079515],[28.9587222,41.0077081],[28.9584938,41.0075114],[28.9582883,41.0073767],[28.9578939,41.0071875],[28.9574808,41.0070336],[28.9569043,41.0068836],[28.9544492,41.0063784]],[[28.9544492,41.0063784],[28.9527468,41.0058738]],[[28.9527468,41.0058738],[28.9515158,41.0056267],[28.9505283,41.0054285]]]}},{"type":"Feature","properties":{"route":"subway","name":"M1B: Kirazlı - Yenikapı","colour":"#E32726"},"geometry":{"type":"MultiLineString","coordinates":[[[28.8427176,41.0330764],[28.8425502,41.0324577],[28.8423771,41.0318178],[28.8421699,41.0310517]],[[28.8427176,41.0330764],[28.843303,41.0346461],[28.8436663,41.0352795],[28.8440467,41.035759],[28.8446041,41.0362171],[28.8450823,41.0364583],[28.8456014,41.036669],[28.8462782,41.0367997],[28.8467244,41.0368692],[28.847223,41.0368865],[28.847509,41.0368744],[28.8478425,41.036826],[28.8481548,41.0367563],[28.8514709,41.0354381],[28.8526024,41.0351477],[28.8536082,41.0349598],[28.8546986,41.0348093],[28.8558832,41.0346875],[28.8566186,41.0346156],[28.8573782,41.0345413],[28.8635516,41.0339369],[28.8642329,41.0339126],[28.8653058,41.0339733],[28.866561,41.0341756],[28.8671484,41.0343193],[28.8676849,41.0345297],[28.8680631,41.034734],[28.8685834,41.035078],[28.8702731,41.0363074],[28.8707483,41.036666],[28.871193,41.0369933],[28.8741807,41.0393833],[28.8744414,41.0396341],[28.8757288,41.0408762],[28.8762224,41.0413456],[28.8765013,41.0415721],[28.8767803,41.0417583],[28.8773489,41.0420698],[28.8785784,41.0427145],[28.8791795,41.0430297],[28.8798192,41.0433402],[28.8801371,41.0434718],[28.8806293,41.0435871],[28.8810477,41.0436457],[28.8815278,41.0436639],[28.8821232,41.0436194],[28.8827616,41.0435142],[28.8832444,41.0433928],[28.8837862,41.0431663],[28.8841832,41.0429276],[28.8846338,41.042523],[28.8849449,41.0421912],[28.8852856,41.0418129],[28.8855807,41.0414649]],[[28.8855807,41.0414649],[28.8857576,41.0412748],[28.8865759,41.040061],[28.8867113,41.0398602],[28.8871547,41.0392026],[28.8874138,41.0388182],[28.8878004,41.0382448],[28.8879704,41.0379893],[28.8881797,41.0377425],[28.8884532,41.0374876],[28.8887671,41.0372428]],[[28.8887671,41.0372428],[28.8889226,41.0371295],[28.889215,41.0369797],[28.889384,41.0369049],[28.889679,41.0367936],[28.8899848,41.0367097],[28.8903818,41.0366318],[28.8907385,41.0366075],[28.8911059,41.0366196],[28.8914023,41.036655],[28.8918408,41.0367582],[28.8933917,41.037141],[28.8935576,41.03719],[28.8936686,41.0372287],[28.8937489,41.0372764],[28.8938486,41.0373414],[28.8939174,41.0373975],[28.8939692,41.0374492],[28.8939973,41.0374771],[28.8940454,41.0375364],[28.8941127,41.0376716],[28.8941499,41.0378052],[28.8942826,41.0384984]],[[28.8942826,41.0384984],[28.8943179,41.038648],[28.8944257,41.0391048]],[[28.8944257,41.0391048],[28.894474,41.0393097],[28.8944995,41.0394179]],[[28.8944995,41.0394179],[28.8946163,41.0401083],[28.894751,41.0409049]],[[28.894751,41.0409049],[28.894758,41.0411507],[28.8947311,41.0413727],[28.8946402,41.0416525],[28.8945306,41.0418556],[28.8943381,41.0421959],[28.8940948,41.0425441]],[[28.8940948,41.0425441],[28.894073,41.0425799],[28.8938803,41.0428555]],[[28.8938803,41.0428555],[28.8938264,41.0429279],[28.8932731,41.0434891],[28.8929846,41.0439064],[28.8928096,41.0442393],[28.8926642,41.0446195],[28.8925584,41.0450153],[28.8925337,41.0452993]],[[28.8925337,41.0452993],[28.8925057,41.0455816]],[[28.8925057,41.0455816],[28.8925014,41.0458849],[28.8925128,41.0460561],[28.8925285,41.0461612],[28.8925632,41.0463137],[28.8926311,41.0465257],[28.8927057,41.0466915],[28.8928229,41.0469037],[28.8929037,41.0470063],[28.8929657,41.0470881],[28.8930473,41.0471859],[28.8932375,41.0473895]],[[28.8932375,41.0473895],[28.8934749,41.0475774]],[[28.8934749,41.0475774],[28.8936165,41.0476854],[28.8937856,41.0477924],[28.8940175,41.0479321],[28.8942535,41.0480384],[28.8944654,41.0481112],[28.8948959,41.0482204],[28.8955199,41.0483769],[28.8958992,41.0484605],[28.8962975,41.0485363],[28.8967725,41.0485921],[28.8971918,41.0486083],[28.8975692,41.0485765],[28.898,41.0484894]],[[28.898,41.0484894],[28.898304,41.0483977],[28.898638,41.0482717],[28.8989607,41.0481181]],[[28.8989607,41.0481181],[28.8992994,41.0478961],[28.8996188,41.047649],[28.8998986,41.0473779],[28.9000887,41.0471413],[28.9002495,41.0468933],[28.9003566,41.0466803],[28.900439,41.046422],[28.9004999,41.0461562],[28.9005183,41.0458904],[28.9004546,41.0455124],[28.9002111,41.0447042],[28.9001247,41.0444237],[28.9000704,41.0441465],[28.9000622,41.0438745],[28.9000878,41.0436464],[28.9001604,41.0433741],[28.9002716,41.043091],[28.9004179,41.0428483],[28.9006222,41.0425564]],[[28.9006222,41.0425564],[28.9008799,41.0422842],[28.9011617,41.0420265],[28.9013983,41.0418854],[28.9016279,41.041771],[28.9021309,41.0416087],[28.9026328,41.0414748],[28.9034126,41.041322]],[[28.9034126,41.041322],[28.9041192,41.0411792],[28.9044838,41.041115],[28.9048051,41.0410753],[28.905224,41.0410256],[28.9064978,41.0408803],[28.9072091,41.040799],[28.9080283,41.0407054],[28.9090116,41.040612],[28.9090586,41.0406051]],[[28.9090586,41.0406051],[28.9093221,41.040576]],[[28.9093221,41.040576],[28.9096593,41.0405414],[28.9103241,41.0404682],[28.9107288,41.0404262],[28.9111401,41.0403622],[28.9116154,41.0402769],[28.9121203,41.0401721],[28.9125706,41.0400772],[28.9131406,41.0399525],[28.9136274,41.039821],[28.9140431,41.0396904],[28.9144422,41.039539],[28.9147742,41.0393986],[28.9151014,41.0392541],[28.915566,41.038991],[28.9161888,41.0386278],[28.9173018,41.0379531]],[[28.9173018,41.0379531],[28.9175539,41.0378003]],[[28.9175539,41.0378003],[28.9177999,41.0376511]],[[28.9177999,41.0376511],[28.9182999,41.0372873]],[[28.9182999,41.0372873],[28.9185432,41.0371013],[28.9187813,41.0368729],[28.9189771,41.0366546],[28.9191945,41.0363949],[28.919376,41.036118],[28.9195851,41.0356686],[28.9199025,41.034836],[28.9201958,41.0340976],[28.9204131,41.0335504],[28.9204838,41.0333917]],[[28.9204838,41.0333917],[28.9205658,41.0332216]],[[28.9205658,41.0332216],[28.9207084,41.0329802],[28.9208809,41.0327466],[28.9210539,41.0325353],[28.9212601,41.0323239],[28.9214818,41.0321412],[28.9217558,41.0319374],[28.922091,41.0317294],[28.922387,41.0315698],[28.9234825,41.0310824]],[[28.9234825,41.0310824],[28.924116,41.0308006],[28.9245838,41.0305506],[28.9251083,41.03022],[28.9254851,41.0298877],[28.9259333,41.0294114],[28.9262409,41.0289341]],[[28.9262409,41.0289341],[28.9273875,41.0267937],[28.9275438,41.0265522],[28.9277309,41.0262768],[28.9279625,41.0259876]],[[28.9279625,41.0259876],[28.9282672,41.0256395],[28.9285557,41.0253657],[28.928956,41.0250407],[28.9294446,41.0246516],[28.9305834,41.0238536],[28.9313675,41.0233042],[28.9314389,41.0232542],[28.9395917,41.017405],[28.9403871,41.0168245],[28.9464359,41.0129438],[28.9466274,41.0128302],[28.94723,41.0124727],[28.9480443,41.0119383],[28.9488759,41.0113971],[28.949258,41.0111379],[28.9495325,41.0108273],[28.9497198,41.0105152],[28.9499105,41.0100732],[28.9501361,41.0090225],[28.9503487,41.0071319]],[[28.9503487,41.0071319],[28.9504153,41.0064954]],[[28.9504153,41.0064954],[28.9504855,41.0057193],[28.9505304,41.0051618]]]}},{"type":"Feature","properties":{"route":"subway","name":"M1A: Havalimanı - Yenikapı","colour":"#E32726"},"geometry":{"type":"MultiLineString","coordinates":[[[28.8213539,40.9792479],[28.8212158,40.9797604],[28.8210789,40.9802686],[28.8210477,40.9803714],[28.8209891,40.9806189],[28.8209326,40.9809657],[28.8208718,40.9816739],[28.8208491,40.9821498],[28.820872,40.9826909],[28.820949,40.9830128],[28.8210756,40.9833213],[28.8213526,40.9837566],[28.8216617,40.9840739],[28.8219042,40.9842706],[28.8222525,40.9844698]],[[28.8222525,40.9844698],[28.822484,40.9845993],[28.8227789,40.9847373],[28.8231718,40.9848735],[28.8236146,40.985015],[28.8244424,40.9852466]],[[28.8244424,40.9852466],[28.8260664,40.9856769],[28.8265452,40.9857991],[28.8270598,40.985963],[28.8285058,40.9865535],[28.8303032,40.9873146],[28.8308235,40.9875206],[28.8313143,40.98769],[28.83184,40.9878265],[28.8321912,40.9878869],[28.832497,40.9879284],[28.8339141,40.9880921],[28.8342188,40.9881502],[28.834459,40.9882017],[28.8347983,40.9883029]],[[28.8347983,40.9883029],[28.8350344,40.988389],[28.8353039,40.9885044],[28.8357157,40.9887078],[28.836177,40.9889366],[28.8368752,40.9893332],[28.8373427,40.9896177],[28.8376053,40.9898042],[28.8383201,40.9902678],[28.839083,40.9907328],[28.8396585,40.9910821],[28.8400099,40.9912568],[28.8404028,40.9914001],[28.84076,40.9914944],[28.8411323,40.9915711],[28.8413424,40.9915989],[28.8415295,40.9916192],[28.8417947,40.9916288],[28.8420358,40.9916288],[28.8424353,40.991606],[28.8441296,40.9914907],[28.8460095,40.9913408],[28.8468569,40.9912848],[28.847556,40.9912276],[28.848073,40.9911717],[28.8487739,40.9910756],[28.8496609,40.9909472],[28.850107,40.9908944],[28.8505329,40.9908571]],[[28.8505329,40.9908571],[28.8511962,40.9908426],[28.8516505,40.9908749],[28.8520461,40.9909123]],[[28.8520461,40.9909123],[28.8521747,40.9909385],[28.8523575,40.9909758],[28.8525451,40.991014]],[[28.8525451,40.991014],[28.8529537,40.9911303],[28.8556151,40.9919883],[28.8563788,40.9922917],[28.8568649,40.992511],[28.8573358,40.9927505]],[[28.8573358,40.9927505],[28.8600301,40.9941586],[28.86083,40.9945407],[28.861449,40.9948124],[28.8618916,40.9950031],[28.8620894,40.9950789],[28.8622836,40.9951564],[28.8626575,40.9952829],[28.8633222,40.9954623],[28.8638973,40.9956173],[28.8650593,40.9958493],[28.8661652,40.9960179],[28.8681181,40.9962598],[28.8698631,40.9964295],[28.8705691,40.9964651],[28.8753941,40.9966029],[28.8760506,40.9966273]],[[28.8760506,40.9966273],[28.8766151,40.9966547],[28.8769309,40.9966916],[28.8771744,40.9967288],[28.8775083,40.9967929],[28.8778659,40.9968946],[28.8781791,40.9970151],[28.8785207,40.9971708],[28.8788293,40.9973435],[28.881249,40.9988082],[28.8816048,40.9990202],[28.8820083,40.9992403],[28.8844605,41.0005223]],[[28.8844605,41.0005223],[28.8847891,41.0006891],[28.885058,41.000826],[28.8853548,41.000961],[28.8855538,41.0010425]],[[28.8855538,41.0010425],[28.8857346,41.0011083],[28.8863824,41.0013133],[28.8866282,41.0013654],[28.886913,41.0014201],[28.887194,41.0014691],[28.8875304,41.0015136],[28.8882906,41.0015729],[28.8887994,41.0016126],[28.8895805,41.0016743],[28.8904892,41.0017461],[28.8906948,41.0017659],[28.8908862,41.0017983],[28.8911633,41.0018565],[28.8915147,41.0019547],[28.8917794,41.0020427],[28.8919801,41.0021191],[28.8922632,41.002259],[28.892531,41.002425],[28.8928183,41.0026144],[28.893,41.0027554],[28.8931473,41.0028861],[28.8934101,41.0031588],[28.893602,41.0033756],[28.8937022,41.0034862]],[[28.8937022,41.0034862],[28.8952825,41.0052946],[28.8954903,41.0055821],[28.8956537,41.0058751],[28.8957796,41.006131],[28.8959222,41.0065196],[28.8962087,41.0076133],[28.8963388,41.0080793],[28.8964019,41.0082785],[28.8965192,41.0085515],[28.8966421,41.0088025],[28.8967957,41.0091044],[28.8969275,41.0093208],[28.8970651,41.0095192],[28.8973163,41.0098281],[28.8985438,41.0113179]],[[28.8985438,41.0113179],[28.899326,41.0122907],[28.8995856,41.0126824],[28.8997331,41.0129837],[28.8998453,41.013291],[28.8998998,41.0135443],[28.8999555,41.0138619],[28.899991,41.0141938],[28.900087,41.0152841],[28.9001898,41.015975],[28.9002752,41.0163361],[28.9004453,41.0169565],[28.9005323,41.0172197],[28.9006005,41.0174264],[28.9006833,41.0176769],[28.9007725,41.0180595],[28.9008006,41.0183596],[28.9008131,41.0186592],[28.9007713,41.0189906]],[[28.9007713,41.0189906],[28.9006989,41.0193575],[28.9006765,41.0194519],[28.9005826,41.019722],[28.9002883,41.0205361],[28.8999519,41.0214664],[28.899837,41.0218116],[28.8998029,41.0219089]],[[28.8998029,41.0219089],[28.8996599,41.0223132],[28.8993818,41.0230999],[28.8993088,41.0233075],[28.8992486,41.0235028],[28.8991583,41.0238693],[28.8991195,41.0240909],[28.8990968,41.0242881],[28.8990591,41.0246993],[28.8989075,41.0283686],[28.8988727,41.0286369],[28.8988312,41.0288681],[28.8987684,41.0290629],[28.8987046,41.0292712],[28.8986014,41.0294959],[28.8984792,41.0296984],[28.8979744,41.0303783],[28.89748,41.0310442],[28.8972735,41.0313891],[28.8971538,41.0316447],[28.8967227,41.0327707],[28.8965209,41.0331569],[28.896355,41.0334472]],[[28.896355,41.0334472],[28.8961606,41.0337416],[28.8960103,41.0339712],[28.8958803,41.0341442],[28.8957033,41.0343759],[28.8946393,41.0355279],[28.8944818,41.0357714],[28.894352,41.0360284],[28.8942546,41.0362943],[28.8941683,41.036631],[28.8941158,41.0370744],[28.8941276,41.0372256],[28.8941807,41.0375972],[28.894217,41.037804],[28.8943345,41.0384905]],[[28.8943345,41.0384905],[28.8943677,41.0386435],[28.8943952,41.0388343],[28.8944257,41.0391048]],[[28.8944257,41.0391048],[28.894474,41.0393097],[28.8944995,41.0394179]],[[28.8944995,41.0394179],[28.8946163,41.0401083],[28.894751,41.0409049]],[[28.894751,41.0409049],[28.894758,41.0411507],[28.8947311,41.0413727],[28.8946402,41.0416525],[28.8945306,41.0418556],[28.8943381,41.0421959],[28.8940948,41.0425441]],[[28.8940948,41.0425441],[28.894073,41.0425799],[28.8938803,41.0428555]],[[28.8938803,41.0428555],[28.8938264,41.0429279],[28.8932731,41.0434891],[28.8929846,41.0439064],[28.8928096,41.0442393],[28.8926642,41.0446195],[28.8925584,41.0450153],[28.8925337,41.0452993]],[[28.8925337,41.0452993],[28.8925057,41.0455816]],[[28.8925057,41.0455816],[28.8925014,41.0458849],[28.8925128,41.0460561],[28.8925285,41.0461612],[28.8925632,41.0463137],[28.8926311,41.0465257],[28.8927057,41.0466915],[28.8928229,41.0469037],[28.8929037,41.0470063],[28.8929657,41.0470881],[28.8930473,41.0471859],[28.8932375,41.0473895]],[[28.8932375,41.0473895],[28.8934749,41.0475774]],[[28.8934749,41.0475774],[28.8936165,41.0476854],[28.8937856,41.0477924],[28.8940175,41.0479321],[28.8942535,41.0480384],[28.8944654,41.0481112],[28.8948959,41.0482204],[28.8955199,41.0483769],[28.8958992,41.0484605],[28.8962975,41.0485363],[28.8967725,41.0485921],[28.8971918,41.0486083],[28.8975692,41.0485765],[28.898,41.0484894]],[[28.898,41.0484894],[28.898304,41.0483977],[28.898638,41.0482717],[28.8989607,41.0481181]],[[28.8989607,41.0481181],[28.8992994,41.0478961],[28.8996188,41.047649],[28.8998986,41.0473779],[28.9000887,41.0471413],[28.9002495,41.0468933],[28.9003566,41.0466803],[28.900439,41.046422],[28.9004999,41.0461562],[28.9005183,41.0458904],[28.9004546,41.0455124],[28.9002111,41.0447042],[28.9001247,41.0444237],[28.9000704,41.0441465],[28.9000622,41.0438745],[28.9000878,41.0436464],[28.9001604,41.0433741],[28.9002716,41.043091],[28.9004179,41.0428483],[28.9006222,41.0425564]],[[28.9006222,41.0425564],[28.9008799,41.0422842],[28.9011617,41.0420265],[28.9013983,41.0418854],[28.9016279,41.041771],[28.9021309,41.0416087],[28.9026328,41.0414748],[28.9034126,41.041322]],[[28.9034126,41.041322],[28.9041192,41.0411792],[28.9044838,41.041115],[28.9048051,41.0410753],[28.905224,41.0410256],[28.9064978,41.0408803],[28.9072091,41.040799],[28.9080283,41.0407054],[28.9090116,41.040612],[28.9090586,41.0406051]],[[28.9090586,41.0406051],[28.9093221,41.040576]],[[28.9093221,41.040576],[28.9096593,41.0405414],[28.9103241,41.0404682],[28.9107288,41.0404262],[28.9111401,41.0403622],[28.9116154,41.0402769],[28.9121203,41.0401721],[28.9125706,41.0400772],[28.9131406,41.0399525],[28.9136274,41.039821],[28.9140431,41.0396904],[28.9144422,41.039539],[28.9147742,41.0393986],[28.9151014,41.0392541],[28.915566,41.038991],[28.9161888,41.0386278],[28.9173018,41.0379531]],[[28.9173018,41.0379531],[28.9175539,41.0378003]],[[28.9175539,41.0378003],[28.9177999,41.0376511]],[[28.9177999,41.0376511],[28.9182999,41.0372873]],[[28.9182999,41.0372873],[28.9185432,41.0371013],[28.9187813,41.0368729],[28.9189771,41.0366546],[28.9191945,41.0363949],[28.919376,41.036118],[28.9195851,41.0356686],[28.9199025,41.034836],[28.9201958,41.0340976],[28.9204131,41.0335504],[28.9204838,41.0333917]],[[28.9204838,41.0333917],[28.9205658,41.0332216]],[[28.9205658,41.0332216],[28.9207084,41.0329802],[28.9208809,41.0327466],[28.9210539,41.0325353],[28.9212601,41.0323239],[28.9214818,41.0321412],[28.9217558,41.0319374],[28.922091,41.0317294],[28.922387,41.0315698],[28.9234825,41.0310824]],[[28.9234825,41.0310824],[28.924116,41.0308006],[28.9245838,41.0305506],[28.9251083,41.03022],[28.9254851,41.0298877],[28.9259333,41.0294114],[28.9262409,41.0289341]],[[28.9262409,41.0289341],[28.9273875,41.0267937],[28.9275438,41.0265522],[28.9277309,41.0262768],[28.9279625,41.0259876]],[[28.9279625,41.0259876],[28.9282672,41.0256395],[28.9285557,41.0253657],[28.928956,41.0250407],[28.9294446,41.0246516],[28.9305834,41.0238536],[28.9313675,41.0233042],[28.9314389,41.0232542],[28.9395917,41.017405],[28.9403871,41.0168245],[28.9464359,41.0129438],[28.9466274,41.0128302],[28.94723,41.0124727],[28.9480443,41.0119383],[28.9488759,41.0113971],[28.949258,41.0111379],[28.9495325,41.0108273],[28.9497198,41.0105152],[28.9499105,41.0100732],[28.9501361,41.0090225],[28.9503487,41.0071319]],[[28.9503487,41.0071319],[28.9504316,41.0068002],[28.9505059,41.0065029]],[[28.9506087,41.0051711],[28.9505658,41.005728],[28.9505059,41.0065029]]]}},{"type":"Feature","properties":{"route":"subway","name":"M6: Boğaziçi Üniversitesi → Levent","colour":null},"geometry":{"type":"MultiLineString","coordinates":[[[29.0438194,41.0851076],[29.0444618,41.0852566],[29.0449107,41.0853287],[29.0456269,41.0853915],[29.0463419,41.0854607]],[[29.0384462,41.0831749],[29.0391958,41.0837494],[29.0402031,41.0843492],[29.0410011,41.0846012],[29.0414973,41.084685],[29.0422289,41.084856],[29.0438194,41.0851076]],[[29.0365522,41.0817242],[29.0371553,41.082162],[29.037567,41.0824907],[29.0379277,41.0827679],[29.0384462,41.0831749]],[[29.0254169,41.0774484],[29.0280139,41.0776624],[29.0285343,41.077764],[29.0290873,41.0780185],[29.0301543,41.0787117],[29.0314169,41.0794213],[29.0326834,41.0799944],[29.0338471,41.0805569],[29.0362445,41.0815263],[29.0365522,41.0817242]],[[29.0227555,41.0772535],[29.0234176,41.0773778],[29.0239918,41.077422],[29.0245844,41.0774635],[29.0254169,41.0774484]],[[29.0156069,41.0762118],[29.0160987,41.0763389],[29.0170822,41.0765099],[29.0180527,41.0766254],[29.018912,41.0767115],[29.0202394,41.0768918],[29.0227555,41.0772535]],[[29.0139319,41.0756913],[29.0144399,41.0758569],[29.0149742,41.0760312],[29.0156069,41.0762118]]]}},{"type":"Feature","properties":{"route":"subway","name":"M6: Levent → Boğaziçi Üniversitesi","colour":null},"geometry":{"type":"MultiLineString","coordinates":[[[29.0139719,41.07564],[29.0144691,41.0757982],[29.0150134,41.0759713],[29.0156069,41.0762118]],[[29.0156069,41.0762118],[29.0160987,41.0763389],[29.0170822,41.0765099],[29.0180527,41.0766254],[29.018912,41.0767115],[29.0202394,41.0768918],[29.0227555,41.0772535]],[[29.0254169,41.0774484],[29.0245514,41.0773919],[29.0240014,41.0773521],[29.0234371,41.0773112],[29.0227555,41.0772535]],[[29.0254169,41.0774484],[29.0280139,41.0776624],[29.0285343,41.077764],[29.0290873,41.0780185],[29.0301543,41.0787117],[29.0314169,41.0794213],[29.0326834,41.0799944],[29.0338471,41.0805569],[29.0362445,41.0815263],[29.0365522,41.0817242]],[[29.0384462,41.0831749],[29.0379973,41.0827245],[29.0376406,41.0824433],[29.037219,41.082111],[29.0365522,41.0817242]],[[29.0384462,41.0831749],[29.0391958,41.0837494],[29.0402031,41.0843492],[29.0410011,41.0846012],[29.0414973,41.084685],[29.0422289,41.084856],[29.0438194,41.0851076]],[[29.0438194,41.0851076],[29.0448884,41.0852245],[29.0456373,41.085298],[29.0463454,41.0853751]]]}},{"type":"Feature","properties":{"route":"subway","name":"M2: Seyrantepe - Sanayi","colour":"#009A4C"},"geometry":{"type":"MultiLineString","coordinates":[[[29.0039768,41.1001246],[29.0036696,41.1002765],[29.0033034,41.1004324],[29.0028849,41.1005933],[29.0021339,41.1007947],[29.0003896,41.1010969],[28.9996903,41.101185],[28.9989922,41.1012242],[28.99779,41.1012082],[28.9973234,41.1012249],[28.9957442,41.1012886]],[[29.0055719,41.0941569],[29.0058068,41.0949266],[29.0061117,41.0958519],[29.0063416,41.0964389],[29.0064046,41.0966876],[29.0064038,41.0969013],[29.0063896,41.0971791],[29.0063432,41.0974082],[29.0062429,41.0978095],[29.0061747,41.0980167],[29.0060869,41.0982134],[29.0059263,41.0984649],[29.0056792,41.0987631],[29.0052377,41.0992025],[29.0047897,41.0996009],[29.0044691,41.0998385],[29.0039768,41.1001246]]]}},{"type":"Feature","properties":{"route":"subway","name":"M2: Sanayi - Seyrantepe","colour":"#009A4C"},"geometry":{"type":"MultiLineString","coordinates":[[[29.0055719,41.0941569],[29.0058068,41.0949266],[29.0061117,41.0958519],[29.0063416,41.0964389],[29.0064046,41.0966876],[29.0064038,41.0969013],[29.0063896,41.0971791],[29.0063432,41.0974082],[29.0062429,41.0978095],[29.0061747,41.0980167],[29.0060869,41.0982134],[29.0059263,41.0984649],[29.0056792,41.0987631],[29.0052377,41.0992025],[29.0047897,41.0996009],[29.0044691,41.0998385],[29.0039768,41.1001246]],[[29.0039768,41.1001246],[29.0036696,41.1002765],[29.0033034,41.1004324],[29.0028849,41.1005933],[29.0021339,41.1007947],[29.0003896,41.1010969],[28.9996903,41.101185],[28.9989922,41.1012242],[28.99779,41.1012082],[28.9973234,41.1012249],[28.9957442,41.1012886]]]}},{"type":"Feature","properties":{"route":"subway","name":"M1 Akıncılar → Hastane","colour":"orange"},"geometry":{"type":"MultiLineString","coordinates":[[[35.3438211,36.9885107],[35.3439242,36.9884613],[35.3444091,36.9891061],[35.344306,36.9891555],[35.3438211,36.9885107]],[[35.337048,36.9810224],[35.3370557,36.980975],[35.3380123,36.9810744],[35.3380045,36.9811218],[35.337048,36.9810224]],[[35.3264273,36.9789789],[35.326422,36.9789263],[35.325421,36.9789911],[35.3254264,36.9790438],[35.3264273,36.9789789]],[[35.3194374,36.9849943],[35.3198921,36.9842967],[35.3198086,36.984262],[35.3193539,36.9849596],[35.3194374,36.9849943]],[[35.3183941,36.992034],[35.3183223,36.9920321],[35.3182903,36.9928338],[35.3183508,36.9928353],[35.3183643,36.9925856],[35.3183813,36.9922704],[35.3183941,36.992034]],[[35.3138201,37.0018024],[35.3137716,37.0017692],[35.3131191,37.0023789],[35.3131732,37.0024159],[35.3134659,37.0021383],[35.313518,37.0020889],[35.3138201,37.0018024]],[[35.3042565,37.0126501],[35.3043583,37.0126716],[35.3046048,37.0119294],[35.304503,37.0119078],[35.3042565,37.0126501]],[[35.3024197,37.0207685],[35.3025247,37.0207845],[35.3027559,37.0198759],[35.3026509,37.0198599],[35.3024197,37.0207685]],[[35.2961382,37.027344],[35.296997,37.0267036],[35.2969174,37.0266435],[35.2960658,37.0272831],[35.2961382,37.027344]],[[35.2875135,37.0360208],[35.2880888,37.0351785],[35.2881788,37.0352172],[35.2876035,37.0360595],[35.2875135,37.0360208]],[[35.2843069,37.041256],[35.2847953,37.0404456],[35.2848899,37.0404824],[35.2844014,37.0412927],[35.2843069,37.041256]],[[35.280491,37.047679],[35.2806443,37.0475984],[35.2806018,37.0475338],[35.2804449,37.0476015],[35.280248,37.0476887],[35.2800416,37.0477739],[35.279821,37.0478591],[35.2796025,37.0479379],[35.2796512,37.0480141],[35.279863,37.0479416],[35.28008,37.0478607],[35.2802917,37.0477684],[35.280491,37.047679]],[[35.2632051,37.0506115],[35.2631946,37.0505671],[35.2631839,37.0505222],[35.2620614,37.0506919],[35.2620826,37.0507812],[35.2632051,37.0506115]],[[35.344064,36.988873],[35.3436829,36.9883522],[35.342979,36.9874265],[35.3425818,36.9868609],[35.3424516,36.9866593],[35.3423354,36.9864348],[35.3422357,36.9862093],[35.3421633,36.9859994],[35.3421276,36.9858337],[35.3420939,36.9856614],[35.3420673,36.9853376],[35.3420525,36.9842324],[35.3420255,36.9838875],[35.3419845,36.9836308],[35.3418505,36.9832274],[35.341678,36.9829173],[35.3415209,36.9826791],[35.3412511,36.9823532],[35.3410611,36.9821644],[35.3408258,36.9819708],[35.3406267,36.9818224],[35.3404103,36.9816928],[35.3401494,36.9815565],[35.339926,36.9814559],[35.3396443,36.9813517],[35.3394221,36.9812825],[35.3391104,36.981206],[35.3386913,36.9811386],[35.3380888,36.9810646],[35.3375671,36.9810075],[35.3342214,36.9806493],[35.333375,36.9805508],[35.331928,36.9803494],[35.3314315,36.9802661],[35.3311475,36.9802026],[35.3308932,36.9801329],[35.3305328,36.9799989],[35.3302342,36.9798705],[35.3292413,36.9793586],[35.3289534,36.979233],[35.3286269,36.9791054],[35.3283459,36.9790169],[35.3280704,36.9789569],[35.327684,36.9788961],[35.3273401,36.9788699],[35.32704,36.9788673],[35.3265592,36.9788885],[35.3258537,36.9789383],[35.3247169,36.9790185],[35.324227,36.979086],[35.3240249,36.9791302],[35.3238077,36.979185],[35.3235434,36.9792716],[35.3233041,36.9793602],[35.3229823,36.9795038],[35.3226391,36.9797001],[35.3224209,36.9798448],[35.3222339,36.9799955],[35.321959,36.9802615],[35.3217731,36.9804822],[35.3216055,36.9807145],[35.3214486,36.98099],[35.3212977,36.9812942],[35.3206326,36.9827354],[35.3203811,36.9832633],[35.3200884,36.9837576],[35.31946,36.9847416],[35.3192368,36.9850911],[35.3189555,36.9855603],[35.3188449,36.9858051],[35.3187546,36.9860779],[35.3186886,36.9863636],[35.3186508,36.9866301],[35.3184716,36.9891186]],[[35.3184716,36.9891186],[35.3184027,36.9904573]],[[35.3108987,37.0044401],[35.3134123,37.0020615],[35.3174706,36.9982771],[35.3177813,36.9978215],[35.3179747,36.997411],[35.3180921,36.9970071],[35.3182782,36.9924532],[35.3184027,36.9904573]],[[35.3108987,37.0044401],[35.3102276,37.0051413],[35.3091577,37.0062534],[35.3075971,37.0078142],[35.3063125,37.0090598],[35.305616,37.0097703]],[[35.305616,37.0097703],[35.3054318,37.0099916],[35.3053017,37.0101845],[35.3051589,37.0104342],[35.3050345,37.0106975],[35.3049289,37.010979],[35.3048384,37.0112576],[35.304647,37.0118856],[35.3044993,37.0123162],[35.3043542,37.012739],[35.3040411,37.0136605],[35.3037163,37.0146045]],[[35.3037163,37.0146045],[35.3035339,37.0152211],[35.3034496,37.0155923],[35.3033873,37.0159203],[35.3032769,37.01678],[35.3031617,37.0176462],[35.3031276,37.0179023],[35.3030703,37.018379],[35.3027968,37.0198102],[35.3026629,37.0203498],[35.302525,37.0209055],[35.3024036,37.0213081],[35.3022951,37.0215787],[35.3021608,37.0218532],[35.3020316,37.0220863],[35.3018604,37.0223468],[35.3016766,37.0225874],[35.3012079,37.0231631],[35.3008704,37.0235498],[35.3006454,37.0237837],[35.3003957,37.0240284],[35.3000137,37.0243635],[35.2985913,37.0254529],[35.2979257,37.0259674],[35.2969766,37.0267441],[35.2965118,37.0270907],[35.2957265,37.0276577],[35.2946373,37.028406],[35.2912273,37.0309538],[35.2909747,37.0311467],[35.2907068,37.0313597],[35.2904503,37.0315707],[35.2902351,37.0317837],[35.2900026,37.0320186],[35.2896728,37.0324601],[35.2895255,37.0326852]],[[35.2895255,37.0326852],[35.2893218,37.0330346],[35.288833,37.034044],[35.2886368,37.0344652]],[[35.2886368,37.0344652],[35.2884454,37.0348456],[35.2882008,37.0352251],[35.2879298,37.0356328],[35.2875779,37.0361074],[35.2862708,37.0381324],[35.2856419,37.0391205],[35.2849223,37.0404754],[35.2846669,37.0408989],[35.2844279,37.0412952],[35.2841985,37.0416543],[35.2840202,37.0419478],[35.2838474,37.0423089],[35.2837254,37.0425916],[35.2835825,37.0429943],[35.2835023,37.0432579],[35.2834135,37.0435677],[35.2829975,37.044963],[35.2828897,37.0452765]],[[35.2828897,37.0452765],[35.2827606,37.04556],[35.282598,37.0458345],[35.2824321,37.0460846],[35.2822423,37.0463181],[35.2820141,37.0465803],[35.2816638,37.0469407],[35.2813185,37.0471529]],[[35.2813185,37.0471529],[35.2809464,37.0473811],[35.2806398,37.0475377]],[[35.2806398,37.0475377],[35.2801819,37.0477471],[35.2795814,37.0479783],[35.2791231,37.0481466],[35.2786389,37.0482875],[35.2781772,37.0484077],[35.2775943,37.0485393],[35.2769374,37.0486562],[35.275867,37.048802],[35.274682,37.0489422]],[[35.274682,37.0489422],[35.2745405,37.0489608],[35.2729846,37.0491659]],[[35.2729846,37.0491659],[35.2716807,37.049317],[35.270318,37.0494792],[35.2694942,37.0495986],[35.2677249,37.0498633]],[[35.2677249,37.0498633],[35.2654745,37.0502005]],[[35.2654745,37.0502005],[35.2636528,37.0505476],[35.2629912,37.0506523]]]}},{"type":"Feature","properties":{"route":"subway","name":"M1 Hastane → Akıncılar","colour":"orange"},"geometry":{"type":"MultiLineString","coordinates":[[[35.2632051,37.0506115],[35.2631946,37.0505671],[35.2631839,37.0505222],[35.2620614,37.0506919],[35.2620826,37.0507812],[35.2632051,37.0506115]],[[35.280491,37.047679],[35.2806443,37.0475984],[35.2806018,37.0475338],[35.2804449,37.0476015],[35.280248,37.0476887],[35.2800416,37.0477739],[35.279821,37.0478591],[35.2796025,37.0479379],[35.2796512,37.0480141],[35.279863,37.0479416],[35.28008,37.0478607],[35.2802917,37.0477684],[35.280491,37.047679]],[[35.2843069,37.041256],[35.2847953,37.0404456],[35.2848899,37.0404824],[35.2844014,37.0412927],[35.2843069,37.041256]],[[35.2875135,37.0360208],[35.2880888,37.0351785],[35.2881788,37.0352172],[35.2876035,37.0360595],[35.2875135,37.0360208]],[[35.2961382,37.027344],[35.296997,37.0267036],[35.2969174,37.0266435],[35.2960658,37.0272831],[35.2961382,37.027344]],[[35.3024197,37.0207685],[35.3025247,37.0207845],[35.3027559,37.0198759],[35.3026509,37.0198599],[35.3024197,37.0207685]],[[35.3042565,37.0126501],[35.3043583,37.0126716],[35.3046048,37.0119294],[35.304503,37.0119078],[35.3042565,37.0126501]],[[35.3136792,37.0017121],[35.3136191,37.0016713],[35.3132384,37.0020324],[35.3129724,37.0022848],[35.3130267,37.0023218],[35.3136792,37.0017121]],[[35.3182251,36.9920309],[35.3181645,36.9920294],[35.318152,36.9922621],[35.3181349,36.9925796],[35.3181214,36.9928308],[35.3181932,36.9928327],[35.3182251,36.9920309]],[[35.3192513,36.9849183],[35.3197061,36.9842206],[35.3196225,36.9841859],[35.3191678,36.9848835],[35.3192513,36.9849183]],[[35.3264069,36.9788338],[35.3264016,36.9787811],[35.3254006,36.978846],[35.3254059,36.9788986],[35.3264069,36.9788338]],[[35.3370651,36.9808965],[35.3370728,36.9808492],[35.3380294,36.9809485],[35.3380216,36.9809959],[35.3370651,36.9808965]],[[35.3438211,36.9885107],[35.3439242,36.9884613],[35.3444091,36.9891061],[35.344306,36.9891555],[35.3438211,36.9885107]],[[35.2629893,37.0505292],[35.2636294,37.0504325],[35.265471,37.0501613]],[[35.265471,37.0501613],[35.2677126,37.0498269]],[[35.2677126,37.0498269],[35.2694794,37.0495613],[35.2703084,37.0494431],[35.271672,37.049276],[35.2729666,37.049113]],[[35.2729666,37.049113],[35.2744271,37.0489246],[35.2746741,37.0488927]],[[35.2746741,37.0488927],[35.2758398,37.0487482],[35.2769454,37.0485804],[35.2775427,37.0484465],[35.2781152,37.0483279],[35.2784712,37.0482292],[35.2790886,37.0480428],[35.2795464,37.0478509],[35.2801019,37.0476137],[35.2805367,37.0474206]],[[35.2805367,37.0474206],[35.2808581,37.0472702],[35.2812447,37.0470734]],[[35.2812447,37.0470734],[35.2816019,37.046895],[35.2819678,37.0465317],[35.2821888,37.0462857],[35.2823699,37.0460656],[35.282546,37.0458205],[35.2827038,37.0455541],[35.2828307,37.0452619]],[[35.2828307,37.0452619],[35.2829361,37.0449575],[35.2832807,37.0437983],[35.2835163,37.0429624],[35.2837473,37.0423079],[35.283808,37.0421392],[35.2838553,37.0420287],[35.2840028,37.0417286],[35.2841336,37.0414939],[35.2842897,37.0412406],[35.2845208,37.0408569],[35.2847818,37.0404233],[35.2855304,37.0390853],[35.2860835,37.0382081],[35.2874419,37.0360778],[35.2877849,37.0355804],[35.288082,37.0351496],[35.2883193,37.0347899],[35.2885377,37.0344293]],[[35.2885377,37.0344293],[35.2887727,37.0340169],[35.2892528,37.03302],[35.2894603,37.0326745]],[[35.2894603,37.0326745],[35.2896216,37.0324469],[35.2899636,37.0320003],[35.290186,37.0317604],[35.2904136,37.0315424],[35.2906738,37.0313197],[35.2909237,37.0311172],[35.2911977,37.0309213],[35.2946124,37.0283861],[35.2956061,37.0275972],[35.2964139,37.0269931],[35.2968711,37.026653],[35.2978723,37.0259407],[35.2985609,37.0254249],[35.2999876,37.0243295],[35.300357,37.0240037],[35.3006132,37.0237537],[35.3008344,37.023518],[35.3011689,37.0231334],[35.301629,37.0225568],[35.3017947,37.02232],[35.3019498,37.0220566],[35.302083,37.0218093],[35.3021929,37.0215517],[35.3022756,37.0212799],[35.3023781,37.0208766],[35.3025093,37.0203336],[35.3026423,37.0197834],[35.3029941,37.0183735],[35.3030797,37.0178971],[35.3031515,37.0173825],[35.3031946,37.0170735],[35.3033447,37.0159167],[35.303396,37.0155944],[35.3034698,37.015222],[35.3036608,37.0145928]],[[35.3036608,37.0145928],[35.3039472,37.0136454],[35.3042141,37.0127115],[35.3043591,37.0122746],[35.3044968,37.0118597],[35.3047103,37.0112393],[35.3048082,37.0109758],[35.3049327,37.010671],[35.3050662,37.0104127],[35.3052217,37.0101712],[35.3053768,37.0099605],[35.3055732,37.009734]],[[35.3055732,37.009734],[35.306274,37.0090288],[35.3073026,37.0079787],[35.3089275,37.0063609],[35.31019,37.0051188],[35.3108618,37.0044167]],[[35.3108618,37.0044167],[35.3133737,37.0020353],[35.3174287,36.998254],[35.3177352,36.9978046],[35.3179261,36.9973993],[35.3180416,36.997002],[35.3182275,36.9924521],[35.3183522,36.9904553]],[[35.3183522,36.9904553],[35.3184163,36.9891191]],[[35.3184163,36.9891191],[35.3186054,36.9866204],[35.3186376,36.9863732],[35.3187049,36.9860723],[35.318793,36.9857947],[35.3189021,36.9855613],[35.3191973,36.9850617],[35.3194145,36.9847234],[35.3200492,36.9837345],[35.3203288,36.9832516],[35.3205873,36.9827184],[35.3212491,36.9812784],[35.3214017,36.9809675],[35.3215671,36.9806855],[35.3217369,36.9804608],[35.3219228,36.9802396],[35.3222052,36.9799631],[35.3223954,36.9798094],[35.3226176,36.979663],[35.3229637,36.9794727],[35.3232925,36.979323],[35.3235219,36.9792363],[35.323798,36.9791439],[35.3240101,36.9790916],[35.324209,36.9790493],[35.3247117,36.9789795],[35.325842,36.9789005],[35.3265558,36.9788507],[35.3270218,36.978831],[35.3273468,36.9788302],[35.3276899,36.9788562],[35.3280843,36.9789202],[35.3283546,36.9789781],[35.3286576,36.9790709],[35.3289708,36.9791891],[35.3292739,36.9793271],[35.330257,36.9798448],[35.3305499,36.9799671],[35.3309063,36.9800943],[35.3311582,36.9801662],[35.3314419,36.980227],[35.3319267,36.9803226],[35.3333871,36.9805165],[35.334234,36.9806123],[35.3375709,36.9809723],[35.3380935,36.9810276],[35.3386911,36.9811034],[35.3391186,36.9811681],[35.3394638,36.9812525],[35.3396945,36.9813264],[35.3399679,36.9814258],[35.3401912,36.9815268],[35.3404467,36.9816623],[35.3406425,36.9817807],[35.3408612,36.9819348],[35.3411261,36.9821564],[35.3412866,36.9823195],[35.3415734,36.9826696],[35.3417359,36.9829132],[35.3418923,36.9832123],[35.3420318,36.9836282],[35.3420739,36.9838938],[35.3420999,36.9842357],[35.3421175,36.9853446],[35.3421583,36.9856282],[35.3421941,36.9857926],[35.3422471,36.9859651],[35.3423457,36.9862029],[35.3424554,36.9864126],[35.342567,36.9866121],[35.3426928,36.9868122],[35.3432319,36.9875174],[35.3438279,36.9883001],[35.3442179,36.9888144]]]}},{"type":"Feature","properties":{"route":"subway","name":"B1 Geçit/Balat Arabayatağı","colour":"red"},"geometry":{"type":"MultiLineString","coordinates":[[[28.9484816,40.2667988],[28.9485704,40.2668223],[28.948104,40.2678539],[28.948015,40.2678305],[28.9484816,40.2667988]],[[28.9527337,40.2565084],[28.9528234,40.2565298],[28.9523975,40.2575718],[28.9523077,40.2575504],[28.9527337,40.2565084]],[[28.9578,40.2502256],[28.9578576,40.2502709],[28.9568559,40.2510115],[28.9567983,40.2509662],[28.9578,40.2502256]],[[28.9674731,40.2430158],[28.9675358,40.2430645],[28.966534,40.243817],[28.966489,40.243782],[28.9664713,40.2437683],[28.9674731,40.2430158]],[[28.9750655,40.2373623],[28.9750023,40.2373134],[28.9760021,40.2365613],[28.9760653,40.2366102],[28.9750655,40.2373623]],[[28.9870277,40.2287898],[28.9870862,40.2288402],[28.9860321,40.2295522],[28.9859736,40.2295017],[28.9870277,40.2287898]],[[28.994303,40.2226466],[28.9943731,40.222688],[28.9935138,40.2235359],[28.9934437,40.2234945],[28.994303,40.2226466]],[[29.0009898,40.216117],[29.0010601,40.2161593],[29.0001886,40.2170044],[29.0001183,40.2169621],[29.0009898,40.216117]],[[29.0157075,40.2129013],[29.0157113,40.2129423],[29.0143159,40.2130194],[29.014312,40.2129785],[29.0157075,40.2129013]],[[29.0247087,40.2099547],[29.024654,40.2099177],[29.0248235,40.2097707],[29.0255902,40.2091091],[29.025645,40.209146],[29.0255168,40.2092648],[29.0249509,40.2097687],[29.0247087,40.2099547]],[[29.0292767,40.2056512],[29.029236,40.2056176],[29.0294275,40.2054741],[29.0300792,40.2050347],[29.030297,40.2049077],[29.0303425,40.2049409],[29.0292767,40.2056512]],[[29.0399933,40.2004918],[29.0399704,40.2004333],[29.0413166,40.2001259],[29.0413395,40.2001844],[29.0399933,40.2004918]],[[29.0499477,40.1974011],[29.0499721,40.1974376],[29.0487267,40.1979245],[29.0487022,40.197888],[29.0499477,40.1974011]],[[29.057084,40.1959592],[29.0570981,40.1960215],[29.0557237,40.1962024],[29.0557096,40.1961401],[29.057084,40.1959592]],[[29.0636045,40.1882505],[29.0636186,40.1882901],[29.062269,40.1885718],[29.0622548,40.1885322],[29.0636045,40.1882505]],[[29.0697984,40.1872607],[29.0697981,40.1873017],[29.0683991,40.187296],[29.0683993,40.1872549],[29.0697984,40.1872607]],[[29.0790908,40.1889649],[29.0790478,40.1889895],[29.0782324,40.1881574],[29.0782093,40.1881339],[29.0782523,40.1881093],[29.0790908,40.1889649]],[[29.0867932,40.1916552],[29.0867933,40.191592],[29.0881879,40.1915921],[29.0881879,40.1916553],[29.0867932,40.1916552]],[[29.0984739,40.1916027],[29.0984734,40.1915387],[29.0988765,40.1915375],[29.0996295,40.1915352],[29.0998851,40.1915327],[29.0998856,40.1915967],[29.0996283,40.1915978],[29.0988768,40.191601],[29.0984739,40.1916027]],[[29.1057603,40.1915624],[29.1057605,40.1915028],[29.1071628,40.1915057],[29.1071626,40.1915652],[29.1057603,40.1915624]],[[29.1162149,40.1915735],[29.1162151,40.1915042],[29.1176235,40.1915074],[29.1176232,40.1915768],[29.1162149,40.1915735]],[[28.948195,40.2673618],[28.948468,40.2667649],[28.9486979,40.2663102],[28.9510179,40.2607333]],[[28.9510179,40.2607333],[28.9512302,40.2602362],[28.9516642,40.2592202],[28.9518711,40.258693],[28.9521048,40.2579901],[28.952495,40.2570233]],[[28.952495,40.2570233],[28.9527707,40.2563692],[28.9530636,40.2557051],[28.9534252,40.2549908],[28.9536645,40.2545148],[28.9538833,40.2540921],[28.9540601,40.2538198],[28.9543396,40.2534103],[28.9547944,40.2527879],[28.9549273,40.252626],[28.955179,40.2523193]],[[28.955179,40.2523193],[28.955948,40.251629],[28.9566606,40.2510541],[28.9573189,40.2505644],[28.9579922,40.2500593],[28.95904,40.2492656]],[[28.95904,40.2492656],[28.9621288,40.247079],[28.9652536,40.2447138],[28.9655404,40.244482],[28.9659172,40.2441775],[28.9664496,40.2437578],[28.9669575,40.2433827],[28.9674572,40.2430071],[28.9676097,40.2428865],[28.9684173,40.2423065],[28.9690267,40.2418651],[28.9736615,40.2383565],[28.9741696,40.2379629],[28.97475,40.2374793],[28.9750267,40.2372725],[28.9754647,40.2369404],[28.9760901,40.2364662],[28.9764939,40.2361715],[28.9770709,40.2357672],[28.9800659,40.2335204],[28.980674,40.2330975],[28.9824801,40.2318595]],[[28.9824801,40.2318595],[28.9836466,40.2310884]],[[28.9836466,40.2310884],[28.9849702,40.2301976],[28.9857763,40.2296058],[28.9865053,40.2291254],[28.9874137,40.2285205],[28.9880279,40.2281304],[28.9895747,40.2269787],[28.9900524,40.2265851],[28.9908211,40.2259455],[28.9914652,40.2253709],[28.9924613,40.2244303],[28.9928041,40.2240872],[28.993041,40.2238367],[28.993386,40.2235163],[28.9936408,40.2232608],[28.9938572,40.2230497],[28.9943231,40.2225953],[28.9950717,40.2218859],[28.9992736,40.2178142],[28.9995544,40.2175203],[28.9998522,40.2171971],[29.0001045,40.2169545],[29.0005204,40.2165485],[29.0009775,40.2161021],[29.0011486,40.2159351],[29.0013167,40.2157788],[29.0017486,40.2153916],[29.002402,40.2147457]],[[29.002402,40.2147457],[29.0027558,40.2143023],[29.0032837,40.2131757],[29.0033092,40.2131213],[29.0034102,40.2128881]],[[29.0034102,40.2128881],[29.003546,40.2126827],[29.003633,40.2125732],[29.0037051,40.2125073],[29.0037948,40.2124276],[29.003903,40.2123458],[29.0039956,40.2122852]],[[29.0039956,40.2122852],[29.0042476,40.2121609],[29.0045117,40.2120511]],[[29.0045117,40.2120511],[29.0046161,40.2120202],[29.0047593,40.2119913],[29.004895,40.2119704],[29.0050454,40.2119559],[29.0052207,40.2119497],[29.0054108,40.2119579],[29.0055969,40.2119785],[29.0057561,40.2120062],[29.005902,40.212045],[29.0060606,40.2120896],[29.0064881,40.2122395],[29.0069604,40.2123714],[29.0071904,40.212424],[29.0077716,40.2125418]],[[29.0077716,40.2125418],[29.008161,40.2125975],[29.0082038,40.2126032]],[[29.0082038,40.2126032],[29.0094217,40.2127679]],[[29.0094217,40.2127679],[29.009554,40.2127853],[29.0109545,40.2129692],[29.0114674,40.2130306],[29.0119121,40.2130656],[29.0124333,40.2130892],[29.012896,40.2130986],[29.0132848,40.2130908],[29.0137419,40.2130717],[29.0141882,40.2130488]],[[29.0141882,40.2130488],[29.0151181,40.2129987],[29.0164458,40.2129217],[29.0174246,40.2128545],[29.0181059,40.2127848],[29.0184921,40.2127152],[29.0189272,40.2125963],[29.0197471,40.2123348]],[[29.0197471,40.2123348],[29.02073,40.2120002],[29.0212205,40.2118143],[29.0219505,40.2115283],[29.022502,40.2112865],[29.0228672,40.2111036],[29.0236357,40.2106778],[29.0239826,40.2104518],[29.0241988,40.2102897],[29.0244788,40.2100595],[29.0247646,40.209805],[29.0251379,40.20948],[29.0256324,40.2090494],[29.0258802,40.2088408],[29.0261115,40.2086342],[29.0263805,40.2083768],[29.0266246,40.2081415],[29.0287483,40.20603],[29.028946,40.2058398],[29.0290985,40.2057101],[29.0292346,40.205592],[29.029402,40.205469],[29.0296924,40.205274],[29.0300792,40.2050143],[29.0303171,40.2048759],[29.0307243,40.2046691],[29.0311934,40.2044482],[29.0325348,40.2037923],[29.032972,40.2035711],[29.0333646,40.2033533],[29.0338246,40.2030808],[29.0343104,40.2027711],[29.0348067,40.2024285],[29.0351365,40.2021924],[29.035442,40.2020053],[29.0356727,40.2018711],[29.036075,40.2016509],[29.0364844,40.20146],[29.0368569,40.2012935],[29.0371895,40.2011695],[29.0380799,40.2008888],[29.0385094,40.2007706],[29.0393597,40.2005514],[29.0399603,40.2004182],[29.0406219,40.2002665],[29.0413777,40.2000932],[29.0423192,40.1999167],[29.0438653,40.1995738],[29.0445364,40.1994012]],[[29.0445364,40.1994012],[29.0452098,40.1992203],[29.0460352,40.1989616],[29.0472309,40.1985169],[29.0482119,40.1981442],[29.0493653,40.1976913],[29.0501677,40.1973762],[29.0507244,40.1971859],[29.0514112,40.1970177],[29.0541777,40.1964729],[29.0552994,40.196192],[29.0557312,40.1961169],[29.0565323,40.1960139],[29.0572436,40.1959154],[29.0583874,40.1958217],[29.0588385,40.1957674],[29.0591753,40.1957036],[29.0594545,40.1956088],[29.059702,40.1954772],[29.0599015,40.1952686],[29.0600216,40.1950424],[29.060084,40.1947903],[29.0600817,40.1944365],[29.0600799,40.1941075],[29.0602816,40.1921159],[29.0603089,40.1919217],[29.0603338,40.1917187],[29.0603758,40.1914839],[29.0607268,40.1892927],[29.0607976,40.189141],[29.0609015,40.1890295],[29.0610308,40.1888854],[29.0611955,40.1888134],[29.0614227,40.1887297],[29.0615502,40.188705],[29.0622782,40.1885912],[29.0629369,40.1884518],[29.0679378,40.1873521],[29.0682998,40.1873142],[29.0688948,40.1873175],[29.0701234,40.1873243],[29.0768374,40.1875576],[29.0771666,40.1875941],[29.0773586,40.1876318],[29.0775175,40.1876732],[29.0778482,40.1878311]],[[29.0778482,40.1878311],[29.0782598,40.1882103],[29.078605,40.1885646],[29.0792341,40.1892175],[29.0795907,40.1896033]],[[29.0795907,40.1896033],[29.0797307,40.1897604],[29.080815,40.1910873],[29.0809406,40.191211],[29.0811172,40.1913296],[29.0813222,40.1914403],[29.0815749,40.1915273],[29.0817154,40.1915655],[29.0819481,40.1916067],[29.0820645,40.1916198],[29.0822475,40.1916338],[29.0824863,40.1916384],[29.0842352,40.1916205]],[[29.0842352,40.1916205],[29.0854379,40.1916101],[29.0866762,40.191574],[29.087449,40.191572],[29.0881962,40.1915701],[29.0886077,40.1915696],[29.0894577,40.1915932],[29.0965353,40.1915602],[29.0981458,40.1915246],[29.0984876,40.1915196],[29.0992244,40.1915198],[29.0999168,40.1915118],[29.1002525,40.1915091],[29.1012035,40.1915326],[29.1044876,40.1915203],[29.1053425,40.1914866],[29.1057734,40.1914827],[29.1064417,40.1914818],[29.1071805,40.1914808],[29.1078175,40.1914901],[29.1085562,40.1915113],[29.1108015,40.191519]],[[29.1108015,40.191519],[29.1117152,40.191535]],[[29.1117152,40.191535],[29.1131124,40.1915433],[29.1143023,40.191521],[29.1148854,40.1914988],[29.1160442,40.1914896],[29.1169037,40.1914869]]]}},{"type":"Feature","properties":{"route":"subway","name":"B1 Arabayatağı Geçit/Balat","colour":"red"},"geometry":{"type":"MultiLineString","coordinates":[[[29.1162149,40.1915735],[29.1162151,40.1915042],[29.1176235,40.1915074],[29.1176232,40.1915768],[29.1162149,40.1915735]],[[29.1057603,40.1915624],[29.1057605,40.1915028],[29.1071628,40.1915057],[29.1071626,40.1915652],[29.1057603,40.1915624]],[[29.0984739,40.1916027],[29.0984734,40.1915387],[29.0988765,40.1915375],[29.0996295,40.1915352],[29.0998851,40.1915327],[29.0998856,40.1915967],[29.0996283,40.1915978],[29.0988768,40.191601],[29.0984739,40.1916027]],[[29.0867932,40.1916552],[29.0867933,40.191592],[29.0881879,40.1915921],[29.0881879,40.1916553],[29.0867932,40.1916552]],[[29.0789722,40.1890308],[29.0789292,40.1890554],[29.0781074,40.1882169],[29.0780907,40.1881998],[29.0781337,40.1881752],[29.0789722,40.1890308]],[[29.0697956,40.1873727],[29.0697953,40.1874137],[29.0691865,40.1874112],[29.0683963,40.187408],[29.0683965,40.187367],[29.0697956,40.1873727]],[[29.0636412,40.188359],[29.0636553,40.1883986],[29.0623057,40.1886803],[29.0622915,40.1886407],[29.0636412,40.188359]],[[29.057084,40.1959592],[29.0570981,40.1960215],[29.0557237,40.1962024],[29.0557096,40.1961401],[29.057084,40.1959592]],[[29.0500127,40.1975015],[29.0500372,40.197538],[29.0487917,40.1980249],[29.0487672,40.1979884],[29.0500127,40.1975015]],[[29.0399933,40.2004918],[29.0399704,40.2004333],[29.0413166,40.2001259],[29.0413395,40.2001844],[29.0399933,40.2004918]],[[29.0292767,40.2056512],[29.029236,40.2056176],[29.0294275,40.2054741],[29.0300792,40.2050347],[29.030297,40.2049077],[29.0303425,40.2049409],[29.0292767,40.2056512]],[[29.0247087,40.2099547],[29.024654,40.2099177],[29.0248235,40.2097707],[29.0255902,40.2091091],[29.025645,40.209146],[29.0255168,40.2092648],[29.0249509,40.2097687],[29.0247087,40.2099547]],[[29.015716,40.2130131],[29.0157199,40.2130541],[29.0143245,40.2131312],[29.0143206,40.2130903],[29.015716,40.2130131]],[[29.0009898,40.216117],[29.0010601,40.2161593],[29.0001886,40.2170044],[29.0001183,40.2169621],[29.0009898,40.216117]],[[28.994303,40.2226466],[28.9943731,40.222688],[28.9935138,40.2235359],[28.9934437,40.2234945],[28.994303,40.2226466]],[[28.9870277,40.2287898],[28.9870862,40.2288402],[28.9860321,40.2295522],[28.9859736,40.2295017],[28.9870277,40.2287898]],[[28.9750655,40.2373623],[28.9750023,40.2373134],[28.9760021,40.2365613],[28.9760653,40.2366102],[28.9750655,40.2373623]],[[28.9674731,40.2430158],[28.9675358,40.2430645],[28.966534,40.243817],[28.966489,40.243782],[28.9664713,40.2437683],[28.9674731,40.2430158]],[[28.9578,40.2502256],[28.9578576,40.2502709],[28.9568559,40.2510115],[28.9567983,40.2509662],[28.9578,40.2502256]],[[28.9527337,40.2565084],[28.9528234,40.2565298],[28.9523975,40.2575718],[28.9523077,40.2575504],[28.9527337,40.2565084]],[[28.9484816,40.2667988],[28.9485704,40.2668223],[28.948104,40.2678539],[28.948015,40.2678305],[28.9484816,40.2667988]],[[29.1169118,40.1915899],[29.1160449,40.1915879],[29.1148875,40.1915669],[29.1143164,40.1915555],[29.1131183,40.1915832],[29.1117218,40.1915757]],[[29.1117218,40.1915757],[29.1107975,40.191567]],[[29.1107975,40.191567],[29.1085614,40.1915462],[29.1082188,40.1915581],[29.1078016,40.1915788],[29.1071851,40.1915862],[29.1064511,40.1915842],[29.1057581,40.1915824],[29.1052596,40.1915805],[29.104489,40.1915575],[29.1012104,40.1915692],[29.100281,40.1916059],[29.0999116,40.1916112],[29.0992019,40.1916141],[29.0985039,40.1916169],[29.0981537,40.1916198],[29.0976115,40.1916167],[29.0970969,40.1916054],[29.0965541,40.1915944],[29.089448,40.1916312],[29.0885903,40.1916638],[29.0882158,40.1916702],[29.0874489,40.1916721],[29.0866716,40.1916741],[29.0854391,40.1916481],[29.0842282,40.1916588]],[[29.0842282,40.1916588],[29.0824799,40.1916711],[29.082255,40.1916669],[29.0820484,40.1916556],[29.0819218,40.1916403],[29.0817024,40.1915993],[29.0815543,40.1915613],[29.0812889,40.1914651],[29.0810886,40.191359],[29.0809084,40.1912366],[29.0807711,40.1911125],[29.0796907,40.1897778],[29.0795485,40.1896188]],[[29.0795485,40.1896188],[29.0794322,40.1894961],[29.0785736,40.1885896],[29.0781921,40.1881958],[29.0781216,40.1881284],[29.0778233,40.1878616]],[[29.0778233,40.1878616],[29.0774972,40.1877058],[29.0773451,40.1876663],[29.0771574,40.1876294],[29.0768329,40.1875934],[29.0701219,40.1873602],[29.0688947,40.1873534],[29.0683033,40.1873501],[29.0679476,40.1873873],[29.0629484,40.1884867],[29.0622889,40.1886262],[29.0615667,40.1887297],[29.0614334,40.188752],[29.0611996,40.1888413],[29.0610646,40.1888973],[29.0610545,40.188909],[29.060934,40.1890472],[29.0608423,40.1891478],[29.0607747,40.1892872],[29.0604271,40.191433],[29.060393,40.1916544],[29.0603797,40.1917272],[29.0603514,40.1919279],[29.060335,40.1920512],[29.060127,40.1941076],[29.0601282,40.1944387],[29.0601318,40.1945388],[29.0601361,40.1947945],[29.0600668,40.1950528],[29.059943,40.1952862],[29.0597354,40.1955033],[29.0594777,40.1956402],[29.0591906,40.1957377],[29.0588486,40.1958025],[29.0584201,40.1958652],[29.0573431,40.1960048],[29.0565232,40.1961206],[29.0553671,40.1962723],[29.0514243,40.1970523],[29.0507412,40.1972195],[29.0501878,40.1974087],[29.0493867,40.1977233],[29.0482334,40.1981762],[29.0472517,40.1985491],[29.0460545,40.1989944],[29.0452265,40.1992539],[29.044552,40.1994351]],[[29.044552,40.1994351],[29.0439006,40.1995999],[29.0423436,40.1999563],[29.0414156,40.2001924],[29.0406854,40.2003551],[29.0399948,40.200509],[29.0394911,40.2006252],[29.0385376,40.2008106],[29.0381047,40.2009199],[29.0372049,40.2011982],[29.0368746,40.2013266],[29.0365005,40.2014928],[29.0360918,40.2016832],[29.0356802,40.2019035],[29.0354705,40.2020264],[29.0351661,40.202217],[29.0345044,40.202681],[29.0343332,40.2027926],[29.0338423,40.2031112],[29.0333906,40.2033815],[29.0330002,40.2035926],[29.0325616,40.2038159],[29.031224,40.2044766],[29.03076,40.2047112],[29.030372,40.204944],[29.0297919,40.2053286],[29.0292928,40.2056594],[29.0290825,40.2058109],[29.0287814,40.2060638],[29.026418,40.2084045],[29.0255971,40.2092242],[29.0252396,40.2095355],[29.0248936,40.2098368],[29.0246704,40.2100155],[29.0243326,40.2102695],[29.0239912,40.210502],[29.0236638,40.2107039],[29.0228847,40.2111359],[29.0225261,40.2113111],[29.0219829,40.2115528],[29.0212333,40.2118488],[29.0207475,40.2120319],[29.0197653,40.2123679]],[[29.0197653,40.2123679],[29.0189442,40.2126298],[29.0185055,40.2127497],[29.0181144,40.2128202],[29.0174298,40.2128902],[29.0164496,40.2129575],[29.0151182,40.2130312],[29.0141899,40.2130793]],[[29.0141899,40.2130793],[29.0137399,40.2131051],[29.0132722,40.2131229],[29.012903,40.2131289],[29.0124577,40.2131229],[29.0119083,40.2130979],[29.0114513,40.2130603],[29.0109761,40.2130062],[29.0100735,40.2128914],[29.0094207,40.2128049]],[[29.0094207,40.2128049],[29.0081946,40.2126358]],[[29.0081946,40.2126358],[29.007522,40.2125406],[29.006684,40.2124306],[29.0063276,40.2123909],[29.0061791,40.2123762]],[[29.0061791,40.2123762],[29.0054267,40.212341],[29.0050943,40.2123281],[29.0048631,40.2123318],[29.0046599,40.212347],[29.0044657,40.2123796],[29.0043001,40.2124255],[29.0041573,40.2124755],[29.0039916,40.2125518],[29.0038635,40.2126202],[29.0037015,40.2127383],[29.0035175,40.2129277]],[[29.0035175,40.2129277],[29.0034283,40.213037],[29.0033675,40.2131452],[29.0032433,40.2133959],[29.0028082,40.2143252],[29.0024398,40.2147596]],[[29.0024398,40.2147596],[29.0017943,40.2154254],[29.0014775,40.2157711],[29.0013697,40.2158844],[29.0012298,40.2160185],[29.0010787,40.2161655],[29.0006422,40.2165902],[29.0003596,40.2168652],[29.0001971,40.2170234],[28.9998636,40.2173389],[28.9996053,40.2175684],[28.9993054,40.2178339],[28.9952319,40.2217879],[28.994886,40.2221632],[28.9945581,40.222507],[28.9943499,40.2227312],[28.9939709,40.2231029],[28.9934862,40.2235862],[28.9932169,40.2238182],[28.9928797,40.224116],[28.9925045,40.2244446],[28.9914638,40.2254259],[28.990813,40.226001],[28.9901387,40.2265659],[28.9896073,40.2270015],[28.9880829,40.2281422],[28.9874533,40.2286136],[28.9865891,40.2291956],[28.985817,40.2297142],[28.9850328,40.2302017],[28.9836719,40.2311139]],[[28.9836719,40.2311139],[28.9825084,40.2318894]],[[28.9825084,40.2318894],[28.9806709,40.2331422],[28.9800936,40.233545],[28.9771057,40.2357972],[28.9766818,40.2361311],[28.9761331,40.2365765],[28.9755806,40.2369919],[28.9751347,40.2373272],[28.9748083,40.2375747],[28.9741978,40.2380006],[28.9736894,40.238383],[28.9690591,40.2418878],[28.9687133,40.2421728],[28.9684926,40.2423503],[28.9675487,40.2430751],[28.967047,40.2434524],[28.9665597,40.2438188],[28.9661908,40.2440855],[28.9659248,40.2442656],[28.9652769,40.2447454],[28.9621394,40.2471091],[28.9590652,40.2492826]],[[28.9590652,40.2492826],[28.9577411,40.250372],[28.9573957,40.2506236],[28.9567394,40.2511221],[28.9560276,40.2516637],[28.9552364,40.2523495]],[[28.9552364,40.2523495],[28.9548365,40.252796],[28.9543766,40.2534237],[28.9540976,40.2538277],[28.9539273,40.2540982],[28.9537007,40.2545291],[28.9534739,40.2550221],[28.9532932,40.2554715],[28.9532635,40.2555454],[28.9530184,40.2561251],[28.952811,40.2566212],[28.9526306,40.2570683]],[[28.9526306,40.2570683],[28.9519399,40.2586844],[28.9517079,40.2592255],[28.9513616,40.260037],[28.9510601,40.2607407]],[[28.9510601,40.2607407],[28.9487519,40.2663317],[28.9486105,40.2667946],[28.9483468,40.2673955]]]}},{"type":"Feature","properties":{"route":"subway","name":"B2 Kestel - Üniversite","colour":"black"},"geometry":{"type":"MultiLineString","coordinates":[[[29.206496,40.2022938],[29.2065426,40.2022584],[29.2075489,40.2030297],[29.2075026,40.2030649],[29.206496,40.2022938]],[[29.1897432,40.199352],[29.189729,40.1992817],[29.1911184,40.1991188],[29.1911326,40.1991892],[29.1897432,40.199352]],[[29.1742158,40.1978179],[29.1742293,40.1977543],[29.1756165,40.1979264],[29.175603,40.19799],[29.1742158,40.1978179]],[[29.1667472,40.1966722],[29.1667653,40.1966107],[29.1681559,40.1968495],[29.1681379,40.1969108],[29.1667472,40.1966722]],[[29.154344,40.1945008],[29.1543645,40.1944345],[29.155732,40.1946771],[29.1557116,40.1947363],[29.154344,40.1945008]],[[29.1409278,40.192109],[29.1409491,40.1920372],[29.1423407,40.1922788],[29.1423194,40.1923507],[29.1409278,40.192109]],[[29.1315657,40.1915897],[29.1315666,40.1915173],[29.1329865,40.1915278],[29.1329855,40.1916002],[29.1315657,40.1915897]],[[29.1162149,40.1915735],[29.1162151,40.1915042],[29.1176235,40.1915074],[29.1176232,40.1915768],[29.1162149,40.1915735]],[[29.1057603,40.1915624],[29.1057605,40.1915028],[29.1071628,40.1915057],[29.1071626,40.1915652],[29.1057603,40.1915624]],[[29.0984739,40.1916027],[29.0984734,40.1915387],[29.0988765,40.1915375],[29.0996295,40.1915352],[29.0998851,40.1915327],[29.0998856,40.1915967],[29.0996283,40.1915978],[29.0988768,40.191601],[29.0984739,40.1916027]],[[29.0867932,40.1916552],[29.0867933,40.191592],[29.0881879,40.1915921],[29.0881879,40.1916553],[29.0867932,40.1916552]],[[29.0789722,40.1890308],[29.0789292,40.1890554],[29.0781074,40.1882169],[29.0780907,40.1881998],[29.0781337,40.1881752],[29.0789722,40.1890308]],[[29.0697956,40.1873727],[29.0697953,40.1874137],[29.0691865,40.1874112],[29.0683963,40.187408],[29.0683965,40.187367],[29.0697956,40.1873727]],[[29.0636412,40.188359],[29.0636553,40.1883986],[29.0623057,40.1886803],[29.0622915,40.1886407],[29.0636412,40.188359]],[[29.057084,40.1959592],[29.0570981,40.1960215],[29.0557237,40.1962024],[29.0557096,40.1961401],[29.057084,40.1959592]],[[29.0500127,40.1975015],[29.0500372,40.197538],[29.0487917,40.1980249],[29.0487672,40.1979884],[29.0500127,40.1975015]],[[29.0399933,40.2004918],[29.0399704,40.2004333],[29.0413166,40.2001259],[29.0413395,40.2001844],[29.0399933,40.2004918]],[[29.0292767,40.2056512],[29.029236,40.2056176],[29.0294275,40.2054741],[29.0300792,40.2050347],[29.030297,40.2049077],[29.0303425,40.2049409],[29.0292767,40.2056512]],[[29.0247087,40.2099547],[29.024654,40.2099177],[29.0248235,40.2097707],[29.0255902,40.2091091],[29.025645,40.209146],[29.0255168,40.2092648],[29.0249509,40.2097687],[29.0247087,40.2099547]],[[29.015716,40.2130131],[29.0157199,40.2130541],[29.0143245,40.2131312],[29.0143206,40.2130903],[29.015716,40.2130131]],[[28.9994991,40.2119746],[28.999516,40.2120167],[28.9994866,40.2120227],[28.9994787,40.212002],[28.9992879,40.2120403],[28.9992924,40.2120529],[28.9992955,40.2120615],[28.999244,40.2120717],[28.9992368,40.2120513],[28.9984258,40.2122143],[28.9984331,40.2122346],[28.9983713,40.2122475],[28.9983687,40.2122401],[28.9983641,40.212227],[28.9981926,40.2122632],[28.9982,40.2122843],[28.9981583,40.2122928],[28.9981432,40.2122496],[28.9994991,40.2119746]],[[28.9874305,40.2118611],[28.9874377,40.2117911],[28.988847,40.211875],[28.9888399,40.211945],[28.9874305,40.2118611]],[[28.9747911,40.2116206],[28.97478,40.2115576],[28.9761772,40.2114152],[28.9761882,40.2114782],[28.9747911,40.2116206]],[[28.9654826,40.2131588],[28.9654628,40.2130877],[28.9668465,40.2128637],[28.9668662,40.2129348],[28.9654826,40.2131588]],[[28.9491708,40.2125441],[28.9491796,40.2124737],[28.9506926,40.212584],[28.9506838,40.2126544],[28.9491708,40.2125441]],[[28.9408796,40.2120236],[28.940884,40.2119584],[28.9422891,40.2120137],[28.9422847,40.2120789],[28.9408796,40.2120236]],[[28.9338472,40.2153487],[28.9337626,40.2153233],[28.9342881,40.2143041],[28.9343727,40.2143295],[28.9338472,40.2153487]],[[28.9212445,40.21948],[28.9212359,40.2194047],[28.9226537,40.2193098],[28.9226624,40.2193851],[28.9212445,40.21948]],[[28.9105869,40.2199846],[28.910579,40.2199146],[28.9119867,40.2198219],[28.9119946,40.2198918],[28.9105869,40.2199846]],[[28.8991678,40.2202741],[28.8991654,40.2201988],[28.9005956,40.2201727],[28.900598,40.2202481],[28.8991678,40.2202741]],[[28.8904566,40.2205282],[28.8904535,40.2204589],[28.8918695,40.2204221],[28.8918726,40.2204914],[28.8904566,40.2205282]],[[28.8691522,40.2182448],[28.8691434,40.2181722],[28.8708299,40.218054],[28.8708386,40.2181263],[28.8691522,40.2182448]],[[29.2069361,40.2026737],[29.2063829,40.2022232],[29.2059758,40.2019291],[29.2057198,40.2017112],[29.2055534,40.2015747],[29.205161,40.2012658],[29.2048551,40.2010249],[29.2042817,40.2005901],[29.2039843,40.2003732],[29.2036654,40.200161],[29.2031917,40.1998795],[29.2027508,40.1996435],[29.202224,40.1993963],[29.2018291,40.19923],[29.201396,40.199071],[29.2008806,40.1989161]],[[29.2008806,40.1989161],[29.1997567,40.198667]],[[29.1997567,40.198667],[29.1993816,40.1986052],[29.1988404,40.1985412],[29.1982089,40.1985024],[29.1977093,40.1984925],[29.1971828,40.1985003],[29.1967472,40.1985257],[29.1964366,40.1985519],[29.1923731,40.1990289],[29.1919734,40.1990959],[29.1916335,40.1991424],[29.191131,40.1992064],[29.1904389,40.1992851],[29.1897588,40.1993625],[29.1893755,40.1994015],[29.1889398,40.19944],[29.1885665,40.1994543],[29.1882102,40.1994605],[29.1877639,40.1994511],[29.1873237,40.1994206],[29.1868436,40.1993769],[29.1862978,40.1993119],[29.1835953,40.1989567]],[[29.1835953,40.1989567],[29.1823778,40.1987938]],[[29.1823778,40.1987938],[29.1777781,40.1982568]],[[29.1777781,40.1982568],[29.1770915,40.1981699]],[[29.1770915,40.1981699],[29.1764612,40.1980987],[29.1759825,40.1980533],[29.1756459,40.1980146],[29.1749519,40.1979308],[29.1741957,40.1978394],[29.1737964,40.1977782],[29.1728989,40.1976541],[29.1722062,40.1975632]],[[29.1722062,40.1975632],[29.1713621,40.1974387]],[[29.1713621,40.1974387],[29.1708038,40.197362],[29.170416,40.1973211],[29.1682204,40.1969455],[29.1673825,40.1967963],[29.1664067,40.1966184],[29.1654966,40.1964033],[29.1611809,40.1956495]],[[29.1611809,40.1956495],[29.1600061,40.1954405]],[[29.1600061,40.1954405],[29.157024,40.1949524],[29.1564545,40.1948648],[29.1559529,40.1947923],[29.1557068,40.1947502],[29.1550171,40.1946271],[29.1543529,40.1945217],[29.1539313,40.1944486],[29.1535721,40.1943695],[29.152976,40.1942574],[29.1506777,40.1938577]],[[29.1506777,40.1938577],[29.149506,40.1936596]],[[29.149506,40.1936596],[29.1469087,40.1931701],[29.143745,40.1925872],[29.142951,40.1924745],[29.1423381,40.1923721],[29.1416032,40.1922418],[29.1409323,40.1921307],[29.1406897,40.1920925],[29.1402684,40.1920081],[29.1396444,40.1918963],[29.1386168,40.191742],[29.1381366,40.1916856],[29.1372536,40.1916316],[29.1362945,40.1916119]],[[29.1362945,40.1916119],[29.1354986,40.191599]],[[29.1354986,40.191599],[29.1346198,40.1915853],[29.1337936,40.1916106],[29.1330038,40.191617],[29.1322823,40.1916124],[29.1315541,40.1916078],[29.1312025,40.1916034],[29.1308244,40.1915962],[29.1300601,40.1915719],[29.127643,40.1915646]],[[29.127643,40.1915646],[29.1268926,40.1915645]],[[29.1268926,40.1915645],[29.1232536,40.1915668],[29.1225507,40.1915874],[29.1222064,40.1915975],[29.1185654,40.1915912],[29.1169118,40.1915899]],[[29.1169118,40.1915899],[29.1160449,40.1915879],[29.1148875,40.1915669],[29.1143164,40.1915555],[29.1131183,40.1915832],[29.1117218,40.1915757]],[[29.1117218,40.1915757],[29.1107975,40.191567]],[[29.1107975,40.191567],[29.1085614,40.1915462],[29.1082188,40.1915581],[29.1078016,40.1915788],[29.1071851,40.1915862],[29.1064511,40.1915842],[29.1057581,40.1915824],[29.1052596,40.1915805],[29.104489,40.1915575],[29.1012104,40.1915692],[29.100281,40.1916059],[29.0999116,40.1916112],[29.0992019,40.1916141],[29.0985039,40.1916169],[29.0981537,40.1916198],[29.0976115,40.1916167],[29.0970969,40.1916054],[29.0965541,40.1915944],[29.089448,40.1916312],[29.0885903,40.1916638],[29.0882158,40.1916702],[29.0874489,40.1916721],[29.0866716,40.1916741],[29.0854391,40.1916481],[29.0842282,40.1916588]],[[29.0842282,40.1916588],[29.0824799,40.1916711],[29.082255,40.1916669],[29.0820484,40.1916556],[29.0819218,40.1916403],[29.0817024,40.1915993],[29.0815543,40.1915613],[29.0812889,40.1914651],[29.0810886,40.191359],[29.0809084,40.1912366],[29.0807711,40.1911125],[29.0796907,40.1897778],[29.0795485,40.1896188]],[[29.0795485,40.1896188],[29.0794322,40.1894961],[29.0785736,40.1885896],[29.0781921,40.1881958],[29.0781216,40.1881284],[29.0778233,40.1878616]],[[29.0778233,40.1878616],[29.0774972,40.1877058],[29.0773451,40.1876663],[29.0771574,40.1876294],[29.0768329,40.1875934],[29.0701219,40.1873602],[29.0688947,40.1873534],[29.0683033,40.1873501],[29.0679476,40.1873873],[29.0629484,40.1884867],[29.0622889,40.1886262],[29.0615667,40.1887297],[29.0614334,40.188752],[29.0611996,40.1888413],[29.0610646,40.1888973],[29.0610545,40.188909],[29.060934,40.1890472],[29.0608423,40.1891478],[29.0607747,40.1892872],[29.0604271,40.191433],[29.060393,40.1916544],[29.0603797,40.1917272],[29.0603514,40.1919279],[29.060335,40.1920512],[29.060127,40.1941076],[29.0601282,40.1944387],[29.0601318,40.1945388],[29.0601361,40.1947945],[29.0600668,40.1950528],[29.059943,40.1952862],[29.0597354,40.1955033],[29.0594777,40.1956402],[29.0591906,40.1957377],[29.0588486,40.1958025],[29.0584201,40.1958652],[29.0573431,40.1960048],[29.0565232,40.1961206],[29.0553671,40.1962723],[29.0514243,40.1970523],[29.0507412,40.1972195],[29.0501878,40.1974087],[29.0493867,40.1977233],[29.0482334,40.1981762],[29.0472517,40.1985491],[29.0460545,40.1989944],[29.0452265,40.1992539],[29.044552,40.1994351]],[[29.044552,40.1994351],[29.0439006,40.1995999],[29.0423436,40.1999563],[29.0414156,40.2001924],[29.0406854,40.2003551],[29.0399948,40.200509],[29.0394911,40.2006252],[29.0385376,40.2008106],[29.0381047,40.2009199],[29.0372049,40.2011982],[29.0368746,40.2013266],[29.0365005,40.2014928],[29.0360918,40.2016832],[29.0356802,40.2019035],[29.0354705,40.2020264],[29.0351661,40.202217],[29.0345044,40.202681],[29.0343332,40.2027926],[29.0338423,40.2031112],[29.0333906,40.2033815],[29.0330002,40.2035926],[29.0325616,40.2038159],[29.031224,40.2044766],[29.03076,40.2047112],[29.030372,40.204944],[29.0297919,40.2053286],[29.0292928,40.2056594],[29.0290825,40.2058109],[29.0287814,40.2060638],[29.026418,40.2084045],[29.0255971,40.2092242],[29.0252396,40.2095355],[29.0248936,40.2098368],[29.0246704,40.2100155],[29.0243326,40.2102695],[29.0239912,40.210502],[29.0236638,40.2107039],[29.0228847,40.2111359],[29.0225261,40.2113111],[29.0219829,40.2115528],[29.0212333,40.2118488],[29.0207475,40.2120319],[29.0197653,40.2123679]],[[29.0197653,40.2123679],[29.0189442,40.2126298],[29.0185055,40.2127497],[29.0181144,40.2128202],[29.0174298,40.2128902],[29.0164496,40.2129575],[29.0151182,40.2130312],[29.0141899,40.2130793]],[[29.0141899,40.2130793],[29.0137399,40.2131051],[29.0132722,40.2131229],[29.012903,40.2131289],[29.0124577,40.2131229],[29.0119083,40.2130979],[29.0114513,40.2130603],[29.0109761,40.2130062],[29.0100735,40.2128914],[29.0094207,40.2128049]],[[29.0094207,40.2128049],[29.0081946,40.2126358]],[[29.0081946,40.2126358],[29.007522,40.2125406],[29.006684,40.2124306],[29.0063276,40.2123909],[29.0061791,40.2123762]],[[29.0061791,40.2123762],[29.0015664,40.2118774],[29.0013623,40.2118542],[29.0010664,40.2118312],[29.000763,40.2118263],[29.0005297,40.2118252],[29.0002076,40.211849],[28.9998701,40.2118954],[28.9996072,40.2119369]],[[28.9996072,40.2119369],[28.9987865,40.2121021],[28.9977195,40.2123168],[28.9973207,40.2123768],[28.9968582,40.2124012],[28.9922429,40.2121122]],[[28.9922429,40.2121122],[28.9904698,40.2120096],[28.9893968,40.2119788],[28.9889269,40.2119597],[28.9881375,40.2119143],[28.9874036,40.2118722],[28.9869368,40.2118349],[28.9859485,40.2117483],[28.9796012,40.2113668],[28.9785417,40.2113638],[28.9779004,40.2113701],[28.9768535,40.2114493],[28.9762149,40.2114931],[28.9755156,40.2115615],[28.9748241,40.2116291],[28.9737435,40.2117658],[28.9730573,40.2118612],[28.9682407,40.212688],[28.9674293,40.212853],[28.9668953,40.2129456],[28.9661841,40.2130589],[28.9655144,40.2131656],[28.9649255,40.2132513],[28.9644469,40.2133061],[28.9640457,40.2133383],[28.9635482,40.2133712],[28.9630817,40.213386],[28.9625774,40.2134044],[28.9621695,40.2134162],[28.9616708,40.2134126],[28.9610993,40.2133896],[28.9530683,40.212816]],[[28.9530683,40.212816],[28.9526067,40.2127848]],[[28.9526067,40.2127848],[28.9521691,40.212749],[28.9515281,40.2127142],[28.951002,40.212688],[28.9507054,40.2126657],[28.9498654,40.2126074],[28.9491341,40.2125567],[28.9487943,40.2125263],[28.9475691,40.2123963],[28.9444967,40.2121816],[28.9439312,40.2121585],[28.9435514,40.2121395],[28.9415728,40.2120681],[28.9402252,40.2120126],[28.9396207,40.2119997],[28.9389633,40.211984],[28.9380451,40.2120043]],[[28.9380451,40.2120043],[28.9368044,40.2120326],[28.9365895,40.2120413],[28.9363753,40.2120592],[28.9361714,40.2120981],[28.935931,40.2121744],[28.9357007,40.2122804],[28.9354928,40.2124156],[28.9353168,40.2125821],[28.9351602,40.2127843]],[[28.9351602,40.2127843],[28.934766,40.213535],[28.9345607,40.2140072],[28.9344327,40.2142711],[28.9341456,40.214819],[28.9338429,40.2153969],[28.9337212,40.2156273],[28.9336377,40.2157589],[28.9335389,40.2158679],[28.9334138,40.2159842],[28.93328,40.2160646],[28.933104,40.2161603],[28.9329434,40.2162212],[28.9326695,40.2162811],[28.9324399,40.2163095],[28.9311141,40.2164496],[28.9307909,40.2165243],[28.9305227,40.2166421],[28.9303695,40.2167461],[28.9302246,40.21687],[28.9301069,40.2170129],[28.929652,40.2176759],[28.929439,40.2179632],[28.9292188,40.2181509],[28.9290433,40.2182621],[28.9288374,40.2183557],[28.9274678,40.2188373]],[[28.9274678,40.2188373],[28.9269045,40.2190186],[28.9266101,40.2190797],[28.9261473,40.2191158]],[[28.9261473,40.2191158],[28.9240744,40.2192665],[28.9235419,40.2193226],[28.9229923,40.219376],[28.9219369,40.2194471],[28.921204,40.2194964],[28.9207444,40.2195224],[28.9199361,40.2195374],[28.9190655,40.2195994],[28.9187858,40.2196193],[28.9169878,40.2197474],[28.9159066,40.2197533]],[[28.9159066,40.2197533],[28.9142107,40.2197306]],[[28.9142107,40.2197306],[28.9138511,40.2197332],[28.9134331,40.219757],[28.9128962,40.2198203],[28.9123758,40.2198747],[28.9120108,40.2199044],[28.9113024,40.2199545],[28.9105933,40.2200047],[28.9101874,40.2200268],[28.9096346,40.2200425],[28.9089595,40.2200498],[28.9085135,40.2200732],[28.907179,40.220178],[28.9041257,40.2201874]],[[28.9041257,40.2201874],[28.9035655,40.2201827]],[[28.9035655,40.2201827],[28.9023328,40.2201855],[28.9013244,40.2202381]],[[28.9013244,40.2202381],[28.9008976,40.2202537],[28.8998636,40.2202729],[28.8993361,40.2202819],[28.8987815,40.2202913],[28.8965519,40.2203265]],[[28.8965519,40.2203265],[28.8936961,40.2204137],[28.8929674,40.2204552],[28.8921995,40.2204969],[28.8911585,40.220528],[28.890371,40.2205514],[28.8892684,40.220556]],[[28.8892684,40.220556],[28.888185,40.2205514],[28.8874233,40.2205105],[28.8867046,40.2203848],[28.8860395,40.2201636],[28.8854708,40.2199343],[28.8815655,40.2181156],[28.8809003,40.2178452],[28.8802244,40.2176322],[28.8795651,40.2175039]],[[28.8795651,40.2175039],[28.8791599,40.2174785],[28.8786203,40.2174875],[28.8722999,40.2179913],[28.8719468,40.2180307],[28.8710176,40.2181285],[28.8700597,40.2181963]]]}},{"type":"Feature","properties":{"route":"subway","name":"B2 Üniversite - Kestel","colour":"black"},"geometry":{"type":"MultiLineString","coordinates":[[[28.8691522,40.2182448],[28.8691434,40.2181722],[28.8708299,40.218054],[28.8708386,40.2181263],[28.8691522,40.2182448]],[[28.8904566,40.2205282],[28.8904535,40.2204589],[28.8918695,40.2204221],[28.8918726,40.2204914],[28.8904566,40.2205282]],[[28.8991678,40.2202741],[28.8991654,40.2201988],[28.9005956,40.2201727],[28.900598,40.2202481],[28.8991678,40.2202741]],[[28.9105869,40.2199846],[28.910579,40.2199146],[28.9119867,40.2198219],[28.9119946,40.2198918],[28.9105869,40.2199846]],[[28.9212445,40.21948],[28.9212359,40.2194047],[28.9226537,40.2193098],[28.9226624,40.2193851],[28.9212445,40.21948]],[[28.9338472,40.2153487],[28.9337626,40.2153233],[28.9342881,40.2143041],[28.9343727,40.2143295],[28.9338472,40.2153487]],[[28.9408796,40.2120236],[28.940884,40.2119584],[28.9422891,40.2120137],[28.9422847,40.2120789],[28.9408796,40.2120236]],[[28.9491708,40.2125441],[28.9491796,40.2124737],[28.9506926,40.212584],[28.9506838,40.2126544],[28.9491708,40.2125441]],[[28.9654826,40.2131588],[28.9654628,40.2130877],[28.9668465,40.2128637],[28.9668662,40.2129348],[28.9654826,40.2131588]],[[28.9747911,40.2116206],[28.97478,40.2115576],[28.9761772,40.2114152],[28.9761882,40.2114782],[28.9747911,40.2116206]],[[28.9874305,40.2118611],[28.9874377,40.2117911],[28.988847,40.211875],[28.9888399,40.211945],[28.9874305,40.2118611]],[[28.9994609,40.2118648],[28.9994759,40.2119068],[28.9981252,40.2121809],[28.9981118,40.2121423],[28.9981531,40.2121339],[28.9981597,40.2121531],[28.998329,40.2121173],[28.9983258,40.2121079],[28.9983222,40.2120975],[28.9983809,40.2120859],[28.9983875,40.2121048],[28.9991976,40.2119403],[28.9991907,40.2119206],[28.9992456,40.211909],[28.9992493,40.2119196],[28.9992528,40.2119293],[28.9994383,40.211892],[28.999431,40.2118708],[28.9994609,40.2118648]],[[29.0157075,40.2129013],[29.0157113,40.2129423],[29.0143159,40.2130194],[29.014312,40.2129785],[29.0157075,40.2129013]],[[29.0247087,40.2099547],[29.024654,40.2099177],[29.0248235,40.2097707],[29.0255902,40.2091091],[29.025645,40.209146],[29.0255168,40.2092648],[29.0249509,40.2097687],[29.0247087,40.2099547]],[[29.0292767,40.2056512],[29.029236,40.2056176],[29.0294275,40.2054741],[29.0300792,40.2050347],[29.030297,40.2049077],[29.0303425,40.2049409],[29.0292767,40.2056512]],[[29.0399933,40.2004918],[29.0399704,40.2004333],[29.0413166,40.2001259],[29.0413395,40.2001844],[29.0399933,40.2004918]],[[29.0499477,40.1974011],[29.0499721,40.1974376],[29.0487267,40.1979245],[29.0487022,40.197888],[29.0499477,40.1974011]],[[29.057084,40.1959592],[29.0570981,40.1960215],[29.0557237,40.1962024],[29.0557096,40.1961401],[29.057084,40.1959592]],[[29.0636045,40.1882505],[29.0636186,40.1882901],[29.062269,40.1885718],[29.0622548,40.1885322],[29.0636045,40.1882505]],[[29.0697984,40.1872607],[29.0697981,40.1873017],[29.0683991,40.187296],[29.0683993,40.1872549],[29.0697984,40.1872607]],[[29.0790908,40.1889649],[29.0790478,40.1889895],[29.0782324,40.1881574],[29.0782093,40.1881339],[29.0782523,40.1881093],[29.0790908,40.1889649]],[[29.0867932,40.1916552],[29.0867933,40.191592],[29.0881879,40.1915921],[29.0881879,40.1916553],[29.0867932,40.1916552]],[[29.0984739,40.1916027],[29.0984734,40.1915387],[29.0988765,40.1915375],[29.0996295,40.1915352],[29.0998851,40.1915327],[29.0998856,40.1915967],[29.0996283,40.1915978],[29.0988768,40.191601],[29.0984739,40.1916027]],[[29.1057603,40.1915624],[29.1057605,40.1915028],[29.1071628,40.1915057],[29.1071626,40.1915652],[29.1057603,40.1915624]],[[29.1162149,40.1915735],[29.1162151,40.1915042],[29.1176235,40.1915074],[29.1176232,40.1915768],[29.1162149,40.1915735]],[[29.1315657,40.1915897],[29.1315666,40.1915173],[29.1329865,40.1915278],[29.1329855,40.1916002],[29.1315657,40.1915897]],[[29.1409278,40.192109],[29.1409491,40.1920372],[29.1423407,40.1922788],[29.1423194,40.1923507],[29.1409278,40.192109]],[[29.154344,40.1945008],[29.1543645,40.1944345],[29.155732,40.1946771],[29.1557116,40.1947363],[29.154344,40.1945008]],[[29.1667472,40.1966722],[29.1667653,40.1966107],[29.1681559,40.1968495],[29.1681379,40.1969108],[29.1667472,40.1966722]],[[29.1742158,40.1978179],[29.1742293,40.1977543],[29.1756165,40.1979264],[29.175603,40.19799],[29.1742158,40.1978179]],[[29.1897432,40.199352],[29.189729,40.1992817],[29.1911184,40.1991188],[29.1911326,40.1991892],[29.1897432,40.199352]],[[29.206496,40.2022938],[29.2065426,40.2022584],[29.2075489,40.2030297],[29.2075026,40.2030649],[29.206496,40.2022938]],[[28.8700445,40.2180922],[28.8707477,40.2180372],[28.8710026,40.2180201],[28.8728025,40.217912],[28.87862,40.217454],[28.8791618,40.2174417],[28.879571,40.2174695]],[[28.879571,40.2174695],[28.8802389,40.2175979],[28.8809204,40.2178127],[28.8815888,40.2180844],[28.8854941,40.2199031],[28.8860599,40.2201312],[28.8867194,40.2203505],[28.8874302,40.2204748],[28.8881868,40.2205155],[28.8892673,40.2204996]],[[28.8892673,40.2204996],[28.8904127,40.2204382],[28.8911575,40.2204156],[28.892256,40.220389],[28.892954,40.2203835],[28.8936722,40.2203806],[28.896546,40.2202922]],[[28.896546,40.2202922],[28.8987863,40.2201969],[28.899855,40.2201744],[28.900881,40.2201595],[28.9013166,40.2201571]],[[28.9013166,40.2201571],[28.9023848,40.2201444],[28.903565,40.2201423]],[[28.903565,40.2201423],[28.9041259,40.220147]],[[28.9041259,40.220147],[28.9071768,40.2201376],[28.9085081,40.2200435],[28.9089365,40.2200074],[28.9095354,40.2199688],[28.91016,40.2199241],[28.910586,40.2198947],[28.911276,40.2198493],[28.9119491,40.219805],[28.9123477,40.2197722],[28.9134261,40.2196961],[28.9138618,40.2196943],[28.9142072,40.2196952]],[[28.9142072,40.2196952],[28.9159144,40.2197129]],[[28.9159144,40.2197129],[28.916997,40.219707],[28.9184463,40.2196072],[28.9194544,40.2195378],[28.9199146,40.2195061],[28.9206977,40.2194306],[28.9212039,40.2193902],[28.9219247,40.2193429],[28.9229851,40.2192733],[28.9235459,40.2192591],[28.9240655,40.2192327],[28.926147,40.2190889]],[[28.926147,40.2190889],[28.9266026,40.2190523],[28.9268844,40.2189964],[28.9274554,40.2188088]],[[28.9274554,40.2188088],[28.9287988,40.2183291],[28.9290091,40.2182323],[28.9291839,40.2181246],[28.9293935,40.2179499],[28.929601,40.2176759],[28.93006,40.2170057],[28.9301898,40.2168526],[28.9303229,40.2167271],[28.9304998,40.2166084],[28.9307694,40.2164947],[28.9310967,40.2164148],[28.9323613,40.2162821],[28.9326292,40.2162402],[28.9328425,40.2161828],[28.9330413,40.2160984],[28.9332343,40.2159857],[28.933391,40.2158541],[28.933504,40.2157276],[28.9336283,40.2155284],[28.9337467,40.2153129],[28.9340152,40.2147931],[28.9342978,40.2142463],[28.9344521,40.2139692],[28.9347203,40.2135176],[28.9351186,40.212773]],[[28.9351186,40.212773],[28.9352766,40.2125626],[28.9354687,40.212388],[28.9356913,40.2122456],[28.9359069,40.2121447],[28.9361566,40.2120705],[28.9363739,40.2120275],[28.9365801,40.2120106],[28.9367883,40.2120029],[28.938049,40.2119709]],[[28.938049,40.2119709],[28.9389779,40.2119435],[28.9396933,40.2119242],[28.9402011,40.2119215],[28.941584,40.2119673],[28.9423231,40.2119938],[28.9433795,40.2120495],[28.9444619,40.2121413],[28.9475678,40.212366],[28.9489629,40.2124419],[28.9499603,40.2125144],[28.9506536,40.2125647],[28.9510029,40.2125966],[28.9515388,40.2126548],[28.9521702,40.2127168],[28.9526195,40.2127516]],[[28.9526195,40.2127516],[28.9530635,40.2127826]],[[28.9530635,40.2127826],[28.9610933,40.2133546],[28.9616722,40.2133799],[28.9621726,40.2133799],[28.9625492,40.2133722],[28.9630763,40.2133522],[28.9635499,40.2133267],[28.9640325,40.2132846],[28.9644335,40.2132313],[28.9649093,40.2131602],[28.965529,40.2130621],[28.96614,40.2129634],[28.9669419,40.2128339],[28.9673451,40.2127736],[28.9677539,40.2127266],[28.9681168,40.2126751],[28.9730146,40.2118341],[28.9737166,40.2116931],[28.9742508,40.2116029],[28.9748198,40.2115413],[28.9754872,40.2114682],[28.9761785,40.2113926],[28.9768226,40.2113582],[28.977601,40.2113399],[28.9785232,40.2113285],[28.979602,40.2113377],[28.9859428,40.2117148],[28.9868788,40.2117397],[28.9874099,40.2117761],[28.9881546,40.2118224],[28.9889234,40.2118703],[28.9894049,40.2118988],[28.9904849,40.2119852],[28.9922382,40.2120772]],[[28.9922382,40.2120772],[28.9968557,40.2123628],[28.9972966,40.2123391],[28.997694,40.2122851],[28.9987729,40.2120708],[28.9995988,40.2119068]],[[28.9995988,40.2119068],[28.9998623,40.2118609],[29.0001902,40.2118163],[29.0005106,40.211789],[29.0007549,40.2117884],[29.0010806,40.2117951],[29.0013908,40.2118246],[29.0021302,40.211908],[29.0022968,40.2119281],[29.0066897,40.2123979],[29.0077716,40.2125418]],[[29.0077716,40.2125418],[29.008161,40.2125975],[29.0082038,40.2126032]],[[29.0082038,40.2126032],[29.0094217,40.2127679]],[[29.0094217,40.2127679],[29.009554,40.2127853],[29.0109545,40.2129692],[29.0114674,40.2130306],[29.0119121,40.2130656],[29.0124333,40.2130892],[29.012896,40.2130986],[29.0132848,40.2130908],[29.0137419,40.2130717],[29.0141882,40.2130488]],[[29.0141882,40.2130488],[29.0151181,40.2129987],[29.0164458,40.2129217],[29.0174246,40.2128545],[29.0181059,40.2127848],[29.0184921,40.2127152],[29.0189272,40.2125963],[29.0197471,40.2123348]],[[29.0197471,40.2123348],[29.02073,40.2120002],[29.0212205,40.2118143],[29.0219505,40.2115283],[29.022502,40.2112865],[29.0228672,40.2111036],[29.0236357,40.2106778],[29.0239826,40.2104518],[29.0241988,40.2102897],[29.0244788,40.2100595],[29.0247646,40.209805],[29.0251379,40.20948],[29.0256324,40.2090494],[29.0258802,40.2088408],[29.0261115,40.2086342],[29.0263805,40.2083768],[29.0266246,40.2081415],[29.0287483,40.20603],[29.028946,40.2058398],[29.0290985,40.2057101],[29.0292346,40.205592],[29.029402,40.205469],[29.0296924,40.205274],[29.0300792,40.2050143],[29.0303171,40.2048759],[29.0307243,40.2046691],[29.0311934,40.2044482],[29.0325348,40.2037923],[29.032972,40.2035711],[29.0333646,40.2033533],[29.0338246,40.2030808],[29.0343104,40.2027711],[29.0348067,40.2024285],[29.0351365,40.2021924],[29.035442,40.2020053],[29.0356727,40.2018711],[29.036075,40.2016509],[29.0364844,40.20146],[29.0368569,40.2012935],[29.0371895,40.2011695],[29.0380799,40.2008888],[29.0385094,40.2007706],[29.0393597,40.2005514],[29.0399603,40.2004182],[29.0406219,40.2002665],[29.0413777,40.2000932],[29.0423192,40.1999167],[29.0438653,40.1995738],[29.0445364,40.1994012]],[[29.0445364,40.1994012],[29.0452098,40.1992203],[29.0460352,40.1989616],[29.0472309,40.1985169],[29.0482119,40.1981442],[29.0493653,40.1976913],[29.0501677,40.1973762],[29.0507244,40.1971859],[29.0514112,40.1970177],[29.0541777,40.1964729],[29.0552994,40.196192],[29.0557312,40.1961169],[29.0565323,40.1960139],[29.0572436,40.1959154],[29.0583874,40.1958217],[29.0588385,40.1957674],[29.0591753,40.1957036],[29.0594545,40.1956088],[29.059702,40.1954772],[29.0599015,40.1952686],[29.0600216,40.1950424],[29.060084,40.1947903],[29.0600817,40.1944365],[29.0600799,40.1941075],[29.0602816,40.1921159],[29.0603089,40.1919217],[29.0603338,40.1917187],[29.0603758,40.1914839],[29.0607268,40.1892927],[29.0607976,40.189141],[29.0609015,40.1890295],[29.0610308,40.1888854],[29.0611955,40.1888134],[29.0614227,40.1887297],[29.0615502,40.188705],[29.0622782,40.1885912],[29.0629369,40.1884518],[29.0679378,40.1873521],[29.0682998,40.1873142],[29.0688948,40.1873175],[29.0701234,40.1873243],[29.0768374,40.1875576],[29.0771666,40.1875941],[29.0773586,40.1876318],[29.0775175,40.1876732],[29.0778482,40.1878311]],[[29.0778482,40.1878311],[29.0782598,40.1882103],[29.078605,40.1885646],[29.0792341,40.1892175],[29.0795907,40.1896033]],[[29.0795907,40.1896033],[29.0797307,40.1897604],[29.080815,40.1910873],[29.0809406,40.191211],[29.0811172,40.1913296],[29.0813222,40.1914403],[29.0815749,40.1915273],[29.0817154,40.1915655],[29.0819481,40.1916067],[29.0820645,40.1916198],[29.0822475,40.1916338],[29.0824863,40.1916384],[29.0842352,40.1916205]],[[29.0842352,40.1916205],[29.0854379,40.1916101],[29.0866762,40.191574],[29.087449,40.191572],[29.0881962,40.1915701],[29.0886077,40.1915696],[29.0894577,40.1915932],[29.0965353,40.1915602],[29.0981458,40.1915246],[29.0984876,40.1915196],[29.0992244,40.1915198],[29.0999168,40.1915118],[29.1002525,40.1915091],[29.1012035,40.1915326],[29.1044876,40.1915203],[29.1053425,40.1914866],[29.1057734,40.1914827],[29.1064417,40.1914818],[29.1071805,40.1914808],[29.1078175,40.1914901],[29.1085562,40.1915113],[29.1108015,40.191519]],[[29.1108015,40.191519],[29.1117152,40.191535]],[[29.1117152,40.191535],[29.1131124,40.1915433],[29.1143023,40.191521],[29.1148854,40.1914988],[29.1160442,40.1914896],[29.1169037,40.1914869]],[[29.1169037,40.1914869],[29.1185653,40.1914877],[29.1220495,40.1914927],[29.1232534,40.1915412],[29.1268913,40.1915337]],[[29.1268913,40.1915337],[29.1276462,40.1915337]],[[29.1276462,40.1915337],[29.1300603,40.1915379],[29.1308445,40.1915061],[29.1312012,40.191504],[29.1315433,40.1915043],[29.1323008,40.1915073],[29.1329816,40.19151],[29.1337694,40.1915245],[29.134593,40.1915367],[29.1354906,40.1915638]],[[29.1354906,40.1915638],[29.1363017,40.1915804]],[[29.1363017,40.1915804],[29.137253,40.1915978],[29.1381022,40.1916519],[29.1386132,40.1917079],[29.1396649,40.1918543],[29.1403103,40.1919524],[29.1409621,40.1920291],[29.1416253,40.1921414],[29.1423716,40.1922717],[29.1428339,40.1923584],[29.1432452,40.1924477],[29.1437566,40.1925506],[29.1469317,40.1931402],[29.1495236,40.1936159]],[[29.1495236,40.1936159],[29.1506895,40.1938264]],[[29.1506895,40.1938264],[29.152992,40.1942183],[29.1535836,40.1943061],[29.1539774,40.1943626],[29.1543134,40.1944152],[29.1550453,40.194538],[29.1557419,40.1946595],[29.1559443,40.1947066],[29.1564766,40.194814],[29.1570515,40.1949241],[29.1600143,40.1954065]],[[29.1600143,40.1954065],[29.1611905,40.1956125]],[[29.1611905,40.1956125],[29.1655095,40.1963647],[29.166442,40.1965458],[29.1667655,40.1965958],[29.1674152,40.1967079],[29.1682373,40.1968396],[29.1708349,40.1973096],[29.1713673,40.1974049]],[[29.1713673,40.1974049],[29.1722094,40.1975279]],[[29.1722094,40.1975279],[29.1728578,40.1976145],[29.1733655,40.1976423],[29.1738342,40.1976857],[29.1742159,40.1977297],[29.1749725,40.1978274],[29.1756835,40.197911],[29.1760037,40.1979549],[29.1764645,40.1980345],[29.1770946,40.1981285]],[[29.1770946,40.1981285],[29.1777939,40.1982155]],[[29.1777939,40.1982155],[29.1823892,40.1987588]],[[29.1823892,40.1987588],[29.1835971,40.1989215]],[[29.1835971,40.1989215],[29.1863018,40.1992772],[29.1868486,40.1993374],[29.1873264,40.1993724],[29.1877635,40.1993893],[29.1882196,40.1993878],[29.1887712,40.1993597],[29.1893282,40.1993075],[29.1897289,40.199263],[29.19041,40.1991833],[29.1911159,40.1991006],[29.1916075,40.199052],[29.1919398,40.1990221],[29.1922925,40.1989996],[29.1964205,40.1985232],[29.1967346,40.1984926],[29.1971839,40.1984655],[29.1976958,40.1984587],[29.1982048,40.1984678],[29.1988268,40.1985079],[29.1993682,40.1985704],[29.199768,40.1986338]],[[29.199768,40.1986338],[29.2008908,40.198883]],[[29.2008908,40.198883],[29.2014064,40.1990361],[29.2018385,40.1991993],[29.2022399,40.1993671],[29.2027663,40.1996112],[29.2031984,40.1998426],[29.2036965,40.2001375],[29.2040057,40.2003455],[29.204317,40.2005698],[29.2048761,40.200997],[29.2051915,40.2012406],[29.2055815,40.2015419],[29.2057866,40.2016855],[29.2061641,40.2019449],[29.2065072,40.202207],[29.2070398,40.2026109]]]}},{"type":"Feature","properties":{"route":"subway","name":"Ankaray Dikimevi→AŞTİ yol 2","colour":"#056D2E"},"geometry":{"type":"MultiLineString","coordinates":[[[32.8799785,39.9334338],[32.8795746,39.9334026],[32.8793711,39.9333564],[32.8791919,39.9333103],[32.8789355,39.9332174],[32.8787604,39.9331369],[32.8783772,39.9329399],[32.8783487,39.9329216],[32.8779006,39.9326582],[32.8774916,39.9324185],[32.8774435,39.9323903],[32.8772671,39.932281],[32.8770948,39.9321533],[32.8768857,39.932009],[32.8768045,39.9319584]],[[32.8768045,39.9319584],[32.876611,39.9318518],[32.8765254,39.931803],[32.8746561,39.9307062],[32.8736213,39.9300921],[32.8729303,39.9297177],[32.8727063,39.9296012],[32.872445,39.9294792],[32.8721552,39.9293574],[32.871737,39.9292034],[32.8713815,39.9290922],[32.8710955,39.9290204],[32.8697417,39.9287094],[32.8683965,39.9283075],[32.8679237,39.9281599],[32.867725,39.9280852],[32.8675428,39.9280121],[32.8674341,39.9279597],[32.8673438,39.9279037],[32.8672105,39.9278002],[32.86676,39.9274144],[32.8618185,39.9237173],[32.861391,39.9233868],[32.8610358,39.9231067],[32.8609584,39.9230535],[32.8609325,39.9230376],[32.8609009,39.9230196],[32.8608704,39.923004],[32.8608242,39.9229814],[32.8607536,39.9229466],[32.860678,39.9229082],[32.8606373,39.9228868],[32.8605965,39.9228601],[32.8605672,39.9228365],[32.8605459,39.9228164],[32.8604719,39.9227397],[32.8603212,39.9225754],[32.860241,39.9224899],[32.8601638,39.9224317],[32.860097,39.9223959],[32.8599754,39.9223446],[32.8555112,39.9208071],[32.855354,39.9207674],[32.855189,39.9207278],[32.8550264,39.9207111],[32.8547894,39.9207025],[32.8539548,39.9207048],[32.8533894,39.9207064],[32.8530276,39.9207456],[32.8526538,39.9208011],[32.8522377,39.9209075],[32.8519002,39.9210116],[32.8514181,39.9211978],[32.8510067,39.921422],[32.8505679,39.9217653],[32.8487108,39.9235664],[32.8484797,39.923804],[32.8483012,39.9240818],[32.8481992,39.9242817],[32.8481337,39.9244395],[32.8480388,39.9248119],[32.8479706,39.9250715],[32.8478735,39.9253311],[32.8477168,39.9256893],[32.8475099,39.9261622],[32.8462887,39.92862],[32.8461699,39.928863],[32.8459028,39.9293317],[32.8455414,39.9298946],[32.8453017,39.9302106],[32.844834,39.9307249],[32.844576,39.9309955],[32.8442688,39.9312802],[32.8437025,39.9317433],[32.8434239,39.9319471],[32.843168,39.9321114],[32.8425748,39.9324694],[32.8422513,39.9326678],[32.8417687,39.9329699],[32.8392394,39.9342583],[32.8389227,39.9344126],[32.8385432,39.9345447],[32.8382448,39.934616],[32.8378832,39.9346741],[32.8372714,39.9347718],[32.8368101,39.9348533],[32.8366229,39.9348765],[32.8364373,39.9348996],[32.8360368,39.934893],[32.8356027,39.9348529],[32.8350328,39.9347364],[32.8345226,39.9345942],[32.8290501,39.9327853],[32.8285082,39.9326132],[32.8279948,39.93245],[32.8277292,39.9324065],[32.8274711,39.9323982],[32.8271995,39.9324201],[32.8268289,39.9324726],[32.8250894,39.9328668],[32.8244029,39.9328991],[32.8237958,39.9328453],[32.8231887,39.9327379],[32.822689,39.9325983],[32.8220632,39.9323691],[32.8215262,39.9321256],[32.8209424,39.9318033],[32.8204315,39.9314738],[32.8199204,39.9311128],[32.8194495,39.9307828],[32.8193104,39.9306734],[32.8191766,39.930558],[32.8190275,39.9304076],[32.8185279,39.9297797],[32.8164337,39.9268133],[32.8163426,39.9266678],[32.8162004,39.9264473],[32.8160246,39.9261382],[32.8158325,39.9257757]],[[32.8158325,39.9257757],[32.8155797,39.9252904],[32.8153034,39.9246507],[32.8149963,39.9236088],[32.8148769,39.9232087],[32.8147389,39.922771],[32.8144945,39.9219168],[32.8144273,39.9217083],[32.8143659,39.9214997],[32.8142853,39.9211801],[32.814248,39.920947],[32.8142254,39.9207612],[32.8142172,39.9205865],[32.814221,39.9204118],[32.814232,39.9201433],[32.8142385,39.9199724],[32.8142429,39.9198096]],[[32.8142429,39.9198096],[32.8142469,39.9194396]],[[32.8142469,39.9194396],[32.8142484,39.9193797],[32.8142464,39.9193184],[32.8142414,39.9192662],[32.8142042,39.9189424],[32.8141964,39.9188351],[32.8141942,39.9187459],[32.8141952,39.9186211],[32.8142068,39.9182569],[32.8142304,39.9177279]]]}},{"type":"Feature","properties":{"route":"subway","name":"M1 Batıkent→Kızılay Metro yol 2","colour":"#BF0E1C"},"geometry":{"type":"MultiLineString","coordinates":[[[32.8346386,39.9511869],[32.8345779,39.9511413],[32.8336004,39.9518613],[32.8336516,39.951902],[32.8346386,39.9511869]],[[32.7267229,39.9681178],[32.7273975,39.9677721],[32.7274375,39.9677503],[32.7274961,39.9677228]],[[32.7274961,39.9677228],[32.7280314,39.9674712]],[[32.7280314,39.9674712],[32.7285612,39.9672476],[32.7288959,39.9671351],[32.7292322,39.9670441],[32.7296741,39.9669339],[32.7304516,39.9667579]],[[32.7304516,39.9667579],[32.7305588,39.966734],[32.7307953,39.9666798]],[[32.7307953,39.9666798],[32.7308719,39.9666615],[32.7310006,39.9666317],[32.7311347,39.966605],[32.7312589,39.9665809],[32.7313912,39.96656],[32.7315287,39.9665446],[32.7316859,39.966532],[32.7317675,39.9665275],[32.7319158,39.966523],[32.7320951,39.9665243],[32.7322673,39.9665323],[32.7324164,39.9665424],[32.732524,39.9665531],[32.73262,39.9665644],[32.732717,39.9665779],[32.7328585,39.9666037],[32.7329956,39.9666301],[32.7331014,39.966654],[32.7332,39.9666791],[32.7333473,39.9667218],[32.7335094,39.9667727],[32.73832,39.9683818],[32.7386977,39.9685117],[32.7395873,39.9687715],[32.740819,39.9691073],[32.7422158,39.9694501]],[[32.7422158,39.9694501],[32.7440766,39.9699642]],[[32.7440766,39.9699642],[32.7441302,39.969979],[32.7449296,39.9702144],[32.7456944,39.9704308],[32.7457253,39.97044]],[[32.7457253,39.97044],[32.747702,39.9710412],[32.7478729,39.971092],[32.7480422,39.971137],[32.7482357,39.9711816],[32.7484323,39.9712238],[32.7509863,39.9717862]],[[32.7509863,39.9717862],[32.7538657,39.9724148],[32.7544626,39.972532],[32.7548862,39.9725854],[32.7552943,39.9726264],[32.7555596,39.9726514],[32.755798,39.9726651],[32.7559733,39.9726742],[32.7563303,39.9726878],[32.7565755,39.9726875],[32.7569452,39.9726771],[32.760207,39.9724088]],[[32.760207,39.9724088],[32.7609025,39.9723487],[32.7616137,39.9722856],[32.7623858,39.9722161],[32.7627462,39.9721835],[32.7645089,39.9720396],[32.7651126,39.9719932],[32.7653334,39.9719759],[32.7657533,39.9719431]],[[32.7657533,39.9719431],[32.7657847,39.9719407],[32.7666235,39.9718674],[32.7674824,39.9717923],[32.767517,39.9717895]],[[32.767517,39.9717895],[32.768301,39.9717208],[32.7683762,39.9717142]],[[32.7683762,39.9717142],[32.7685975,39.9716948],[32.7689489,39.9716641],[32.77047,39.9715312]],[[32.77047,39.9715312],[32.7749868,39.9711342],[32.775579,39.9710711],[32.776167,39.9710018],[32.776916,39.9708984],[32.7776732,39.9707884],[32.7782774,39.9706772],[32.7788723,39.9705445],[32.7792711,39.9704512],[32.7796783,39.9703491],[32.7800547,39.9702461],[32.7804544,39.9701288],[32.7827238,39.9693306]],[[32.7827238,39.9693306],[32.7827519,39.9693207],[32.783395,39.9690945],[32.7842734,39.9687901],[32.7843199,39.968774]],[[32.7843199,39.968774],[32.7931424,39.9656485]],[[32.7931424,39.9656485],[32.7931675,39.9656389],[32.7938955,39.9653842],[32.7946884,39.9651126],[32.7947291,39.9650993]],[[32.7947291,39.9650993],[32.7993565,39.9636453]],[[32.7993565,39.9636453],[32.803491,39.9622572]],[[32.803491,39.9622572],[32.8037444,39.9621681]],[[32.8037444,39.9621681],[32.8037987,39.962149],[32.8045207,39.9618928],[32.8051632,39.9616658],[32.8052255,39.9616432]],[[32.8052255,39.9616432],[32.8061044,39.9613417],[32.8096743,39.9600767],[32.8099102,39.9599902]],[[32.8099102,39.9599902],[32.8099972,39.959958],[32.8100846,39.9599252],[32.8104061,39.9598047],[32.8110592,39.9595649],[32.8127792,39.9588931]],[[32.8127792,39.9588931],[32.8149819,39.9580351]],[[32.8149819,39.9580351],[32.8162871,39.957526]],[[32.8162871,39.957526],[32.8163231,39.9575111],[32.8170407,39.9572289],[32.8177714,39.9569339],[32.8177967,39.9569237],[32.8179083,39.9568837]],[[32.8179083,39.9568837],[32.8221698,39.9551586],[32.8222628,39.955127],[32.8223783,39.9550899],[32.8224901,39.9550575],[32.8225959,39.9550291],[32.8227043,39.9550025],[32.8228127,39.9549759],[32.8230474,39.9549283],[32.823257,39.9548918],[32.8234154,39.9548683],[32.8235414,39.9548527],[32.8236685,39.9548394],[32.8237757,39.9548312],[32.8238488,39.9548275],[32.8239173,39.9548255],[32.8239875,39.9548249],[32.8241128,39.9548253],[32.8242626,39.9548296],[32.8243702,39.9548342],[32.8244481,39.9548399],[32.8246126,39.9548511],[32.824867,39.954874],[32.8254446,39.954933]],[[32.8254446,39.954933],[32.8267403,39.9550654],[32.8269513,39.9550864],[32.8271237,39.9550948],[32.8273174,39.9551047],[32.8275132,39.9551107],[32.8277538,39.9551094],[32.8280147,39.9551003],[32.8282414,39.955085],[32.8285189,39.9550495],[32.8287428,39.9550078],[32.828981,39.9549599],[32.8291584,39.9549111],[32.8293276,39.9548577],[32.8294997,39.9547961],[32.8296719,39.9547299],[32.8298419,39.9546526],[32.8300018,39.9545752],[32.8302692,39.954424],[32.8305252,39.9542524],[32.8310105,39.9539075],[32.8314806,39.9535689]],[[32.8314806,39.9535689],[32.8329752,39.9524577]],[[32.8329752,39.9524577],[32.8333569,39.9521743]],[[32.8333569,39.9521743],[32.8335303,39.9520474]],[[32.8335303,39.9520474],[32.8336687,39.9519418]],[[32.8336687,39.9519418],[32.8341571,39.951583],[32.8342577,39.9515091],[32.8346816,39.9511963]],[[32.8346816,39.9511963],[32.8354408,39.9506404]],[[32.8354408,39.9506404],[32.8364393,39.949925]],[[32.8364393,39.949925],[32.8367944,39.949649]],[[32.8367944,39.949649],[32.8396527,39.9475396],[32.8403301,39.9470467],[32.840756,39.9467322],[32.8433175,39.9448515]],[[32.8433175,39.9448515],[32.8433846,39.9448034],[32.8439919,39.9443685],[32.844614,39.9439271],[32.844645,39.9439051]],[[32.844645,39.9439051],[32.8483015,39.9413],[32.8489012,39.9408435],[32.8494405,39.9403968],[32.8495949,39.9402534],[32.8497144,39.9401353],[32.8498671,39.9399843],[32.8501765,39.9396784]],[[32.8501765,39.9396784],[32.8502329,39.9396256],[32.8506249,39.93923],[32.8512793,39.9386065],[32.8513081,39.9385791]],[[32.8513081,39.9385791],[32.8515078,39.9383887],[32.8516758,39.938175],[32.8518129,39.937975],[32.8518854,39.9378357],[32.8519193,39.9377642],[32.8519485,39.9376891],[32.8519797,39.9375824],[32.8519945,39.9374506],[32.8520008,39.9373302],[32.8520535,39.9347388],[32.8521077,39.9343912],[32.8521584,39.9341595],[32.8522456,39.9339376],[32.8523811,39.9337157],[32.8534757,39.9320718],[32.8536398,39.9318177],[32.853804,39.9315554],[32.8539148,39.9313589],[32.8540108,39.9311624],[32.8541007,39.9309262],[32.8541572,39.9307105],[32.8542788,39.9302129],[32.8544709,39.9294152],[32.8546014,39.9288388]],[[32.8546014,39.9288388],[32.8546095,39.9288077],[32.854772,39.9281843],[32.8549321,39.9275318],[32.8549453,39.9274779]],[[32.8549453,39.9274779],[32.8549634,39.9273679],[32.8549792,39.9272435],[32.8549908,39.9271019],[32.8549978,39.9269567],[32.854998,39.9268148],[32.8549936,39.9266693],[32.8549772,39.9265048],[32.8549554,39.9263445],[32.8549136,39.9261286],[32.8548718,39.9259128],[32.8540384,39.9227034],[32.8539421,39.9223823],[32.8539223,39.9223148],[32.8539024,39.9222378],[32.8538922,39.9221906],[32.8538809,39.9221435],[32.8538652,39.9220585],[32.85385,39.9219708],[32.8538384,39.9218792],[32.8538339,39.9217808],[32.8538336,39.9216927],[32.8538336,39.9216901],[32.8538309,39.9214414],[32.8538277,39.9211459],[32.8538347,39.9206934],[32.8538367,39.9205695]],[[32.8538367,39.9205695],[32.8538375,39.9205178],[32.8538421,39.9202219]]]}},{"type":"Feature","properties":{"route":"subway","name":"M2 Koru→Kızılay Metro yol 1","colour":"#BF0E1C"},"geometry":{"type":"MultiLineString","coordinates":[[[32.68475,39.8846769],[32.6847873,39.8848026],[32.6848497,39.8849514],[32.6849575,39.885151],[32.6852681,39.8856062],[32.6854418,39.8858065],[32.685734,39.8860853],[32.6858498,39.8861992]],[[32.6858498,39.8861992],[32.6859023,39.8862508],[32.6864266,39.8867817],[32.6869242,39.8872892],[32.6869793,39.8873435]],[[32.6869793,39.8873435],[32.6874123,39.8877703],[32.6877762,39.8881136],[32.6880998,39.888401],[32.6882354,39.8885316],[32.6883234,39.8886267],[32.6883734,39.8886807],[32.6884349,39.8887465],[32.6884941,39.8888149],[32.6885786,39.8889333],[32.6886433,39.8890238],[32.6893077,39.8900092],[32.6894125,39.8901739],[32.6894674,39.8902756],[32.6894939,39.8903313],[32.6895169,39.8903923],[32.6895514,39.8904924],[32.6895765,39.8905873],[32.6896077,39.8907858],[32.6896252,39.8909796],[32.689637,39.8911716],[32.6896428,39.8913824],[32.6896215,39.8935459],[32.6896328,39.893732],[32.6896523,39.8938562],[32.6896832,39.8939652],[32.6897378,39.8941096],[32.6898036,39.8942349],[32.6903404,39.8950537],[32.6904088,39.8951661],[32.6904715,39.8952955],[32.6909528,39.8964971],[32.6910039,39.8966216],[32.6910535,39.8967567],[32.6910903,39.8968988],[32.6911173,39.8970419],[32.6911244,39.8971155]],[[32.6911244,39.8971155],[32.6911315,39.897189],[32.6911878,39.897843],[32.6912428,39.8985081],[32.6912488,39.8985951]],[[32.6912488,39.8985951],[32.691523,39.9012649],[32.6915745,39.9014304],[32.6916377,39.9015921],[32.6916849,39.9016858],[32.6917264,39.9017676],[32.691771,39.9018506],[32.6918187,39.9019312],[32.6918724,39.9020139],[32.6919541,39.9021243],[32.6920602,39.9022311],[32.6921952,39.9023638],[32.6922943,39.9024503],[32.693656,39.9034011],[32.6937576,39.9034644],[32.6939131,39.9035463],[32.6940311,39.9036076],[32.6942939,39.9037303],[32.6945513,39.9038407],[32.6948221,39.9039572],[32.6952082,39.9041046],[32.6956613,39.9042727],[32.6960526,39.9043968],[32.6962668,39.9044702],[32.6965051,39.9045448],[32.6967864,39.9046206],[32.6970065,39.9046747],[32.6972545,39.9047234],[32.6974254,39.9047529],[32.6976268,39.9047871],[32.6978635,39.904824],[32.698038,39.9048399],[32.6982299,39.9048555],[32.698434,39.904868],[32.7070399,39.9052468]],[[32.7070399,39.9052468],[32.7070766,39.9052473],[32.7078693,39.9052819],[32.7087583,39.9053207],[32.708867,39.9053235]],[[32.708867,39.9053235],[32.7267101,39.9061555],[32.7296144,39.9062909],[32.7298468,39.9062946],[32.7300438,39.9062833],[32.7302396,39.9062579],[32.7311372,39.9061119],[32.7314077,39.9060849],[32.7316478,39.9060672],[32.7318873,39.906063],[32.7320929,39.9060743],[32.7324483,39.9060969]],[[32.7324483,39.9060969],[32.73249,39.9060995],[32.7332839,39.9061602],[32.7341739,39.9062288],[32.7342435,39.9062343]],[[32.7342435,39.9062343],[32.7346802,39.9062661],[32.7352688,39.906319],[32.7355796,39.9063584],[32.7358699,39.9063979],[32.736126,39.9064313],[32.7362935,39.906452],[32.7365265,39.9064789],[32.7367711,39.9065075],[32.7371766,39.9065379],[32.7377754,39.9065688],[32.7378573,39.9065725],[32.7455491,39.9069029],[32.7458679,39.9069128],[32.7463072,39.9069113],[32.7465185,39.9069005],[32.7473013,39.9068532],[32.7476268,39.9068307],[32.7479234,39.9068235],[32.7487954,39.9068207],[32.749207,39.9068285]],[[32.749207,39.9068285],[32.7492438,39.9068292],[32.7500906,39.9068604],[32.7509274,39.9068945],[32.7509656,39.906896]],[[32.7509656,39.906896],[32.7516974,39.9069325],[32.7519474,39.9069603],[32.7527146,39.9070673],[32.7529845,39.9071003],[32.7532602,39.9071164],[32.7602614,39.9074442],[32.7614153,39.9074346],[32.7634558,39.9073232],[32.7637611,39.9073256],[32.764048,39.9073362],[32.7645242,39.9073802]],[[32.7645242,39.9073802],[32.764582,39.9073855],[32.7654218,39.9074728],[32.7662847,39.907568],[32.7663752,39.9075784]],[[32.7663752,39.9075784],[32.7664503,39.907587],[32.7666179,39.9076121],[32.7668036,39.9076493],[32.7673019,39.9077493],[32.7675494,39.9077948],[32.767812,39.9078284],[32.7680015,39.9078411],[32.768225,39.9078481],[32.7685903,39.9078637],[32.7814174,39.9082476],[32.7816627,39.9082355],[32.7818524,39.9082102],[32.7821788,39.9081611],[32.7824581,39.9081503],[32.7827144,39.9081592],[32.7830434,39.9081996],[32.7833699,39.908235],[32.7834795,39.9082475],[32.7836081,39.9082531],[32.7837423,39.9082588]],[[32.7837423,39.9082588],[32.7837751,39.9082594],[32.7845768,39.9082837],[32.7854652,39.9083136],[32.7855179,39.9083155]],[[32.7855179,39.9083155],[32.7855951,39.9083183],[32.7858348,39.9083289],[32.785969,39.908339],[32.7860835,39.9083505],[32.7863136,39.9083818],[32.7866992,39.9084515],[32.786967,39.9085002],[32.7872323,39.9085456],[32.7874604,39.908578],[32.7876738,39.9085966],[32.7879768,39.9086038],[32.7884173,39.9086129],[32.7886328,39.9086187],[32.7937535,39.9087761],[32.7941326,39.9087818],[32.7949755,39.9087602],[32.7954325,39.9087677]],[[32.7954325,39.9087677],[32.7954672,39.9087684],[32.7963255,39.9088006],[32.7971644,39.9088316],[32.7972349,39.9088347]],[[32.7972349,39.9088347],[32.7975296,39.9088479],[32.7984267,39.9088819],[32.7989991,39.9089075],[32.7996362,39.9089615],[32.8001402,39.9090222],[32.803157,39.9094965],[32.8038996,39.9096322],[32.8045991,39.909775],[32.8066236,39.910323],[32.807251,39.9104895]],[[32.807251,39.9104895],[32.8072952,39.9105018],[32.8080963,39.9106952],[32.8088995,39.9108968],[32.8089693,39.9109139]],[[32.8089693,39.9109139],[32.8239031,39.9145162],[32.8252576,39.9148094],[32.8254539,39.914845],[32.8264146,39.9150259]],[[32.8264146,39.9150259],[32.8264592,39.9150343],[32.8272457,39.9151795],[32.8281021,39.9153368],[32.8281383,39.915343]],[[32.8281383,39.915343],[32.8291205,39.9155102],[32.8303248,39.9156949],[32.8331752,39.9159995],[32.8349045,39.9160502],[32.8359694,39.9160608],[32.8369533,39.9160524],[32.8380357,39.915959],[32.8382947,39.9159333],[32.8385671,39.9158994],[32.8388275,39.9158603],[32.8391125,39.915809],[32.8435284,39.9150342]],[[32.8435284,39.9150342],[32.8435587,39.9150293],[32.8443798,39.9148963],[32.8452215,39.91476],[32.8452273,39.9147591]],[[32.8452273,39.9147591],[32.8457906,39.9146607],[32.8460804,39.9146023],[32.8464041,39.9145309],[32.8467582,39.9144408],[32.847095,39.9143455],[32.8504619,39.9134168],[32.8505906,39.9133791],[32.8507289,39.9133428],[32.8508615,39.9133118],[32.8509864,39.9132856],[32.8511066,39.9132626],[32.85126,39.9132359],[32.8513917,39.9132151],[32.8514842,39.913202],[32.851592,39.9131892],[32.8517137,39.9131773],[32.8518317,39.9131692],[32.8519598,39.9131628],[32.852102,39.9131558],[32.8522378,39.9131563],[32.8523799,39.913159],[32.8525216,39.9131677],[32.8526653,39.9131806],[32.8527921,39.9131956],[32.8529218,39.9132122],[32.8530703,39.9132308],[32.8532038,39.9132502],[32.8533397,39.9132697],[32.8534666,39.9132926],[32.8536021,39.9133197],[32.8537134,39.9133445],[32.8538385,39.9133768],[32.8539672,39.9134163],[32.8540652,39.913449],[32.8541651,39.9134834],[32.854251,39.9135153],[32.854342,39.913555],[32.8544155,39.9135893],[32.8545065,39.9136341],[32.8546004,39.9136814],[32.8546772,39.9137254],[32.8547561,39.9137719],[32.8548224,39.9138108],[32.8548916,39.9138581],[32.8549797,39.9139258],[32.8550575,39.9139934],[32.8551179,39.9140624],[32.8551791,39.9141292],[32.8552335,39.9142007],[32.8552915,39.9142867],[32.8553371,39.9143716],[32.8553688,39.9144436],[32.8553979,39.9145162],[32.8554243,39.9145858],[32.8554433,39.9146529],[32.8554562,39.9147316],[32.8554649,39.9148114],[32.85547,39.9148932],[32.8554731,39.9149631],[32.8554693,39.9150371],[32.8554562,39.9151216],[32.8554408,39.9151991],[32.8554327,39.9152347],[32.8554239,39.9152737],[32.855403,39.9153597],[32.8553774,39.9154457],[32.8553238,39.9156069],[32.8548721,39.9168008],[32.8547263,39.9171777],[32.8545195,39.91772],[32.8543633,39.9181275],[32.8542383,39.9184249],[32.8541672,39.918631],[32.8541421,39.9187226],[32.854124,39.9188159],[32.8541186,39.9188652],[32.8541141,39.918922],[32.8541102,39.9191555]],[[32.8541102,39.9191555],[32.8541086,39.9192199],[32.8540831,39.9202316]]]}},{"type":"Feature","properties":{"route":"subway","name":"M3 Batıkent→OSB Törekent Metro yol 1","colour":"#BF0E1C"},"geometry":{"type":"MultiLineString","coordinates":[[[32.7260552,39.968632],[32.726129,39.9685937],[32.7268146,39.9682379]],[[32.724142,39.969319],[32.7244694,39.9692511],[32.7248021,39.9691657],[32.7250466,39.96908],[32.7252831,39.9689891],[32.7260552,39.968632]],[[32.724142,39.969319],[32.7238112,39.9693699],[32.7236527,39.9693864],[32.7234942,39.9693947],[32.7231259,39.9694],[32.7228852,39.9693921],[32.722662,39.9693759],[32.7225341,39.9693604],[32.7224378,39.9693469],[32.722306,39.9693235],[32.7222015,39.9693018],[32.7220771,39.9692756],[32.7219345,39.9692448],[32.7217155,39.9691911],[32.7214716,39.9691277],[32.7212411,39.9690629]],[[32.7212411,39.9690629],[32.7209931,39.9689934],[32.7203771,39.9687923],[32.7196737,39.9685725]],[[32.7196737,39.9685725],[32.7193301,39.9684641],[32.7191475,39.9684125],[32.7189829,39.9683655],[32.718836,39.9683265],[32.7185634,39.9682558],[32.7182058,39.9681699],[32.7178929,39.9681038],[32.7176876,39.9680626],[32.7174938,39.968029],[32.7163234,39.9678515],[32.7161975,39.9678347]],[[32.7161975,39.9678347],[32.7153226,39.9677178],[32.7145297,39.967606]],[[32.7145297,39.967606],[32.7144096,39.9675891],[32.7136751,39.9675101],[32.7135459,39.9675015],[32.7134148,39.9674957],[32.7131457,39.9674962],[32.7129567,39.9675072],[32.7127775,39.9675249],[32.7126806,39.9675372],[32.7125633,39.9675596],[32.7123571,39.9676016],[32.7121356,39.9676592],[32.7119159,39.9677277],[32.7116436,39.9678332],[32.711382,39.9679611],[32.7107016,39.968394]],[[32.7107016,39.968394],[32.710337,39.9686357]],[[32.710337,39.9686357],[32.7096233,39.9690822],[32.7093175,39.9692464],[32.7090516,39.9693973],[32.7087701,39.9695474],[32.7084688,39.9696925],[32.7082205,39.9698022],[32.707892,39.9699339],[32.7077616,39.9699842],[32.7076389,39.9700275],[32.7074995,39.9700727],[32.707354,39.9701155],[32.7069609,39.9702133],[32.7066445,39.970299],[32.7064918,39.9703436],[32.7063392,39.9703882],[32.7061969,39.9704385],[32.7060545,39.9704919],[32.7057564,39.970611],[32.7054852,39.9707279],[32.7040329,39.9713625]],[[32.7040329,39.9713625],[32.7031272,39.9717556],[32.7025483,39.9720015]],[[32.7025483,39.9720015],[32.7023571,39.9720841],[32.7021654,39.9721754],[32.7020013,39.9722627],[32.7018119,39.9723809],[32.7016548,39.9724971],[32.7015102,39.9725983],[32.7013655,39.9727118],[32.7011254,39.9729406],[32.7010643,39.9730021],[32.7007902,39.9733133],[32.6973911,39.9774975],[32.6973364,39.9775582],[32.6972551,39.9776428],[32.6971831,39.9777156],[32.6971092,39.9777882],[32.6970307,39.9778619],[32.6969599,39.9779278],[32.6953392,39.9794875],[32.6952659,39.9795602],[32.6951806,39.9796463],[32.6950907,39.9797406],[32.6950305,39.9798104],[32.6949716,39.9798813],[32.6949067,39.9799646],[32.6946892,39.9802354]],[[32.6946892,39.9802354],[32.6942404,39.9807976],[32.6937792,39.9813756]],[[32.6937792,39.9813756],[32.6930656,39.9822737],[32.6929153,39.9824761],[32.6928052,39.9826059],[32.6927078,39.9827048],[32.6926144,39.9827873],[32.6925131,39.9828623],[32.6924108,39.9829249],[32.6922792,39.9830002],[32.6920788,39.983102],[32.6918728,39.9831931],[32.6916193,39.9832857],[32.6914277,39.9833466],[32.6912543,39.9833923],[32.6910481,39.9834394],[32.6908779,39.9834748],[32.6907019,39.9835052],[32.6905405,39.9835285],[32.6903147,39.9835564],[32.6900379,39.9835876],[32.6898237,39.983606],[32.6895967,39.9836183],[32.6894123,39.9836211],[32.6890945,39.9836166],[32.6855812,39.98358],[32.6852427,39.983576],[32.6849287,39.9835598],[32.6847518,39.9835495],[32.6845163,39.9835269],[32.6842989,39.9835028],[32.6839249,39.9834555],[32.683557,39.9834012],[32.6829713,39.9833131]],[[32.6829713,39.9833131],[32.6823557,39.9832234],[32.6817334,39.9831094],[32.6814269,39.9830453],[32.6811216,39.9829811],[32.6806619,39.982875],[32.680445,39.9828243],[32.6802419,39.9827712],[32.6800321,39.9827135]],[[32.6800321,39.9827135],[32.6799388,39.9826873],[32.6794017,39.982537],[32.6757739,39.9814706],[32.6755457,39.9813981],[32.6738042,39.9808734]],[[32.6738042,39.9808734],[32.6726651,39.9805377],[32.6719354,39.9803438]],[[32.6719354,39.9803438],[32.6716925,39.9802731],[32.6714044,39.9801936],[32.6705954,39.9800132],[32.6702109,39.9799335],[32.6699156,39.979883],[32.6698334,39.979869],[32.6691084,39.9797578]],[[32.6691084,39.9797578],[32.6679068,39.9796162],[32.6671966,39.9795545],[32.6668357,39.9795367],[32.6658914,39.9795186],[32.6648658,39.9795308],[32.6636644,39.9796035]],[[32.6636644,39.9796035],[32.6636255,39.9796059],[32.6627108,39.9796663],[32.6618513,39.9797326],[32.6618237,39.9797343]],[[32.6618237,39.9797343],[32.6578226,39.9800646]],[[32.6578226,39.9800646],[32.6562811,39.9801804]],[[32.6531382,39.9803342],[32.6540893,39.9802982],[32.6548939,39.9802606],[32.6558004,39.9802112],[32.6562811,39.9801804]],[[32.6531382,39.9803342],[32.6514799,39.9803939]],[[32.6514799,39.9803939],[32.6487727,39.9804784]],[[32.6487727,39.9804784],[32.6486779,39.9804822],[32.6478722,39.9805053],[32.6468814,39.9805367],[32.6468105,39.9805386]],[[32.6468105,39.9805386],[32.643711,39.9806356]],[[32.643711,39.9806356],[32.6432652,39.9806472],[32.6425301,39.9806667],[32.6421739,39.9806833],[32.6412605,39.9807335]],[[32.6287816,39.9810964],[32.6408561,39.9807555],[32.6412605,39.9807335]],[[32.6287816,39.9810964],[32.6283293,39.9811094]],[[32.6283293,39.9811094],[32.6282746,39.981111],[32.6273726,39.9811413],[32.6265139,39.9811753],[32.6264647,39.9811775]],[[32.6264647,39.9811775],[32.6242915,39.9812273]],[[32.6236627,39.9812496],[32.6242915,39.9812273]],[[32.6194477,39.9813766],[32.6236627,39.9812496]],[[32.618792,39.9813947],[32.6194477,39.9813766]],[[32.618792,39.9813947],[32.6170173,39.9814528],[32.6155393,39.9814981],[32.6150416,39.9815104],[32.6144172,39.981526],[32.6141982,39.9815315]],[[32.6141982,39.9815315],[32.6141185,39.9815334],[32.6132207,39.9815599],[32.6123718,39.9815882],[32.6123031,39.9815905]],[[32.6123031,39.9815905],[32.6113652,39.9816221],[32.6110513,39.9816313]],[[32.6110513,39.9816313],[32.6109563,39.9816334],[32.6072658,39.9817503],[32.6028398,39.98188],[32.6024749,39.9818908],[32.6021254,39.9819021],[32.6016843,39.9819237],[32.6012674,39.9819512],[32.6004526,39.982025]],[[32.6004526,39.982025],[32.599266,39.9821702]],[[32.599266,39.9821702],[32.5991857,39.98218],[32.5983858,39.9822844],[32.5974929,39.9824027],[32.597446,39.9824093]],[[32.597446,39.9824093],[32.5952436,39.9827196]],[[32.5952436,39.9827196],[32.5863658,39.9839427]],[[32.5863658,39.9839427],[32.5863451,39.9839453],[32.5853062,39.9840906],[32.5844768,39.9842032],[32.5844453,39.9842078]],[[32.5844453,39.9842078],[32.5758644,39.9853698]],[[32.5758644,39.9853698],[32.5754946,39.9854184],[32.5752496,39.9854505]],[[32.5752496,39.9854505],[32.5751888,39.9854585],[32.5743427,39.9855725],[32.5735019,39.9856883],[32.5734651,39.9856934]],[[32.5734651,39.9856934],[32.5723663,39.9858417]],[[32.5723663,39.9858417],[32.5629425,39.987134],[32.5625729,39.9871891],[32.5619267,39.9872833],[32.5600843,39.9875647]],[[32.5600843,39.9875647],[32.5600034,39.987576],[32.5590371,39.9877115],[32.5583599,39.9878064],[32.5583266,39.9878111]],[[32.5583266,39.9878111],[32.5566518,39.9880288],[32.5548713,39.9882715],[32.5546622,39.9883]]]}},{"type":"Feature","properties":{"route":"subway","name":"M3 OSB Törekent→Batıkent Metro yol 2","colour":"#BF0E1C"},"geometry":{"type":"MultiLineString","coordinates":[[[32.5546397,39.988169],[32.5548434,39.9881407],[32.5566216,39.9878929],[32.5582855,39.9876749]],[[32.5582855,39.9876749],[32.5583299,39.987669],[32.5590079,39.9875798],[32.5599821,39.9874515],[32.560064,39.9874407]],[[32.560064,39.9874407],[32.5619087,39.9871919],[32.5625626,39.9871062],[32.5629259,39.9870577],[32.572356,39.9857969]],[[32.572356,39.9857969],[32.5734554,39.9856506]],[[32.5734554,39.9856506],[32.573494,39.9856455],[32.5743341,39.9855375],[32.5751824,39.9854194],[32.5752445,39.9854105]],[[32.5752445,39.9854105],[32.5758535,39.9853232]],[[32.5758535,39.9853232],[32.5844345,39.9841736]],[[32.5844345,39.9841736],[32.5844698,39.9841688],[32.5852945,39.984054],[32.5863371,39.9839098],[32.586359,39.9839054]],[[32.586359,39.9839054],[32.5952339,39.9826797]],[[32.5952339,39.9826797],[32.597438,39.9823747]],[[32.597438,39.9823747],[32.5974844,39.9823683],[32.5983806,39.9822482],[32.5991772,39.9821438],[32.5992576,39.9821331]],[[32.5992576,39.9821331],[32.6004449,39.9819862]],[[32.6004449,39.9819862],[32.6012235,39.9819154],[32.6016824,39.9818809],[32.6021281,39.981855],[32.6024759,39.9818433],[32.6028379,39.9818352],[32.6072632,39.9816903],[32.6109533,39.9815548],[32.6110441,39.9815522]],[[32.6110441,39.9815522],[32.6113643,39.9815488],[32.6116521,39.9815395],[32.6119931,39.9815284],[32.6123002,39.9815185]],[[32.6123002,39.9815185],[32.6123682,39.9815163],[32.6132155,39.9814919],[32.614115,39.9814598],[32.6141967,39.9814574]],[[32.6141967,39.9814574],[32.6144131,39.9814513],[32.6150379,39.9814335],[32.6155349,39.9814164],[32.6159717,39.9814114],[32.6170428,39.9813991],[32.6187881,39.9813557]],[[32.6187881,39.9813557],[32.619446,39.9813386]],[[32.619446,39.9813386],[32.6236608,39.9812075]],[[32.6236608,39.9812075],[32.6242897,39.9811828]],[[32.6242897,39.9811828],[32.6264611,39.9811162]],[[32.6264611,39.9811162],[32.6265107,39.9811148],[32.6273766,39.9810877],[32.6282713,39.9810554],[32.6283268,39.9810533]],[[32.6283268,39.9810533],[32.62878,39.9810364]],[[32.62878,39.9810364],[32.640832,39.9806632],[32.6412574,39.9806543]],[[32.6412574,39.9806543],[32.6421735,39.9806353],[32.6425229,39.9806202],[32.6432629,39.9805958],[32.6437091,39.9805863]],[[32.6437091,39.9805863],[32.6468025,39.9804964]],[[32.6468025,39.9804964],[32.6468807,39.9804944],[32.6478689,39.9804672],[32.6486751,39.9804464],[32.6487673,39.9804427]],[[32.6487673,39.9804427],[32.651475,39.9803541]],[[32.651475,39.9803541],[32.6531372,39.9802918]],[[32.6531372,39.9802918],[32.6540806,39.9802544],[32.6548878,39.9802172],[32.6557994,39.9801705],[32.6562777,39.9801404]],[[32.6578199,39.9800301],[32.6562777,39.9801404]],[[32.6578199,39.9800301],[32.6618207,39.9797089]],[[32.6618207,39.9797089],[32.6618487,39.9797066],[32.6627097,39.979637],[32.6627335,39.9796353],[32.6636233,39.9795701],[32.6636637,39.9795676]],[[32.6636637,39.9795676],[32.6648654,39.979493],[32.6658943,39.9794774],[32.666842,39.9794985],[32.6671977,39.979519],[32.667909,39.9795762],[32.6691223,39.9797109]],[[32.6691223,39.9797109],[32.6698435,39.9798257],[32.6699297,39.9798412],[32.6702287,39.9798949],[32.6706326,39.9799784],[32.671417,39.9801603],[32.671948,39.9803118]],[[32.671948,39.9803118],[32.6726728,39.9805154],[32.6738226,39.9808384]],[[32.6738226,39.9808384],[32.6755791,39.9813241],[32.6758162,39.9813883],[32.6794372,39.9824466],[32.6799762,39.9826118],[32.6800605,39.9826352]],[[32.6800605,39.9826352],[32.6804844,39.9827528],[32.6811238,39.9829009],[32.6820231,39.9830907],[32.6823817,39.983157],[32.682982,39.9832551]],[[32.682982,39.9832551],[32.6835741,39.9833442],[32.6839359,39.9833954],[32.6843101,39.9834431],[32.6845363,39.9834682],[32.6847646,39.9834883],[32.6849348,39.9834999],[32.6852456,39.9835163],[32.6855887,39.9835209],[32.6890987,39.9835536],[32.6894035,39.9835559],[32.6895832,39.9835503],[32.689829,39.9835355],[32.6900431,39.9835158],[32.6903071,39.9834837],[32.6905215,39.9834525],[32.6906842,39.9834233],[32.6908684,39.9833893],[32.6910257,39.9833547],[32.6912138,39.9833038],[32.691395,39.983251],[32.6915625,39.9831939],[32.6917922,39.9831079],[32.6919435,39.983041],[32.6920685,39.9829799],[32.6921623,39.9829293],[32.6922629,39.9828682],[32.6923777,39.982792],[32.6924689,39.9827265],[32.6925544,39.982653],[32.692635,39.9825693],[32.6927516,39.982432],[32.6928954,39.9822339],[32.6936016,39.9812925]],[[32.6936016,39.9812925],[32.6940489,39.9807321],[32.694508,39.9801567]],[[32.694508,39.9801567],[32.6947048,39.9798919],[32.6947608,39.9798225],[32.6948169,39.9797552],[32.69488,39.9796906],[32.6949468,39.9796279],[32.6950157,39.9795623],[32.695104,39.9794784],[32.6951908,39.9793967],[32.6968227,39.9778332],[32.6969245,39.9777318],[32.6970309,39.9776228],[32.6970761,39.9775739],[32.6971172,39.9775239],[32.6972013,39.9774228],[32.7006228,39.973224],[32.7009764,39.9728381],[32.7010956,39.9727223],[32.7012202,39.9726148],[32.7014975,39.9724084],[32.7016778,39.9722766],[32.7018837,39.9721547],[32.7020875,39.9720557],[32.7022779,39.9719629],[32.7024649,39.9718796]],[[32.7024649,39.9718796],[32.7030428,39.9716271],[32.7039339,39.9712344]],[[32.7039339,39.9712344],[32.7054603,39.9705667],[32.7057195,39.9704562],[32.7058404,39.97041],[32.7059654,39.9703633],[32.7060749,39.9703223],[32.7061968,39.9702789],[32.706832,39.9700817],[32.7071204,39.9699936],[32.7073162,39.9699326],[32.7074949,39.9698778],[32.707687,39.969819],[32.7079047,39.9697495],[32.7081417,39.9696647],[32.7083584,39.9695883],[32.7085496,39.9695184],[32.7087196,39.9694552],[32.7088789,39.9693938],[32.7090261,39.9693358],[32.709157,39.9692765],[32.7093093,39.9692043],[32.7094812,39.969109],[32.7096172,39.9690369],[32.7103073,39.9686075]],[[32.7103073,39.9686075],[32.7106715,39.9683664]],[[32.7106715,39.9683664],[32.7113702,39.967921],[32.7117287,39.967756],[32.7118908,39.9676971],[32.7121173,39.9676249],[32.7123509,39.9675623],[32.7125481,39.9675239],[32.7126592,39.9675025],[32.7127563,39.9674885],[32.7128885,39.9674751],[32.7131198,39.9674589],[32.7133655,39.967456],[32.713635,39.967466],[32.7144146,39.9675548],[32.7145354,39.9675707]],[[32.7145354,39.9675707],[32.715332,39.9676832],[32.7162032,39.967801]],[[32.7162032,39.967801],[32.7163306,39.9678182],[32.7174963,39.9679935],[32.7176957,39.9680262],[32.7178691,39.9680581],[32.7182182,39.9681306],[32.718599,39.9682188],[32.7188475,39.9682828],[32.718988,39.9683222],[32.7191618,39.968372],[32.7193513,39.9684277],[32.7196901,39.9685331]],[[32.7196901,39.9685331],[32.7203941,39.9687566],[32.7210183,39.9689491],[32.7212595,39.9690189]],[[32.7212595,39.9690189],[32.7214978,39.9690814],[32.7217768,39.9691536],[32.722133,39.9692371],[32.7223741,39.9692868],[32.7228164,39.9693334],[32.7232613,39.9693426],[32.7235283,39.969334],[32.7236738,39.9693192],[32.7238178,39.9692973],[32.7241166,39.9692432]],[[32.7259457,39.9685117],[32.7251873,39.9688972],[32.7250055,39.9689722],[32.7247993,39.9690539],[32.7245824,39.9691274],[32.7243515,39.9691863],[32.7241166,39.9692432]],[[32.7267229,39.9681178],[32.7260179,39.9684751],[32.7259457,39.9685117]]]}},{"type":"Feature","properties":{"route":"subway","name":"M4 Kızılay→Şehitler/Gazino Metro yol 1","colour":"#EDAF2E"},"geometry":{"type":"MultiLineString","coordinates":[[[32.8532229,39.9170994],[32.8532199,39.9171388],[32.8531075,39.9186073],[32.8531012,39.9186827],[32.8530951,39.9187483]],[[32.8530951,39.9187483],[32.8530931,39.9187668],[32.8530237,39.9194178],[32.8529756,39.9200798],[32.8529741,39.9201027]],[[32.8529741,39.9201027],[32.8529444,39.9206319],[32.8529479,39.9208441],[32.8529806,39.9211473],[32.8530654,39.9216144],[32.8538577,39.9248696],[32.8539829,39.9254528],[32.8540318,39.9257101],[32.8540594,39.925951],[32.8540723,39.9262838],[32.8540605,39.9266379],[32.8540173,39.9269293],[32.8539308,39.9273332],[32.8537961,39.9277126],[32.8536225,39.9280558],[32.8533944,39.9284021],[32.8531326,39.9287367],[32.8527908,39.9291103],[32.8525354,39.9293225],[32.8522163,39.9295509],[32.8514309,39.9300305],[32.8512005,39.9301796]],[[32.8512005,39.9301796],[32.8511609,39.9302052],[32.8505026,39.9306312],[32.8498466,39.9310539],[32.8498092,39.931078]],[[32.8498092,39.931078],[32.8497718,39.9311021],[32.8495916,39.9311942],[32.8493818,39.9312782],[32.8489604,39.9314311],[32.8480401,39.9316841],[32.8470778,39.9319229],[32.8463222,39.9321286],[32.8460548,39.9322045],[32.845763,39.9323176],[32.8453066,39.9325324],[32.844923,39.9327304],[32.8440215,39.9332434],[32.8432681,39.9336721]],[[32.8432681,39.9336721],[32.8432303,39.9336936],[32.8426274,39.9340367],[32.8418402,39.9344656],[32.8418049,39.9344848]],[[32.8418049,39.9344848],[32.8415617,39.9346173],[32.8408637,39.9350032],[32.8405561,39.935217],[32.8402359,39.93546],[32.8399112,39.935811],[32.8396498,39.9362494],[32.8394937,39.9366791],[32.8394058,39.93705],[32.8393773,39.9373592],[32.8393959,39.9375334],[32.839445,39.9378636],[32.8395523,39.9381528],[32.8397004,39.938377],[32.8401289,39.938855],[32.8436527,39.9420656]],[[32.8436527,39.9420656],[32.8438579,39.9422566],[32.8443998,39.9427611],[32.8449638,39.943273],[32.8450081,39.9433132]],[[32.8450081,39.9433132],[32.8459417,39.9441132],[32.8462993,39.9444124],[32.8465191,39.9445763],[32.847913,39.9455034],[32.84796,39.9455373],[32.8480008,39.9455688],[32.8480553,39.9456147],[32.8481067,39.9456583],[32.8490276,39.9464278]],[[32.8490276,39.9464278],[32.8490563,39.9464517],[32.8492323,39.9465979],[32.8497728,39.9470827],[32.8499125,39.9472056],[32.8504913,39.9477148],[32.8510975,39.9482552],[32.8511641,39.9483132]],[[32.8511641,39.9483132],[32.8580868,39.9547839]],[[32.8580868,39.9547839],[32.8581187,39.9548123],[32.8587618,39.955386],[32.8592547,39.9558331],[32.8592981,39.9558753]],[[32.8592981,39.9558753],[32.8595685,39.9561415],[32.8597187,39.9563011],[32.8598608,39.956465],[32.8599946,39.9566329],[32.8601372,39.9568294],[32.8602686,39.9570305],[32.8603884,39.9572357],[32.8605052,39.9574303],[32.8606725,39.9578064],[32.8609834,39.9588673],[32.8611199,39.9592295],[32.8611698,39.9593903],[32.8612211,39.9595542],[32.86129,39.9597282],[32.8637546,39.9656134]],[[32.8637546,39.9656134],[32.8637812,39.9656777],[32.8640452,39.9663884],[32.8642872,39.9670275],[32.8643087,39.9670809]],[[32.8643087,39.9670809],[32.8643301,39.9671343],[32.8644161,39.9673799],[32.8644356,39.9675744],[32.8644235,39.9677923],[32.8644011,39.9679576],[32.8642819,39.9682516],[32.8641406,39.9685095],[32.8637153,39.9694023],[32.8635744,39.9697865],[32.8634768,39.9700666],[32.8632787,39.9708669]],[[32.8632787,39.9708669],[32.8632674,39.9709339],[32.8632296,39.971158],[32.8631954,39.9713608],[32.8631851,39.9714222]],[[32.8631851,39.9714222],[32.8631684,39.9715214],[32.8629669,39.97314],[32.8629513,39.9732301],[32.8629464,39.9733182],[32.8629342,39.973556],[32.8629389,39.9736645],[32.8629498,39.9737714],[32.8629686,39.9739836],[32.8629961,39.9742045],[32.8630095,39.9743071],[32.863029,39.9744097],[32.8630549,39.9745139],[32.8630807,39.9746244],[32.8631077,39.9747321],[32.8631347,39.9748344],[32.8631988,39.9750444],[32.8633244,39.9753643],[32.8634819,39.9756896],[32.8635783,39.9758403],[32.8636845,39.9759871],[32.8638003,39.9761296],[32.8639253,39.9762675],[32.8640593,39.9764003],[32.8642018,39.9765277],[32.8643527,39.9766494],[32.8645113,39.9767652],[32.8646774,39.9768746],[32.8648622,39.976984],[32.8650545,39.9770857],[32.8652537,39.9771792],[32.8654591,39.9772644],[32.8656703,39.9773409],[32.8658865,39.9774086],[32.8660991,39.9774683],[32.8663263,39.9775229],[32.8673049,39.9777384]],[[32.8673049,39.9777384],[32.8673766,39.9777539],[32.8682339,39.9779333],[32.8690751,39.9781042],[32.869153,39.9781215]],[[32.869153,39.9781215],[32.871198,39.9785749],[32.8713343,39.9786177],[32.8714672,39.9786664],[32.8715961,39.9787209],[32.8717208,39.978781],[32.8718308,39.9788408],[32.8719365,39.9789049],[32.8720377,39.9789732],[32.872134,39.9790455],[32.8746711,39.9814975],[32.8747645,39.9815871],[32.8749275,39.9818104],[32.8749945,39.9819129],[32.8750627,39.9820346],[32.8751208,39.9821595],[32.8751684,39.9822868],[32.875226,39.9824598],[32.8752932,39.9830028]],[[32.8752932,39.9830028],[32.875301,39.9830654],[32.8753776,39.983749],[32.8754445,39.9843401],[32.8754513,39.9843994]],[[32.8754513,39.9843994],[32.8758336,39.9868152],[32.8759442,39.9876094],[32.8760006,39.9882338],[32.8759439,39.9887816],[32.8758236,39.9893511],[32.875741,39.9896757]],[[32.875741,39.9896757],[32.8757265,39.9897248],[32.8755143,39.9903583],[32.8753239,39.9909769],[32.8753169,39.9910014]],[[32.8753169,39.9910014],[32.8751818,39.9914748],[32.8751684,39.9915269],[32.8751591,39.9915791],[32.8751384,39.9916691],[32.8751223,39.991829],[32.8751157,39.9919475],[32.8751267,39.9921371],[32.8751522,39.992287],[32.8751815,39.9924194],[32.875227,39.992587],[32.8752877,39.9927461],[32.8753352,39.9928534],[32.875396,39.9929837],[32.8756194,39.9934182],[32.8758182,39.9938518],[32.8758738,39.9939947],[32.8759125,39.9941079],[32.8759317,39.9941742],[32.8759535,39.9942443]],[[32.8759535,39.9942443],[32.8759752,39.9943143],[32.8760616,39.994641],[32.8760796,39.9947104]],[[32.8760796,39.9947104],[32.8760924,39.9947596],[32.8765844,39.9969682],[32.8766053,39.9970784],[32.8766171,39.9971894],[32.8766195,39.9973007],[32.8766133,39.9974054],[32.8765989,39.9975097],[32.8765764,39.9976131],[32.876252,39.9985738],[32.876241,39.998607],[32.8761789,39.998784],[32.8761599,39.9988351],[32.8760909,39.9989495],[32.8760111,39.9990597],[32.875921,39.9991652],[32.8758211,39.9992653],[32.8757119,39.9993596],[32.875594,39.9994475],[32.875468,39.9995286],[32.8753347,39.9996024],[32.8751946,39.9996685],[32.8750486,39.9997266],[32.8749164,39.9997707],[32.874618,39.9998576],[32.8742304,39.9999395],[32.8739745,39.999985],[32.8736861,40.0000244],[32.8733956,40.0000579],[32.8730807,40.0000728],[32.8725594,40.0000901],[32.8723693,40.0000922],[32.8722798,40.0000906],[32.8721915,40.0000899],[32.8721058,40.0000863],[32.8720043,40.0000804],[32.8718265,40.0000671],[32.8716726,40.0000546],[32.8715823,40.0000452],[32.8714858,40.0000341],[32.8713818,40.0000206],[32.8712578,40.0000023]],[[32.8712578,40.0000023],[32.871234,39.9999988],[32.8703296,39.9998417],[32.8695828,39.9996983],[32.8695515,39.9996919]],[[32.8695515,39.9996919],[32.8670607,39.9991682],[32.8669377,39.9991442],[32.8668217,39.999122],[32.8667086,39.9991041],[32.8665966,39.999089],[32.8651727,39.998896],[32.8649887,39.9988608],[32.8648071,39.9988191],[32.8646282,39.9987709],[32.8644524,39.9987164],[32.8642802,39.9986556],[32.8640978,39.9985828],[32.8639205,39.9985029],[32.8637997,39.9984266],[32.8636391,39.9983395],[32.8635065,39.9982523],[32.8633548,39.9981438],[32.8632384,39.9980552],[32.8631437,39.9979746],[32.8630838,39.9979277],[32.8630311,39.9978837]],[[32.8630311,39.9978837],[32.8629565,39.9978244],[32.8627373,39.9976497],[32.8627006,39.9976209]],[[32.8627006,39.9976209],[32.8626701,39.997597],[32.8626317,39.9975668],[32.8625594,39.9975131],[32.8622978,39.9973373],[32.8620743,39.997193],[32.861788,39.9970165],[32.8615943,39.996877],[32.8615438,39.9968377],[32.8614862,39.9967902],[32.8608704,39.9962826],[32.8603863,39.9958933]],[[32.8603863,39.9958933],[32.8603035,39.995826],[32.8596628,39.9953235],[32.8596019,39.9952758]]]}},{"type":"Feature","properties":{"route":"subway","name":"M4 Şehitler/Gazino→Kızılay Metro yol 2","colour":"#EDAF2E"},"geometry":{"type":"MultiLineString","coordinates":[[[32.8599352,39.9951005],[32.8600018,39.9951532],[32.8606026,39.9956286],[32.8606768,39.9956874]],[[32.8606768,39.9956874],[32.8611592,39.9960799],[32.8618395,39.996621],[32.8618964,39.9966672],[32.8619393,39.9967057],[32.8619781,39.9967461],[32.8620152,39.9967858],[32.8622584,39.9970549],[32.8626171,39.9974689],[32.8626554,39.9975087],[32.8626888,39.9975388],[32.8627183,39.997562],[32.8627491,39.9975859]],[[32.8627491,39.9975859],[32.86278,39.9976098],[32.8630011,39.9977852],[32.863082,39.9978463]],[[32.863082,39.9978463],[32.8632035,39.9979326],[32.8632833,39.9979904],[32.8633789,39.9980502],[32.8634812,39.9981069],[32.8637062,39.9982277],[32.8638676,39.9983027],[32.8640391,39.9983788],[32.8641485,39.9984272],[32.8643056,39.9984941],[32.8644814,39.9985594],[32.8646619,39.9986167],[32.8648464,39.998666],[32.8650344,39.9987069],[32.8652251,39.9987394],[32.866961,39.9989339],[32.8670841,39.9989493],[32.8672119,39.9989672],[32.8673438,39.9989876],[32.8674604,39.9990103],[32.8696447,39.9993957]],[[32.8696447,39.9993957],[32.8696781,39.9994016],[32.8704178,39.9995399],[32.8713378,39.9997034],[32.8713605,39.9997076]],[[32.8713605,39.9997076],[32.8715054,39.9997343],[32.8717672,39.9997754],[32.8719098,39.999796],[32.8720516,39.9998108],[32.8721981,39.9998247],[32.8722729,39.9998306],[32.8723446,39.999835],[32.8725107,39.9998414],[32.8726813,39.9998466],[32.872852,39.9998494],[32.8730273,39.9998464],[32.8736329,39.9998129],[32.8741197,39.9997582],[32.8745641,39.9996601],[32.8746458,39.9996414],[32.8747219,39.9996226],[32.8748636,39.9995792],[32.8750011,39.9995283],[32.8751336,39.9994702],[32.8752619,39.9994044],[32.8753838,39.9993319],[32.8754987,39.999253],[32.8756061,39.999168],[32.8757054,39.9990775],[32.8757962,39.9989819],[32.8758779,39.9988816],[32.8759503,39.9987771],[32.8760128,39.998669],[32.8760315,39.9986222],[32.8760488,39.9985687],[32.8763698,39.9975794],[32.8763844,39.9974212],[32.8763852,39.997287],[32.8763881,39.9971662],[32.8763802,39.9970456],[32.8763616,39.9969257],[32.8761422,39.9959191],[32.8761171,39.9957688],[32.876094,39.9956123],[32.8760546,39.9949898],[32.876041,39.9948706],[32.8760261,39.994778],[32.8760136,39.9947186]],[[32.8760136,39.9947186],[32.8759933,39.994647],[32.8758943,39.9943305],[32.8758671,39.9942577]],[[32.8758671,39.9942577],[32.8758399,39.9941849],[32.8758162,39.9941321],[32.8757936,39.9940816],[32.8757724,39.9940337],[32.8757574,39.9939993],[32.8757392,39.9939614],[32.8757213,39.9939287],[32.8754507,39.9934568],[32.875204,39.9930279],[32.8751322,39.9928997],[32.8750603,39.9927716],[32.8749427,39.9925385],[32.8748315,39.9922517],[32.8748004,39.9921469],[32.8747788,39.9920326],[32.8747612,39.991918],[32.8747527,39.9917874],[32.8747475,39.9916441],[32.8747623,39.9914905],[32.8747908,39.9913535],[32.8749271,39.9909397]],[[32.8749271,39.9909397],[32.8749372,39.9909102],[32.8751242,39.9902911],[32.8753194,39.9896513],[32.875331,39.9896043]],[[32.875331,39.9896043],[32.8755158,39.9888781],[32.8755976,39.9884665],[32.8756458,39.9881454],[32.8756569,39.9878562],[32.8756364,39.9874727],[32.8756047,39.9869398],[32.8752563,39.9844114]],[[32.8752563,39.9844114],[32.8752488,39.9843619],[32.8751775,39.9837613],[32.8751015,39.9830862],[32.8750928,39.9830124]],[[32.8750928,39.9830124],[32.8750374,39.9825419],[32.8750066,39.9824309],[32.874967,39.9823216],[32.8749189,39.9822143],[32.8748622,39.9821094],[32.8747974,39.9820074],[32.8747324,39.9819186],[32.8746612,39.9818326],[32.8745839,39.9817498],[32.8745009,39.9816703],[32.8719219,39.9791943],[32.8718199,39.9791045],[32.8717104,39.9790201],[32.8715938,39.9789415],[32.8714706,39.978869],[32.8713482,39.9788061],[32.8712208,39.9787493],[32.871089,39.9786988],[32.8691037,39.9782672]],[[32.8691037,39.9782672],[32.8690213,39.9782493],[32.8689225,39.9782293],[32.8681769,39.9780784],[32.8673268,39.9778989],[32.8672675,39.9778861]],[[32.8672675,39.9778861],[32.8660374,39.9776237],[32.8657863,39.9775538],[32.8653784,39.977445],[32.865059,39.977317],[32.8646975,39.9771433],[32.8644895,39.9770388],[32.8642758,39.9769171],[32.8641128,39.9768078],[32.8638551,39.9765899],[32.8636457,39.9763696],[32.8635215,39.976224],[32.8633404,39.975968],[32.8631192,39.9755612],[32.8630217,39.9753635],[32.8629691,39.9752123],[32.8629258,39.9750891],[32.8628925,39.9749849],[32.8628675,39.974873],[32.8628423,39.9747622],[32.862821,39.9746546],[32.8627988,39.9745454],[32.8627783,39.974438],[32.8627506,39.9742594],[32.86273,39.9740529],[32.8627253,39.9739104],[32.8627168,39.9737727],[32.8627219,39.9736617],[32.8627402,39.973528],[32.8627594,39.9733686],[32.8627768,39.9732359],[32.8630441,39.9715093],[32.8630585,39.9714158]],[[32.8630585,39.9714158],[32.8630686,39.9713498],[32.8631478,39.9709224],[32.8631578,39.970863]],[[32.8631578,39.970863],[32.8632874,39.9701143],[32.8634368,39.96964],[32.8640009,39.9684251],[32.8640917,39.9681735],[32.8641594,39.9679875],[32.8641775,39.9678729],[32.8641881,39.9677579],[32.8641912,39.9676425],[32.864186,39.9675153],[32.8641646,39.9673489],[32.864083,39.9671333]],[[32.864083,39.9671333],[32.8640589,39.9670695],[32.8638019,39.9664249],[32.8635364,39.965723],[32.8635142,39.9656642]],[[32.8635142,39.9656642],[32.8610577,39.9598197],[32.8609956,39.9596647],[32.8609385,39.9595075],[32.8608814,39.9593315],[32.8607275,39.9589067],[32.8603734,39.9577842],[32.860134,39.9572702],[32.8600633,39.9571288],[32.8599846,39.9569898],[32.8598982,39.9568536],[32.8597887,39.9566996],[32.8596692,39.9565501],[32.8595401,39.9564053],[32.8594017,39.9562657],[32.8590994,39.955976]],[[32.8590994,39.955976],[32.8590717,39.9559494],[32.8585713,39.9555083],[32.8579346,39.9549407],[32.8579049,39.9549135]],[[32.8579049,39.9549135],[32.8513033,39.9487233],[32.8511311,39.9485636],[32.8509589,39.9484039]],[[32.8509589,39.9484039],[32.8509059,39.9483547],[32.8503224,39.9478098],[32.849752,39.9473008],[32.849615,39.9471785],[32.849077,39.9467153],[32.8488978,39.946568],[32.8488541,39.9465321]],[[32.8488541,39.9465321],[32.8479268,39.9457699],[32.8478781,39.945728],[32.8478232,39.9456885],[32.8477744,39.9456535],[32.8477164,39.9456161],[32.8463935,39.9447113],[32.8461909,39.9445628],[32.8460174,39.9444294],[32.8458599,39.9442959],[32.844815,39.9433968]],[[32.844815,39.9433968],[32.8447897,39.9433747],[32.844218,39.9428764],[32.8436598,39.9423704],[32.8434473,39.9421778]],[[32.8434473,39.9421778],[32.8431836,39.9419397]],[[32.8431836,39.9419397],[32.8430987,39.9418628],[32.842986,39.9417607],[32.8418378,39.9407119],[32.8400065,39.9390353],[32.8398028,39.9388257],[32.8397209,39.9387414],[32.8394557,39.9383871],[32.83933,39.9381905],[32.8392333,39.9379749],[32.8391528,39.9376856],[32.8391148,39.937341],[32.8391781,39.9368847],[32.8393174,39.9364187],[32.8394883,39.9359915],[32.8397162,39.9356226],[32.8399568,39.935375],[32.8404823,39.9349867],[32.8408748,39.934744],[32.8416445,39.9343171]],[[32.8416445,39.9343171],[32.8416889,39.9342924],[32.8424721,39.933858],[32.8430807,39.9335204],[32.8431286,39.9334939]],[[32.8431286,39.9334939],[32.8448785,39.9325232],[32.8452115,39.9323536],[32.8455526,39.932181],[32.8459089,39.9320503],[32.8462166,39.93196],[32.8468857,39.9317982],[32.848051,39.9315052],[32.8489457,39.9312582],[32.8492208,39.9311553],[32.8495421,39.9309921],[32.8496547,39.9309189]],[[32.8496547,39.9309189],[32.8496912,39.9308952],[32.8503478,39.9304683],[32.8509994,39.9300395],[32.8510508,39.9300082]],[[32.8510508,39.9300082],[32.851629,39.9296561],[32.8520731,39.9293907],[32.8523748,39.9291682],[32.8527811,39.9287979],[32.8530282,39.9284729],[32.8532589,39.928148],[32.8534814,39.9277358],[32.8536572,39.9272231],[32.8537594,39.9267281],[32.8537896,39.9263207],[32.8537655,39.9259099],[32.8537417,39.9256639],[32.8536896,39.9253961],[32.8535761,39.9248935],[32.8527501,39.9216571],[32.852663,39.9212875],[32.8526077,39.9209596],[32.852568,39.9206491],[32.8525765,39.9201038]],[[32.8525765,39.9201038],[32.8525781,39.9200737],[32.8526279,39.9194226],[32.852681,39.918738],[32.8526823,39.9187233]],[[32.8526823,39.9187233],[32.8526864,39.9186645],[32.8526912,39.9185973],[32.8527847,39.9171152],[32.852788,39.9170633]]]}},{"type":"Feature","properties":{"route":"subway","name":"Evka 3 → Kaymakamlık","colour":"blue"},"geometry":{"type":"MultiLineString","coordinates":[[[27.2278587,38.4652941],[27.2278409,38.4652539],[27.2292114,38.4648818],[27.2292292,38.4649221],[27.2278587,38.4652941]],[[27.2285917,38.4651137],[27.2299983,38.4647277],[27.2300935,38.4646951],[27.2306078,38.4645149],[27.2308225,38.4644297],[27.2309964,38.4643498],[27.2312573,38.4641952],[27.2314402,38.4640355],[27.2315716,38.4638593],[27.2316713,38.463669],[27.2317543,38.4634604],[27.2318288,38.4631612],[27.2318675,38.4627671],[27.2318696,38.4625625],[27.2318338,38.4623064],[27.2317406,38.4619472],[27.2316195,38.461647],[27.2314499,38.4613263],[27.2313227,38.4611092],[27.2311643,38.460924],[27.2309835,38.460781],[27.2307714,38.4606379],[27.2304576,38.4604542],[27.229576,38.460053],[27.228862,38.459733],[27.2281382,38.4594098],[27.2278123,38.4592699],[27.227331,38.4590788],[27.2268327,38.4589141],[27.2263099,38.4588181],[27.2253826,38.4586907],[27.224418,38.4586003],[27.2235124,38.4585925],[27.2193646,38.458769],[27.2172359,38.4586913],[27.2151404,38.4585955]],[[27.2151404,38.4585955],[27.2134739,38.458522]],[[27.2134739,38.458522],[27.2126093,38.4584535],[27.2116504,38.4583775]],[[27.2116504,38.4583775],[27.2096727,38.4581915],[27.2095534,38.4581803]],[[27.2095534,38.4581803],[27.2086738,38.4580718],[27.2080757,38.4579547],[27.2074687,38.4578135],[27.2061449,38.4574105],[27.2051686,38.4570124],[27.2043229,38.4566524]],[[27.2043229,38.4566524],[27.2033936,38.4561973]],[[27.2033936,38.4561973],[27.202821,38.4558894],[27.2020821,38.4554732],[27.2012882,38.4550078],[27.2007552,38.4546953],[27.1999652,38.4541777],[27.1986277,38.4533455],[27.196953,38.4523353],[27.1953155,38.4513286],[27.1919621,38.4492988],[27.1911555,38.4488313],[27.1903888,38.4483568],[27.1898013,38.4479931],[27.1882465,38.4470456],[27.1858309,38.4455526],[27.184858,38.4449248]],[[27.184858,38.4449248],[27.1846867,38.444817]],[[27.1846867,38.444817],[27.1827689,38.4436974]],[[27.1827689,38.4436974],[27.1806783,38.4424121],[27.1800338,38.4419994],[27.1752153,38.4390591],[27.173219,38.4379452],[27.1728045,38.4377033],[27.1725934,38.4375875],[27.172102,38.4372574]],[[27.172102,38.4372574],[27.1712826,38.4366059],[27.1710084,38.4363867],[27.1707631,38.4361854],[27.1704847,38.4359674],[27.1702687,38.4357982],[27.1700335,38.4356256],[27.1697977,38.4354759],[27.1695775,38.4353505],[27.1687189,38.4349028],[27.1681318,38.4345944],[27.1679694,38.4345094],[27.1675507,38.4342905],[27.1673329,38.434173],[27.16712,38.4340464],[27.1667276,38.4338061],[27.1661482,38.4334527]],[[27.1661482,38.4334527],[27.1653306,38.4329542],[27.1649068,38.4327113],[27.1645807,38.4325469],[27.1638091,38.4321626],[27.1634401,38.4319552],[27.1624324,38.4313503],[27.1612671,38.4306186],[27.1585815,38.428984],[27.1558372,38.4273899],[27.1551125,38.4269632],[27.1543574,38.4265088],[27.1535092,38.425979],[27.1529502,38.4255823],[27.1521483,38.4250132],[27.1518416,38.4248153],[27.1513196,38.424498],[27.1509129,38.4242721]],[[27.1509129,38.4242721],[27.1498146,38.423668],[27.1493776,38.4234813]],[[27.1493776,38.4234813],[27.1488488,38.4233247],[27.1483914,38.4232265],[27.1479259,38.4231676],[27.146849,38.4230204],[27.1457613,38.4229834],[27.1448786,38.4228663],[27.1438526,38.4227202],[27.1426698,38.4225925],[27.1360056,38.4225425],[27.1343605,38.4225164],[27.1335538,38.422498],[27.1331081,38.4224644],[27.1326572,38.4224094],[27.1323415,38.4223492],[27.1320687,38.422289],[27.1316484,38.4221584],[27.1313542,38.4220441],[27.1309937,38.4218563],[27.1307112,38.4216441],[27.1305092,38.4214385],[27.1303429,38.4212189],[27.1301561,38.4209372],[27.1286563,38.4183993],[27.1282464,38.4175982],[27.1279867,38.417079],[27.1276365,38.4163463],[27.1275428,38.4160757],[27.1274448,38.4157093],[27.1274164,38.4155428],[27.1272883,38.4145647],[27.1270554,38.4130455],[27.1267366,38.4115749],[27.1265167,38.4109407],[27.1263405,38.4105181],[27.1261152,38.4101228],[27.1258936,38.4098201],[27.1255985,38.4094597],[27.1253342,38.4091701],[27.1250255,38.4088782],[27.1245609,38.4084662],[27.1205098,38.4055219],[27.1197272,38.4049876],[27.1197002,38.4049693],[27.119545,38.4048647],[27.1189376,38.4045126],[27.1184014,38.4042081],[27.1170215,38.4034724],[27.1159156,38.4030196],[27.1151301,38.402737],[27.1142333,38.4024607],[27.1124947,38.4021044],[27.1111906,38.4018734],[27.1104802,38.4017669],[27.1097148,38.4016523],[27.1090735,38.4015782],[27.108392,38.4015316],[27.107856,38.4014965],[27.1072916,38.4014792],[27.1058096,38.4014611],[27.1028356,38.4015558],[27.1019534,38.4015867],[27.1012793,38.4016047],[27.1009508,38.4015999],[27.1006401,38.4015836],[27.1002713,38.4015438],[27.0999754,38.4014921],[27.0996502,38.4013886],[27.0994912,38.40131],[27.0992949,38.4011787],[27.0991438,38.4010656],[27.0990333,38.4009588],[27.0989214,38.4008271],[27.0988041,38.4006402],[27.0986948,38.4004055],[27.0984426,38.3998493],[27.098127,38.3988246],[27.0981178,38.3987947],[27.0979192,38.3981497],[27.0978132,38.3979118],[27.0977231,38.3977664],[27.0975422,38.3975403],[27.097393,38.3973889],[27.0972206,38.3972336],[27.0970123,38.397081],[27.0967053,38.3968862],[27.0963361,38.3966994],[27.0959467,38.3965157],[27.0943374,38.3959693],[27.0893118,38.3944036],[27.0889623,38.3942218],[27.0886639,38.3940262],[27.0879475,38.3934336],[27.0878136,38.3933358],[27.0876489,38.3932405],[27.0875059,38.3931792],[27.0873198,38.3931214],[27.0871553,38.3930933],[27.0869431,38.3930699],[27.0867368,38.3930587],[27.0865157,38.3930507],[27.0861234,38.3930797],[27.0848136,38.3932235],[27.0792968,38.3938438],[27.0786974,38.39394],[27.0783545,38.3940247],[27.0780226,38.3941252],[27.0745285,38.3955457],[27.0731106,38.396103],[27.0714377,38.3966424],[27.0709336,38.3967501],[27.0706194,38.3968383],[27.0702602,38.3969315],[27.0699064,38.3970122],[27.0695038,38.397079],[27.0690842,38.3971332],[27.0685197,38.3971899],[27.0681038,38.39723],[27.0674071,38.3972699],[27.0665452,38.3972824]],[[27.0665452,38.3972824],[27.065179,38.3971953],[27.0635518,38.3970239],[27.0609334,38.3966275],[27.0578502,38.3960604],[27.0569585,38.3958929],[27.0492333,38.3945978],[27.0476124,38.3944511],[27.0467611,38.3944025],[27.0455228,38.3943888],[27.0440275,38.3944074],[27.0409589,38.3945431],[27.0401507,38.3945402],[27.0394557,38.3944863],[27.0381776,38.3943431],[27.0369713,38.394174],[27.0309958,38.3930905],[27.0297075,38.3929019],[27.0269555,38.3926242],[27.0256328,38.3925711],[27.0246234,38.3926393],[27.0235754,38.3927425],[27.0225061,38.3928477],[27.0160026,38.3937395],[27.014975,38.3938539],[27.0142268,38.3939432],[27.0117481,38.3942021],[27.0105529,38.3944068],[27.008796,38.3948803],[27.0081386,38.3950625],[27.0074012,38.3952668],[27.0037837,38.3961038],[27.0030211,38.396134],[27.002149,38.3961686],[27.0007916,38.3961105],[26.9998504,38.3960591],[26.9981598,38.3959603],[26.9968464,38.3958397],[26.9936626,38.3952551],[26.9926282,38.3951393],[26.9920659,38.3951027],[26.9911036,38.3950454]]]}},{"type":"Feature","properties":{"route":"light_rail","name":"F3: Seyrantepe - Vadi İstanbul Füniküler Hattı","colour":"#7A745A"},"geometry":{"type":"MultiLineString","coordinates":[[[28.9942886,41.1033193],[28.99462,41.10313]],[[28.9917318,41.1048219],[28.9919618,41.1047418],[28.9921421,41.1046681],[28.9922868,41.1045969],[28.9924329,41.1045143],[28.9925954,41.1044144],[28.9927693,41.1043033],[28.9934958,41.1038299],[28.9937649,41.1036532],[28.9940452,41.1034697],[28.9942886,41.1033193]],[[28.9900679,41.1052459],[28.9902896,41.1051931],[28.9905567,41.1051342],[28.9913667,41.1049437],[28.9915642,41.1048833],[28.9917318,41.1048219]],[[28.9885972,41.1074354],[28.988677,41.1074061],[28.9887466,41.1073789],[28.988804,41.1073527],[28.9888844,41.1073093],[28.9889714,41.1072503],[28.9890475,41.1071849],[28.989124,41.107104],[28.9891935,41.1070119],[28.9892438,41.1069085],[28.9892848,41.1068179],[28.9893033,41.1067341],[28.9893117,41.1066401],[28.9893087,41.1064987],[28.9892991,41.1061597],[28.989297,41.1060759],[28.9893002,41.105991],[28.9893087,41.1059316],[28.9893292,41.1058642],[28.9893559,41.1057878],[28.989402,41.1057104],[28.989452,41.1056383],[28.9895077,41.1055764],[28.9895919,41.1054973],[28.9897136,41.1054112],[28.9898091,41.1053571],[28.9899102,41.1053127],[28.9900679,41.1052459]],[[28.9882407,41.107559],[28.9885972,41.1074354]]]}},{"type":"Feature","properties":{"route":"light_rail","name":"F3: Seyrantepe - Vadi İstanbul Füniküler Hattı","colour":"#7A745A"},"geometry":{"type":"MultiLineString","coordinates":[[[28.9882407,41.107559],[28.9885972,41.1074354]],[[28.9885972,41.1074354],[28.988677,41.1074061],[28.9887466,41.1073789],[28.988804,41.1073527],[28.9888844,41.1073093],[28.9889714,41.1072503],[28.9890475,41.1071849],[28.989124,41.107104],[28.9891935,41.1070119],[28.9892438,41.1069085],[28.9892848,41.1068179],[28.9893033,41.1067341],[28.9893117,41.1066401],[28.9893087,41.1064987],[28.9892991,41.1061597],[28.989297,41.1060759],[28.9893002,41.105991],[28.9893087,41.1059316],[28.9893292,41.1058642],[28.9893559,41.1057878],[28.989402,41.1057104],[28.989452,41.1056383],[28.9895077,41.1055764],[28.9895919,41.1054973],[28.9897136,41.1054112],[28.9898091,41.1053571],[28.9899102,41.1053127],[28.9900679,41.1052459]],[[28.9900679,41.1052459],[28.9902289,41.1051898],[28.9904186,41.1051323],[28.9906343,41.1050797],[28.9911154,41.1049689],[28.99146,41.1048913],[28.9917318,41.1048219]],[[28.9917318,41.1048219],[28.9919618,41.1047418],[28.9921421,41.1046681],[28.9922868,41.1045969],[28.9924329,41.1045143],[28.9925954,41.1044144],[28.9927693,41.1043033],[28.9934958,41.1038299],[28.9937649,41.1036532],[28.9940452,41.1034697],[28.9942886,41.1033193]],[[28.9942886,41.1033193],[28.99462,41.10313]]]}},{"type":"Feature","properties":{"route":"tram","name":"T3 Müze - Varsak","colour":null},"geometry":{"type":"MultiLineString","coordinates":[[[30.6828684,36.8847607],[30.682336,36.8847728],[30.6810141,36.8847897],[30.6805234,36.8847988],[30.6804193,36.8848009],[30.680248,36.8848031],[30.6801383,36.8848099],[30.6800181,36.8848282],[30.6799034,36.8848545],[30.6796206,36.8849269],[30.6795707,36.884939],[30.6794664,36.8849644],[30.6789201,36.8851059],[30.6788324,36.8851311],[30.6787382,36.8851654],[30.6786604,36.885203],[30.6783729,36.8853709],[30.6783124,36.8854076],[30.6782568,36.88545],[30.6782035,36.8855014],[30.6781643,36.8855486],[30.6781289,36.8856004],[30.67798,36.8858817],[30.6779277,36.8859847],[30.6778215,36.8862378],[30.6777303,36.8864905],[30.6775983,36.8868418],[30.6774762,36.8871701],[30.6774351,36.8872734],[30.6773909,36.8874114],[30.6773576,36.8875385],[30.6773388,36.8876104],[30.6772675,36.887904],[30.6772545,36.8879621],[30.6771801,36.888296],[30.6771543,36.8883942],[30.6771309,36.8884715],[30.6768483,36.8892274],[30.67667,36.8896552],[30.6765313,36.8900046],[30.6764012,36.8903752],[30.6762394,36.8907945],[30.6761054,36.8911343],[30.6760918,36.8911656],[30.6759397,36.8915147],[30.6756913,36.8922376],[30.6756501,36.8923386],[30.6756341,36.8923723],[30.675614,36.8924046],[30.6755617,36.8924453],[30.6755357,36.8924589],[30.6754619,36.8924811],[30.6753935,36.8924941],[30.6753111,36.8925014],[30.6750779,36.8925098],[30.6738615,36.8925559],[30.6731381,36.8925812],[30.6720163,36.8926008],[30.6708427,36.892635],[30.6704725,36.8926365],[30.6699293,36.8926388],[30.6694279,36.8926409],[30.6687224,36.8926197],[30.667625,36.8926234],[30.6675099,36.8926238],[30.6651505,36.8925997],[30.6650754,36.892607],[30.6649874,36.8926325],[30.6649328,36.8926562],[30.6648693,36.8927003],[30.6648233,36.8927516],[30.6647987,36.892801],[30.6647887,36.8928499],[30.6647835,36.8929007],[30.6647908,36.8929512],[30.6648032,36.8930243],[30.664947,36.8936939],[30.665027,36.8940821],[30.6651664,36.8948283],[30.6653234,36.89562],[30.6654353,36.8964552],[30.6654999,36.8971284],[30.6655639,36.897882],[30.6655428,36.8987281],[30.6655061,36.899459],[30.6654624,36.8998264],[30.6654411,36.9002793],[30.6653995,36.9007269],[30.6653434,36.9010583],[30.6651973,36.901621],[30.6648618,36.9024808],[30.6643044,36.9038156],[30.6641786,36.9041169],[30.6636945,36.9052574],[30.6635095,36.9058257],[30.6633665,36.90648],[30.6632702,36.9072679],[30.6632878,36.9079675],[30.6632979,36.9083668],[30.663306,36.9085386],[30.6633393,36.9090526],[30.6633772,36.9093474],[30.663442,36.9096723],[30.6635922,36.9102242],[30.6637635,36.9106435],[30.6653729,36.9142987],[30.665399,36.914359],[30.665498,36.9145856],[30.6655183,36.9146262],[30.6658193,36.915292],[30.6665901,36.916997]],[[30.6665901,36.916997],[30.6671863,36.918316]],[[30.6671863,36.918316],[30.6674976,36.9190786],[30.6675529,36.9193015],[30.6675913,36.91955],[30.6676104,36.9197832],[30.6676296,36.9200402],[30.6676538,36.9202852],[30.6676903,36.9204402],[30.6677723,36.9206337],[30.6680063,36.9211223],[30.6682453,36.9216512],[30.6683869,36.9222539],[30.6684548,36.9224173],[30.6685292,36.9225096],[30.668636,36.9225812],[30.6687956,36.9226395],[30.6689942,36.9226627],[30.669115,36.9226536],[30.6692535,36.9226234],[30.6694745,36.9225291],[30.669715,36.9224345],[30.6699248,36.922351],[30.6701948,36.9222957],[30.6720193,36.9221702],[30.672618,36.9220775],[30.6729452,36.9220057],[30.6732725,36.9219189],[30.6738596,36.9217445]],[[30.6738596,36.9217445],[30.6753298,36.9213061],[30.676057,36.9211059],[30.6768205,36.9208566],[30.677,36.9207979],[30.6808199,36.9195505],[30.6811667,36.91946],[30.6814714,36.9194142],[30.6826412,36.9192936]],[[30.6826412,36.9192936],[30.6830934,36.9192533],[30.6836324,36.9192119],[30.6839289,36.9191864],[30.6841046,36.9191712],[30.6842301,36.9191604],[30.6873833,36.9189406],[30.6881096,36.918856],[30.688961,36.9187922],[30.6895449,36.9187485],[30.689841,36.9187334],[30.6908324,36.9187034],[30.6915679,36.9186565],[30.6923732,36.9186001],[30.6929502,36.9185788],[30.6937794,36.9185751],[30.6939573,36.918577],[30.6941105,36.9185786],[30.694361,36.9185812],[30.6948271,36.918584],[30.6953204,36.918588],[30.6964313,36.9185882],[30.6978825,36.9186093],[30.6985099,36.9185945],[30.6989905,36.9185789],[30.6992369,36.9185798],[30.6998441,36.918582],[30.700671,36.9185841],[30.7012304,36.9186097],[30.7024481,36.918634],[30.7030782,36.9186789],[30.706708,36.9190154],[30.706934,36.9190239],[30.7070639,36.9190178],[30.7071921,36.9190047],[30.7076633,36.918944],[30.7081421,36.9188823],[30.7083456,36.9188536],[30.7084122,36.9188448],[30.7086237,36.9188064],[30.7138646,36.9177743],[30.7143436,36.9176828],[30.7146345,36.917628],[30.714676,36.9176245],[30.7147329,36.9176197],[30.7148047,36.9176234],[30.714912,36.9176386],[30.7149834,36.9176671],[30.7150331,36.9176918],[30.7150907,36.917735],[30.715135,36.9177816],[30.7151648,36.9178292],[30.7151744,36.9178548],[30.7151833,36.9179043],[30.715182,36.9179889],[30.7151578,36.9189832],[30.7151401,36.9191758],[30.715121,36.9192888],[30.7150866,36.919462],[30.7149708,36.9199932],[30.7149364,36.9201508],[30.7145447,36.9219467],[30.7144689,36.9223469],[30.714426,36.9225247],[30.7143798,36.9227162],[30.7143427,36.9228703],[30.7138011,36.9253545],[30.7134838,36.9266735],[30.7134546,36.9268019],[30.7134219,36.9269454],[30.7133387,36.9273111],[30.7132376,36.9277775],[30.7126751,36.9302917],[30.712022,36.9332077],[30.7120011,36.9333032],[30.7119817,36.9333919],[30.7119541,36.9335199],[30.7118589,36.9339618],[30.7114235,36.9358624],[30.7113862,36.9360252],[30.7111178,36.9371965],[30.7105663,36.9395102],[30.710439,36.9399905],[30.7100137,36.9415958],[30.7099973,36.9416577],[30.7099721,36.9417531],[30.7099525,36.9418264],[30.7099351,36.9418914],[30.7096262,36.9430471],[30.709544,36.94342],[30.7093233,36.9442419],[30.7092264,36.944603],[30.7092061,36.9446785],[30.7091235,36.944907],[30.7090656,36.9450672],[30.7090542,36.9450975],[30.7087865,36.9458101],[30.7085061,36.9467287],[30.7084613,36.9468756],[30.708066,36.9484225],[30.7079377,36.9489243],[30.7079243,36.9489769],[30.7079186,36.9490403],[30.707899,36.9492603],[30.7078942,36.9493143],[30.7078937,36.9493653],[30.7078708,36.9509052],[30.7078806,36.9511982],[30.7078847,36.951372],[30.7079236,36.9520404],[30.7080123,36.9524759],[30.7080807,36.9527948],[30.7084174,36.9543645],[30.708488,36.9546934],[30.708496,36.9547307],[30.7085498,36.9549271],[30.7086294,36.9552696],[30.7089283,36.9560153],[30.7094699,36.9572674],[30.7098374,36.9581161],[30.709989,36.9584651],[30.7100186,36.9585312],[30.7102139,36.9589743],[30.7102358,36.9590236],[30.7113691,36.9617217],[30.7117875,36.9629003],[30.7118295,36.9630003],[30.7118628,36.9630845],[30.711912,36.9631969],[30.7120347,36.9634916],[30.713028,36.965923],[30.7136465,36.9674696],[30.7136946,36.9676536],[30.7138427,36.9687075],[30.7138437,36.9687148],[30.7138555,36.9687853],[30.7138673,36.968907],[30.7138758,36.9689773],[30.7139279,36.969411],[30.7139682,36.9697665],[30.7139869,36.9699865],[30.7138228,36.9726537],[30.7138525,36.9730394],[30.7141142,36.9751892],[30.7141605,36.9755953],[30.7141698,36.9756945],[30.7141809,36.9757985],[30.7141937,36.9759152],[30.7144387,36.9776415],[30.7145224,36.9784253],[30.7145237,36.9784356],[30.714795,36.9805914],[30.7148434,36.9809539],[30.7154194,36.984979],[30.715471,36.9854273],[30.7155046,36.9856345],[30.7155569,36.9858469],[30.7155887,36.9859562],[30.715721,36.9864747],[30.715866,36.9870374],[30.7158953,36.9871267],[30.7159337,36.9872025],[30.7159832,36.9872855],[30.716042,36.9873726],[30.7162586,36.9876987],[30.7164137,36.9879357],[30.7164433,36.988004],[30.7164627,36.988091],[30.7164696,36.9881825],[30.7165119,36.9888987],[30.7165293,36.9893598]]]}},{"type":"Feature","properties":{"route":"tram","name":"T3 Varsak - Müze","colour":null},"geometry":{"type":"MultiLineString","coordinates":[[[30.7164307,36.989359],[30.7164132,36.9889039],[30.7163621,36.988068],[30.7163485,36.9879721],[30.7163269,36.9878991],[30.7162981,36.9878404],[30.7162538,36.9877743],[30.7160142,36.987412],[30.7159509,36.9873148],[30.7158877,36.9872169],[30.7158525,36.9871406],[30.7158205,36.9870445],[30.7157789,36.98688],[30.7155447,36.9859667],[30.7154606,36.9856451],[30.7154416,36.9855332],[30.7154248,36.9854288],[30.7153754,36.9849812],[30.7147916,36.9809579],[30.7147433,36.9805885],[30.7144677,36.9784373],[30.7143749,36.977627],[30.7141377,36.9759159],[30.7141218,36.9757984],[30.7141141,36.9756927],[30.7141073,36.9755985],[30.7140648,36.9751906],[30.7137996,36.9730554],[30.7137646,36.9726502],[30.713921,36.9700871],[30.7139246,36.9698879],[30.7138757,36.9694038],[30.7138312,36.9689799],[30.7138201,36.9689004],[30.7138054,36.9687862],[30.7137957,36.9687118],[30.7137212,36.9681379],[30.7136405,36.9676572],[30.7135713,36.967416],[30.7129854,36.9659354],[30.7119832,36.9635111],[30.7118609,36.9632102],[30.7118141,36.9630999],[30.7117779,36.9630146],[30.7117348,36.9629128],[30.7114423,36.9620573],[30.7113187,36.9617216],[30.7101775,36.9590391],[30.7101563,36.9589914],[30.7099656,36.9585449],[30.7099377,36.9584802],[30.7097906,36.9581389],[30.7094299,36.9573019],[30.7088903,36.9560436],[30.7085723,36.9552674],[30.7084406,36.9547006],[30.7083715,36.954382],[30.7081531,36.9533644],[30.7080271,36.9528012],[30.7080077,36.9527145],[30.7078648,36.9520481],[30.7078519,36.9517276],[30.7078383,36.9513798],[30.7078288,36.9512019],[30.707831,36.9509009],[30.7078325,36.9493664],[30.7078326,36.9493158],[30.7078374,36.949262],[30.7078579,36.9490315],[30.7078626,36.9489782],[30.707879,36.9489157],[30.708009,36.9484193],[30.7081699,36.9477953],[30.7083942,36.9469064],[30.708454,36.9467182],[30.7086968,36.9459133],[30.7090119,36.9450831],[30.7090581,36.9448632],[30.7091028,36.9446496],[30.7091217,36.9445769],[30.7092139,36.944223],[30.7093422,36.9437302],[30.7095959,36.9429729],[30.7098894,36.9418845],[30.7099072,36.9418186],[30.7099531,36.941648],[30.7099691,36.9415884],[30.7104018,36.9399779],[30.7105291,36.939504],[30.7110792,36.9371906],[30.7112657,36.9363642],[30.7114513,36.9355419],[30.7118081,36.9339605],[30.7119065,36.9335144],[30.7119349,36.9333852],[30.7119544,36.9332968],[30.711975,36.9332033],[30.7126233,36.9302847],[30.7131888,36.9277607],[30.7132884,36.9273021],[30.7133767,36.9269046],[30.713402,36.9267906],[30.7134299,36.926665],[30.713741,36.9253457],[30.7142923,36.9228625],[30.7143283,36.9227109],[30.7143717,36.9225283],[30.7144166,36.9223392],[30.7144999,36.9219487],[30.7148323,36.9204259],[30.7149955,36.9196784],[30.7150436,36.9194579],[30.7150799,36.9192842],[30.71511,36.9189611],[30.7151396,36.9179966],[30.7151386,36.9179366],[30.7151265,36.9178697],[30.7151188,36.9178333],[30.7150815,36.9177744],[30.7150106,36.9177115],[30.7149327,36.9176766],[30.7148667,36.9176619],[30.7147958,36.9176539],[30.7147317,36.9176536],[30.714682,36.9176585],[30.7146428,36.9176619],[30.7146268,36.9176633],[30.7143513,36.9177184],[30.713873,36.917811],[30.7086352,36.9188458],[30.7084479,36.9188785],[30.7083491,36.9188908],[30.7081481,36.9189162],[30.7076647,36.9189806],[30.7072055,36.9190417],[30.7069639,36.9190631],[30.7067933,36.9190572],[30.7065124,36.9190268],[30.7031045,36.9187139],[30.7024222,36.918667],[30.7013873,36.9186492],[30.7006998,36.9186788],[30.6998402,36.9186772],[30.6992313,36.9186761],[30.6988007,36.9186754],[30.6983346,36.9186437],[30.6979148,36.9186444],[30.6962891,36.9186242],[30.6952952,36.91862],[30.6948191,36.918619],[30.6944214,36.9186199],[30.6943591,36.9186193],[30.694099,36.9186175],[30.6939453,36.9186164],[30.6937776,36.9186152],[30.6925339,36.9186271],[30.6912842,36.9187066],[30.6911325,36.9187158],[30.6895541,36.9188353],[30.6889773,36.9188811],[30.6885759,36.9189129],[30.6876199,36.91896],[30.6860452,36.9190636],[30.684233,36.919197],[30.6840903,36.9192099],[30.6839249,36.9192249],[30.6836369,36.919251],[30.6830954,36.9192917],[30.6826414,36.9193336]],[[30.6826414,36.9193336],[30.6814557,36.9194494],[30.6812273,36.9194835],[30.6808356,36.9195774],[30.6770147,36.9208327],[30.6768351,36.9208917],[30.6760783,36.9211382],[30.6753705,36.9213365],[30.6738655,36.9217774]],[[30.6738655,36.9217774],[30.6732812,36.9219493],[30.6729734,36.9220295],[30.6725717,36.922116],[30.672053,36.922198],[30.670184,36.9223363],[30.6699471,36.9223875],[30.6697223,36.9224681],[30.6694542,36.9225844],[30.6692692,36.9226587],[30.6691107,36.922692],[30.6689796,36.9226963],[30.6687907,36.922676],[30.6686098,36.922605],[30.6684855,36.9225277],[30.6684163,36.9224278],[30.6683622,36.9222618],[30.6681045,36.9216909],[30.6678565,36.9211655],[30.667625,36.9206749],[30.6675402,36.920439],[30.6674936,36.920231],[30.6674742,36.9200216],[30.6674548,36.9198121],[30.667447,36.91948],[30.6674152,36.9191964],[30.6673636,36.918964],[30.6673034,36.9187678],[30.6672292,36.9185614],[30.6671324,36.9183313]],[[30.6671324,36.9183313],[30.6665441,36.9170212]],[[30.6665441,36.9170212],[30.6657601,36.9153078],[30.6654573,36.9146459],[30.6654404,36.914609],[30.665336,36.9143728],[30.6653122,36.9143172],[30.6644421,36.9123519],[30.6637275,36.9107519],[30.6636108,36.9104606],[30.6634894,36.9101376],[30.6632676,36.9091985],[30.6632138,36.9088793],[30.6631765,36.9085469],[30.6631634,36.9082849],[30.6631545,36.90797],[30.6631608,36.9074727],[30.6631671,36.9073352],[30.6632255,36.9068218],[30.6633189,36.9062728],[30.6634707,36.9056959],[30.6636575,36.9051376],[30.6639812,36.9043901],[30.664365,36.9035449],[30.6648249,36.9024691],[30.6650445,36.9019343],[30.6651569,36.901606],[30.6652989,36.901057],[30.6653578,36.9007283],[30.6654009,36.9002798],[30.6654197,36.8998278],[30.6654094,36.8992641],[30.6654352,36.8987277],[30.6654398,36.8982495],[30.665463,36.8978713],[30.6654708,36.8975819],[30.6654558,36.89713],[30.6653921,36.896458],[30.6652572,36.8956441],[30.6651809,36.8951764],[30.6650764,36.894668],[30.6649658,36.894275],[30.6649107,36.8941065],[30.6648246,36.8937066],[30.664726,36.8932489],[30.6646824,36.8930403],[30.6646625,36.8929663],[30.6646587,36.8929141],[30.6646619,36.8928535],[30.664685,36.8927877],[30.664726,36.8927288],[30.6647706,36.8926796],[30.664829,36.8926351],[30.6648844,36.8926125],[30.6649607,36.8925855],[30.6650708,36.8925731],[30.6651477,36.8925711],[30.667505,36.8925875],[30.6676211,36.8925871],[30.6686983,36.8925837],[30.6696529,36.8925653],[30.669925,36.8925633],[30.6704725,36.8925592],[30.6708429,36.8925564],[30.6715441,36.8925663],[30.673156,36.8925475],[30.6738641,36.8925191],[30.6747488,36.8924853],[30.6753443,36.8924625],[30.6754095,36.8924565],[30.6754772,36.8924443],[30.6755034,36.8924366],[30.6755302,36.8924268],[30.6755624,36.8924056],[30.6755851,36.8923718],[30.6756011,36.8923413],[30.6757221,36.892018],[30.6758813,36.8915054],[30.6759967,36.891147],[30.6760206,36.8910692],[30.6761253,36.890766],[30.6763188,36.8902703],[30.6763671,36.8901668],[30.6764581,36.8899671],[30.6765367,36.8897884],[30.6766195,36.8896255],[30.6767041,36.8894527],[30.6768143,36.8892017],[30.6770898,36.8884583],[30.6771077,36.8884026],[30.6771348,36.8883076],[30.6772152,36.8879559],[30.6772287,36.887897],[30.6772943,36.887603],[30.6773118,36.8875308],[30.6773309,36.8874523],[30.6773514,36.8873823],[30.67738,36.8872901],[30.6774263,36.8871636],[30.6775496,36.8868323],[30.6776827,36.8864809],[30.6778331,36.8860878],[30.6778795,36.885988],[30.6779914,36.8857726],[30.6780852,36.8856004],[30.6781243,36.8855376],[30.6781586,36.8854939],[30.6782082,36.8854421],[30.6782544,36.8854051],[30.6782999,36.8853723],[30.6783564,36.8853361],[30.6785794,36.8852076],[30.6786441,36.8851711],[30.6787329,36.8851319],[30.6788198,36.8850984],[30.6789236,36.8850678],[30.6794512,36.8849341],[30.6795396,36.8849106],[30.6796135,36.8848908],[30.6801002,36.8847674],[30.6801949,36.8847466],[30.6802629,36.8847388],[30.6803345,36.884733],[30.680522,36.8847283],[30.6810204,36.8847209],[30.6816473,36.8847102],[30.6828571,36.884691]]]}},{"type":"Feature","properties":{"route":"tram","name":"T1 Tramvay Hattı","colour":null},"geometry":{"type":"MultiLineString","coordinates":[[[29.0702748,40.1872225],[29.0704129,40.1874753]],[[29.0704129,40.1874753],[29.070565,40.1877534],[29.0710239,40.1886368],[29.0711216,40.1888102],[29.0713762,40.1892384],[29.0715879,40.189624],[29.0717271,40.1898719],[29.07189,40.1901619],[29.0719164,40.190209],[29.0720108,40.1903798],[29.072182,40.1906906],[29.0725521,40.1913973],[29.072865,40.1919751],[29.0730335,40.1922756],[29.0730492,40.1923465],[29.073058,40.1924449],[29.0730549,40.1925124],[29.0730417,40.1925885],[29.0730163,40.1926599],[29.0729858,40.1927337],[29.072935,40.1928043],[29.0728385,40.1928711],[29.0727287,40.192927],[29.0725783,40.1929697],[29.0723585,40.1930067],[29.0721737,40.1930319],[29.071857,40.1930732],[29.0712944,40.1931306],[29.0704574,40.1932971],[29.070258,40.1933279],[29.0698108,40.1933971],[29.069515,40.1934178],[29.0689253,40.1934573],[29.0682172,40.1936455],[29.0676556,40.1938828],[29.0666093,40.1943201],[29.0656244,40.1947],[29.0648855,40.1950227],[29.0643973,40.1951999],[29.0636719,40.1953277],[29.0628221,40.195411],[29.0625457,40.1954712],[29.0622865,40.1955423],[29.0621163,40.1955717],[29.0619332,40.1956033],[29.0617794,40.1956298],[29.0615122,40.1956759],[29.0613388,40.1957024],[29.0610519,40.1957414],[29.0607942,40.1957677],[29.0604244,40.1957815],[29.0596991,40.1958004],[29.0595953,40.1958087],[29.0591893,40.195841],[29.0585219,40.1958753],[29.0583963,40.1958817],[29.0583075,40.1958674],[29.0582756,40.1958467],[29.0582555,40.1957768],[29.0582534,40.1957081],[29.0582488,40.1954877],[29.0582368,40.195418],[29.0581878,40.1953556],[29.0581235,40.1953215],[29.0576565,40.195186],[29.0571809,40.1950506],[29.0562451,40.1947875],[29.0555089,40.1945664],[29.0552196,40.1945029],[29.0550713,40.1945056],[29.054781,40.1945282],[29.0534958,40.1947413],[29.0531076,40.1948072],[29.0505836,40.1952554],[29.0501509,40.1953322],[29.0498095,40.1953959],[29.049487,40.1954554],[29.0494157,40.195464],[29.0493593,40.1954574],[29.0493357,40.1954522],[29.0492715,40.1954212],[29.0492252,40.1953691],[29.0492022,40.1953059],[29.0492932,40.1940661],[29.0493065,40.1938573],[29.0494335,40.1918605],[29.0494132,40.1916633],[29.049376,40.1915166],[29.0493156,40.1912782],[29.0493084,40.1912226],[29.0492994,40.1911524],[29.049302,40.1911092],[29.0493148,40.1910631],[29.0493296,40.1910426],[29.0494034,40.1909771],[29.0495539,40.1908701],[29.0500351,40.1906668],[29.0504864,40.1905232],[29.0512426,40.1903012],[29.0520371,40.1900658],[29.054047,40.1895104],[29.0546191,40.1893448],[29.0566031,40.1887557],[29.0572295,40.1885751],[29.0578862,40.188353],[29.0582113,40.1881915],[29.0583683,40.1880926],[29.0585894,40.1879151],[29.0589388,40.187413],[29.0590242,40.1872226],[29.0591708,40.186904],[29.0592289,40.1867363],[29.0592349,40.1865603],[29.0592399,40.1862675],[29.0591225,40.1856393],[29.0591017,40.1855143],[29.0590854,40.1853202],[29.0590854,40.1851245],[29.0591139,40.1849506],[29.0591809,40.1847845],[29.0592541,40.1846742],[29.059374,40.1845096],[29.0594582,40.1844017],[29.0595123,40.1843325],[29.0597664,40.184081],[29.0598759,40.1839981],[29.0601362,40.1838255],[29.0609265,40.1835566],[29.0614191,40.1834939],[29.0620479,40.1834979],[29.0625643,40.1834891],[29.063183,40.1834587],[29.06391,40.1833523],[29.0642907,40.183297],[29.0656517,40.1830627],[29.0661802,40.1829762],[29.0665339,40.1829068],[29.0669351,40.1828107],[29.0670619,40.182778],[29.0673541,40.1826776],[29.0674235,40.182657],[29.0675407,40.1826278],[29.0676061,40.1826183],[29.0676605,40.1826218],[29.0677079,40.1826262],[29.0677983,40.1826627],[29.0678897,40.1827232],[29.067963,40.1828379],[29.0686764,40.1841731],[29.0687654,40.184342],[29.0687981,40.1844022],[29.0689052,40.1846096],[29.0689874,40.1847656],[29.069031,40.1848484],[29.0692516,40.185267],[29.0692637,40.1852899],[29.0693332,40.1854223],[29.0693798,40.1855155],[29.0694902,40.1857219],[29.069671,40.1860668],[29.0699568,40.1866082],[29.0701447,40.186964],[29.0702748,40.1872225]]]}},{"type":"Feature","properties":{"route":"subway","name":"M4: Sabiha Gökçen Havalimanı - Kadıköy","colour":"#E91E76"},"geometry":{"type":"MultiLineString","coordinates":[[[29.3106399,40.9059565],[29.3105235,40.9060628],[29.3121412,40.9070746],[29.3122579,40.906968],[29.3106399,40.9059565]],[[29.3113039,40.9065924],[29.3104082,40.9060163]],[[29.3104082,40.9060163],[29.3089687,40.9051191]],[[29.3089687,40.9051191],[29.3084328,40.9047786],[29.30811,40.9045863],[29.3077377,40.9044139],[29.307313,40.9042503],[29.3069637,40.9041503],[29.306384,40.9040718],[29.3058169,40.904026],[29.3050194,40.904032],[29.304231,40.9041181],[29.3036092,40.9043586],[29.3030303,40.9046636],[29.3026729,40.9049222],[29.302295,40.9053718],[29.3017646,40.9062452],[29.3014322,40.9068414],[29.3011366,40.9073579],[29.3007726,40.9080328],[29.3004665,40.9085537],[29.2999622,40.9090602],[29.2993914,40.9093785],[29.298609,40.9096804],[29.2962189,40.910164],[29.2949996,40.9104061],[29.2941577,40.9105623],[29.2934172,40.9107047],[29.2924348,40.9108687],[29.2916848,40.9108652],[29.2909942,40.9107477],[29.2903784,40.9105239],[29.2897312,40.9102009],[29.2890611,40.9099249],[29.2882994,40.9096456],[29.2771294,40.904731],[29.2749425,40.9039044],[29.2733548,40.9033185],[29.2727683,40.9030342],[29.2722498,40.9027099],[29.2719596,40.9025473],[29.2713588,40.9021743],[29.2707694,40.9017901],[29.2702228,40.9013371],[29.2693029,40.900543],[29.2685852,40.8999549],[29.2677004,40.8994187],[29.267026,40.8990025],[29.2664942,40.8985508],[29.2659089,40.898076],[29.2654929,40.8977223],[29.2650827,40.8971884],[29.2645313,40.8961736],[29.2627251,40.8915229],[29.2624012,40.8899493]],[[29.2624012,40.8899493],[29.2622388,40.8888738],[29.2620679,40.8877429],[29.2619862,40.8872995]],[[29.2619862,40.8872995],[29.261656,40.886527],[29.2611799,40.8857971],[29.2607681,40.885231],[29.2603839,40.8847397],[29.2598905,40.884139],[29.2593405,40.8835845],[29.2585278,40.883003],[29.2578042,40.8826419],[29.257207,40.8824074],[29.2565051,40.8821512],[29.2557237,40.8818637],[29.2546742,40.881573],[29.2541351,40.8814604]],[[29.2541351,40.8814604],[29.2534496,40.8813203],[29.2528482,40.8812984],[29.2524357,40.8813206],[29.2519242,40.881375],[29.2509006,40.8815636],[29.2504536,40.8816847],[29.2499044,40.8818927],[29.2489229,40.882282],[29.2474634,40.8828933],[29.2468459,40.8831811],[29.2463452,40.8834427],[29.2457816,40.8837451],[29.2447117,40.8844279]],[[29.2447117,40.8844279],[29.2436687,40.8850781]],[[29.2436687,40.8850781],[29.2430273,40.8855531],[29.2426674,40.8858371],[29.2422002,40.8862835],[29.2419168,40.8865533],[29.2415477,40.8868556],[29.2405158,40.8875746],[29.2387037,40.888738],[29.2369895,40.8899364],[29.2349434,40.891398],[29.2327187,40.892995],[29.2305708,40.8945253],[29.2279509,40.8962722],[29.2272572,40.89673],[29.2259491,40.8975971],[29.225223,40.8980182],[29.2247926,40.8982623],[29.2241271,40.8986188],[29.2227631,40.899433],[29.2216943,40.9001097],[29.2206068,40.9009135],[29.219087,40.9018231],[29.2175017,40.9027962],[29.2160286,40.9038117],[29.2145274,40.9049119],[29.2133959,40.9056133],[29.2123379,40.9062233],[29.2114329,40.9067184],[29.2106893,40.9070969],[29.2101769,40.9073201],[29.209359,40.9076426],[29.2078044,40.9081452],[29.206094,40.9086425],[29.20606,40.9086532],[29.2041487,40.9092757],[29.2017546,40.9100571],[29.2011163,40.9102882],[29.2003738,40.9105698],[29.1994866,40.9108797],[29.1970016,40.9117724],[29.1953159,40.9123903],[29.1936797,40.9129762],[29.1925537,40.9133488],[29.1914897,40.9137008],[29.1907209,40.9139298],[29.1899734,40.9141268],[29.1896385,40.9142008],[29.1892679,40.9142709],[29.1889506,40.9143217],[29.1886027,40.9143725],[29.1883472,40.9144038],[29.1840859,40.914922],[29.1834968,40.9150376],[29.1829551,40.9151534],[29.182044,40.9154152],[29.1808852,40.9157519],[29.1782602,40.9165317],[29.1756218,40.9173777],[29.1748611,40.9176427],[29.174157,40.9179077],[29.1733821,40.9181995],[29.1727488,40.9184912],[29.1714046,40.9191243],[29.1700037,40.9197787],[29.1695997,40.9199614],[29.1690966,40.9201441],[29.1682603,40.9204238],[29.166484,40.9209801],[29.1655038,40.9212883],[29.164329,40.9216115],[29.162306,40.9220731],[29.1584974,40.9229183],[29.1571704,40.9232671],[29.155941,40.923616],[29.1547762,40.923976],[29.1531713,40.9245157],[29.1525713,40.9247449],[29.1520118,40.9250517],[29.1515251,40.925385],[29.1511569,40.9256913],[29.1507726,40.9260344],[29.1504483,40.92638],[29.1498364,40.9271529],[29.1491767,40.9280064],[29.1486461,40.9285599],[29.147632,40.9294836],[29.1469212,40.9300859],[29.1461758,40.930727],[29.1455026,40.9312093],[29.1446966,40.9316994],[29.1438089,40.9323335],[29.1437725,40.9323595],[29.1428819,40.9330824],[29.142272,40.9336487],[29.1417201,40.9342449],[29.1409017,40.9349403],[29.1404264,40.9353442],[29.1396261,40.935967],[29.1389306,40.9365243],[29.136627,40.9381301],[29.1361192,40.9384809],[29.135462,40.938966],[29.1353023,40.9390742],[29.1283637,40.9443887],[29.1281257,40.9445904],[29.1229073,40.9484728],[29.1222867,40.9489785],[29.1221783,40.9490668]],[[29.1221783,40.9490668],[29.1214657,40.949623],[29.1202424,40.9507326],[29.1168061,40.9538592],[29.1136993,40.9563712],[29.1112576,40.9585794],[29.1081046,40.9618815],[29.1063776,40.9641711],[29.1057941,40.9648678],[29.1044925,40.9662899],[29.1036645,40.9670164],[29.1031867,40.9675538],[29.1026449,40.9686828],[29.1012279,40.9714262],[29.1009215,40.9720748],[29.1008241,40.9723107],[29.1006519,40.9727485],[29.1005901,40.9729412],[29.1005216,40.9732024],[29.1004641,40.9735251],[29.1004304,40.9737426],[29.1003639,40.9740107],[29.1002803,40.9742875],[29.1002109,40.9745087],[29.10018,40.974597],[29.0998599,40.9753776],[29.0995529,40.9761317],[29.0991914,40.9770416],[29.098933,40.9776677],[29.0986433,40.9782657],[29.0983697,40.9787087],[29.0980251,40.9791979],[29.0977,40.9795592],[29.0974066,40.9798193],[29.097011,40.9800906],[29.0968781,40.9801854],[29.0962155,40.9806581],[29.0944632,40.9820582],[29.093653,40.9826379],[29.092813,40.9831711],[29.0919914,40.9837383],[29.0905702,40.9847125],[29.0892367,40.9856234],[29.0881833,40.9864325],[29.0870002,40.9871886],[29.0862302,40.987562],[29.0854826,40.987919],[29.0837204,40.9886202],[29.081436,40.9895406],[29.0785268,40.9906526],[29.0759443,40.9918061],[29.0747981,40.9924147],[29.071689,40.9939003],[29.070757,40.9942698],[29.0697721,40.9946552],[29.0691875,40.9948909],[29.06838,40.9952122],[29.0674226,40.9955723],[29.0658857,40.9960903],[29.0645863,40.9965664],[29.0628004,40.9971856],[29.0621588,40.9974305],[29.0615824,40.9976523],[29.0601983,40.9982261],[29.059299,40.9985873],[29.0573717,40.9993504],[29.055536,41.0000143],[29.0543102,41.0004167],[29.0531834,41.000755],[29.0510326,41.0012139],[29.0489045,41.0016366],[29.0454878,41.0023069],[29.0444678,41.0025088],[29.0434451,41.0027092],[29.0429087,41.0028008],[29.0424077,41.0028389],[29.0418218,41.0028878],[29.0411104,41.0029372],[29.0397005,41.0031794],[29.0384001,41.0033795],[29.0369716,41.0035936],[29.0355935,41.0037848],[29.0345522,41.0038828],[29.0340924,41.003879],[29.0336326,41.00382],[29.0331263,41.0036748],[29.0327577,41.003568],[29.0322907,41.0033852],[29.0319541,41.0031909],[29.0316433,41.0029973],[29.0314408,41.0028448],[29.0312467,41.0026982],[29.0310047,41.0024451],[29.0308718,41.0022066],[29.0307432,41.0019201],[29.0306084,41.0015351],[29.0301688,41.0002547],[29.0299476,40.9996226],[29.0291978,40.9974097],[29.0289636,40.9968448],[29.0287459,40.9963387],[29.0284238,40.9956376],[29.0280337,40.9948339],[29.0275859,40.9942828],[29.0270312,40.9938169],[29.025955,40.9931443],[29.0252525,40.9926902],[29.0242595,40.9920163]],[[29.0242595,40.9920163],[29.0237067,40.991677]],[[29.0237067,40.991677],[29.0233713,40.9915202],[29.0230825,40.9914256],[29.0228298,40.9913068],[29.0219242,40.9907057]]]}},{"type":"Feature","properties":{"route":"subway","name":"M2: Yenikapı - Hacıosman","colour":"#009A4C"},"geometry":{"type":"MultiLineString","coordinates":[[[28.9500734,41.0051715],[28.9515931,41.005471],[28.9526429,41.0056779],[28.9545805,41.0061119],[28.9570295,41.0066568],[28.9576984,41.0068398],[28.9581548,41.0069999],[28.9584985,41.0071566],[28.9587497,41.0073266],[28.95895,41.007497],[28.9591618,41.0077166],[28.959436,41.0082454],[28.9595719,41.0086662],[28.9596805,41.0092204],[28.9597822,41.0104867]],[[28.9597822,41.0104867],[28.9599089,41.0122512],[28.9599973,41.0134922]],[[28.9599973,41.0134922],[28.9600286,41.0139638],[28.9600766,41.0144918],[28.9601965,41.0149886],[28.9603215,41.0153318],[28.9604807,41.0156956],[28.9607761,41.0161989],[28.9611929,41.0167797],[28.9617658,41.017503],[28.9630613,41.0188816],[28.9634638,41.0193202]],[[28.9634638,41.0193202],[28.9639706,41.0198547],[28.9666429,41.022621],[28.9694345,41.0255193],[28.9699049,41.0260054]],[[28.9699049,41.0260054],[28.9708989,41.0270425],[28.9712962,41.0273836],[28.9716397,41.0275717],[28.9719118,41.0277156],[28.9728027,41.0281672],[28.973685,41.0286079],[28.9748801,41.0292216]],[[28.9748801,41.0292216],[28.9762867,41.0299786],[28.9771519,41.030504],[28.9843553,41.0351722],[28.984796,41.0355815],[28.9850941,41.035949],[28.9852484,41.0363087],[28.9855135,41.0372162],[28.9857482,41.0380161],[28.9860279,41.0389341],[28.9867243,41.0409686],[28.9868432,41.0414723],[28.9869036,41.0419875],[28.9868299,41.0439172],[28.9868029,41.0444873],[28.986804,41.0448797],[28.9868299,41.0452721],[28.9869237,41.0459317],[28.9875591,41.0479719],[28.9877344,41.0486554],[28.9878284,41.0494843],[28.9878694,41.0502931],[28.987873,41.0510884],[28.9877913,41.0518134],[28.9876243,41.0527916],[28.9873638,41.0541949],[28.9868075,41.0583478],[28.9867756,41.0587852],[28.9867967,41.0591206],[28.9868271,41.0594277],[28.9868923,41.0597333],[28.9870553,41.0601123],[28.9872022,41.0603906],[28.9874138,41.0606777],[28.9876493,41.0609825],[28.9879442,41.0613041],[28.9910378,41.0632187],[28.9919604,41.0638035],[28.9928995,41.0644061],[28.9958337,41.066348],[28.9964122,41.0666028],[28.9968803,41.0667656],[28.9973542,41.0668575],[28.9978784,41.0669169],[29.0051933,41.0674516],[29.0066813,41.0676728],[29.0084841,41.0680811],[29.0103022,41.068666],[29.011167,41.0689709],[29.0122607,41.0693565],[29.0137235,41.0699267],[29.0146163,41.0703893],[29.014887,41.0705939],[29.0151638,41.0708995],[29.0153363,41.0711434],[29.0155701,41.0715239],[29.0156664,41.0718284],[29.0157117,41.072079],[29.0157569,41.0723295],[29.015772,41.0725632],[29.0157766,41.0728451],[29.0157298,41.0731776],[29.0156454,41.0734212],[29.0148309,41.075286],[29.0145193,41.0759373]],[[29.0145193,41.0759373],[29.0138,41.0770595],[29.0132301,41.0779486]],[[29.0132301,41.0779486],[29.0120303,41.0795856],[29.0112895,41.080498],[29.0102959,41.0815044],[29.0097721,41.0820729],[29.0087154,41.08331],[29.0084261,41.0837573],[29.0083209,41.0840151],[29.0077392,41.0854161],[29.0073449,41.0861497],[29.0069505,41.0869228],[29.0066639,41.087537],[29.0063239,41.0883411],[29.0050352,41.0917659],[29.0049533,41.0920982],[29.0049479,41.0923419]],[[29.0260215,41.135695],[29.0251423,41.1317247],[29.0250685,41.1313184],[29.0250593,41.1308538],[29.0251344,41.1300939],[29.0252532,41.1293048],[29.0253836,41.1284988],[29.0255396,41.1270167],[29.0255083,41.1265193],[29.0253956,41.1260526],[29.0251378,41.1254258],[29.0247378,41.1244283],[29.0242288,41.1230269],[29.0240652,41.1224067],[29.0240153,41.1218659],[29.0240229,41.1213908],[29.0240843,41.1208993],[29.0243062,41.1188495],[29.0243489,41.1182152],[29.0244334,41.1172273],[29.0244341,41.1172106],[29.0246281,41.1140934],[29.024771,41.1135436],[29.0255454,41.110768],[29.025625,41.1102605],[29.0255812,41.109957],[29.0254327,41.109634],[29.0252042,41.1093192],[29.0249202,41.1090361],[29.0245488,41.1087803],[29.0239528,41.1084733],[29.0236561,41.108384],[29.0229136,41.1081831],[29.0220664,41.1080591],[29.0210014,41.1079102],[29.0199123,41.107796],[29.0177801,41.1075244],[29.0169917,41.1073792],[29.0162825,41.1071939],[29.0155271,41.1069243],[29.0148703,41.1066706],[29.0140936,41.1062944],[29.0134895,41.1059492],[29.0128586,41.1055676],[29.0095356,41.1032933],[29.0087232,41.1026278],[29.007994,41.1019567],[29.007334,41.1010915],[29.0070307,41.1005786],[29.0068714,41.1001316],[29.0058086,41.0958452],[29.005575,41.0949475],[29.0053682,41.0941844],[29.0051475,41.0934021],[29.0049844,41.0927934],[29.0049479,41.0923419]],[[29.0260215,41.135695],[29.0261126,41.1360483],[29.0262772,41.1366148],[29.0263882,41.1369214],[29.0266411,41.1372652],[29.0267808,41.1374134],[29.0270366,41.1376004],[29.0278399,41.1380774],[29.030603,41.1396603],[29.0332412,41.1412453]]]}},{"type":"Feature","properties":{"route":"tram","name":"T4: Mescid-i Selam → Topkapı","colour":"orange"},"geometry":{"type":"MultiLineString","coordinates":[[[28.8516485,41.1159259],[28.8516329,41.1159143],[28.8516157,41.1159014],[28.8508474,41.1164847],[28.8508636,41.1164968],[28.8508801,41.1165092],[28.8516485,41.1159259]],[[28.857363,41.1127734],[28.8573773,41.1127773],[28.8573903,41.1127809],[28.8577656,41.1119966],[28.8577541,41.1119935],[28.8577384,41.1119893],[28.857363,41.1127734]],[[28.8601127,41.107207],[28.860101,41.1072038],[28.8600873,41.1072001],[28.8604353,41.106477],[28.8604478,41.1064804],[28.8604609,41.106484],[28.8601127,41.107207]],[[28.8629202,41.1006697],[28.8629062,41.1006694],[28.8628952,41.1006691],[28.8629292,41.0998902],[28.862941,41.0998905],[28.8629539,41.0998908],[28.8629202,41.1006697]],[[28.8638382,41.0936626],[28.8638282,41.093661],[28.8638137,41.0936588],[28.863974,41.0928904],[28.8639844,41.0928917],[28.8639961,41.0928931],[28.8638382,41.0936626]],[[28.8665749,41.0880254],[28.8665588,41.0880091],[28.8665447,41.0879949],[28.8674644,41.0874938],[28.8674884,41.0875184],[28.8665749,41.0880254]],[[28.871291,41.0849244],[28.8712624,41.0849094],[28.8718483,41.0842747],[28.8718608,41.0842812],[28.8718768,41.0842896],[28.871291,41.0849244]],[[28.8748964,41.0809567],[28.8749277,41.0809714],[28.8749558,41.080988],[28.8743009,41.0816863],[28.8742549,41.0816626],[28.8748964,41.0809567]],[[28.8819278,41.0754391],[28.8819095,41.0754116],[28.881899,41.075398],[28.882968,41.074986],[28.882984,41.0750097],[28.8829968,41.0750286],[28.8819278,41.0754391]],[[28.887318,41.0728852],[28.8873025,41.0728722],[28.8872926,41.0728639],[28.8881462,41.0722914],[28.8881582,41.0723022],[28.8881706,41.0723134],[28.887318,41.0728852]],[[28.8952002,41.0688273],[28.8951732,41.068805],[28.8951598,41.068794],[28.8953789,41.0686362],[28.8958039,41.0683131],[28.8960158,41.068152],[28.8960386,41.0681691],[28.8960554,41.0681818],[28.8952002,41.0688273]],[[28.9019287,41.0622043],[28.9019041,41.0621975],[28.9018798,41.0621908],[28.9022488,41.0614348],[28.9022726,41.0614414],[28.9022978,41.0614484],[28.9019287,41.0622043]],[[28.9065467,41.0575661],[28.9065377,41.0575588],[28.906531,41.0575533],[28.9073429,41.0569725],[28.9073638,41.0569898],[28.9065467,41.0575661]],[[28.9104965,41.0536481],[28.9101167,41.0545065],[28.9100697,41.0544975],[28.9100558,41.0544948],[28.9104388,41.0536329],[28.9104703,41.0536412],[28.9104965,41.0536481]],[[28.9158975,41.0461337],[28.9159014,41.0461352],[28.9153596,41.0469573],[28.9153541,41.0469553],[28.91532,41.0469425],[28.9153052,41.0469369],[28.9152971,41.0469339],[28.9158391,41.0461118],[28.9158461,41.0461145],[28.9158601,41.0461197],[28.9158975,41.0461337]],[[28.9200493,41.0412799],[28.919158,41.0419228],[28.9191433,41.0419109],[28.9191301,41.0419002],[28.9200238,41.0412607],[28.920032,41.0412669],[28.9200493,41.0412799]],[[28.9236411,41.0366259],[28.9231425,41.0373965],[28.9231244,41.0373898],[28.923107,41.0373834],[28.9236058,41.0366128],[28.9236227,41.0366191],[28.9236411,41.0366259]],[[28.9277465,41.0343114],[28.9277395,41.0342992],[28.9287657,41.03396],[28.9287684,41.0339646],[28.9287728,41.0339724],[28.9277465,41.0343114]],[[28.927759,41.0343596],[28.9277444,41.0343348],[28.9287789,41.0339886],[28.9287866,41.0340016],[28.9287934,41.0340133],[28.927759,41.0343596]],[[28.9336778,41.0317508],[28.9336475,41.0317374],[28.9338336,41.0314979],[28.9337705,41.03147],[28.9338557,41.0313603],[28.9338719,41.0313675],[28.9338963,41.0313782],[28.933993,41.0312537],[28.9339982,41.031256],[28.9340208,41.031266],[28.9342776,41.0309355],[28.9343028,41.0309467],[28.9341511,41.0311418],[28.9336778,41.0317508]],[[28.9246687,41.0212972],[28.9254127,41.021878],[28.9254035,41.0218849],[28.9253934,41.0218924],[28.9246495,41.0213115],[28.9246687,41.0212972]],[[28.9212324,41.0197451],[28.92015,41.0196172],[28.9201426,41.019653],[28.9212272,41.0197811],[28.9212187,41.0198223],[28.920133,41.0196939],[28.9201275,41.0197191],[28.9212018,41.0198457],[28.9211964,41.0198716],[28.9200787,41.01974],[28.9200806,41.0197309],[28.9200834,41.0197173],[28.9200913,41.0196793],[28.9200998,41.019638],[28.9201042,41.0196171],[28.9201078,41.0195983],[28.9212356,41.0197295],[28.9212324,41.0197451]],[[28.8520056,41.1156892],[28.8518054,41.1158209],[28.8516897,41.1159078],[28.8511849,41.116287],[28.8508533,41.1165428],[28.8507501,41.1166184]],[[28.8523731,41.1155054],[28.8522203,41.1155681],[28.8521106,41.1156251],[28.8520056,41.1156892]],[[28.8528262,41.1153604],[28.8526108,41.115422],[28.8523731,41.1155054]],[[28.8528262,41.1153604],[28.8531033,41.1152425]],[[28.8531033,41.1152425],[28.8533044,41.1151874]],[[28.8533044,41.1151874],[28.8552446,41.1146156],[28.8555251,41.1145239],[28.8557759,41.1144269],[28.8559891,41.114332],[28.8561755,41.1142218],[28.8563284,41.1141208],[28.8565081,41.1139905],[28.8566771,41.1138389],[28.8567791,41.1137278],[28.8569227,41.1135556],[28.8570017,41.1134317],[28.8570848,41.1132923],[28.857292,41.1128916],[28.8573357,41.1127991],[28.8575196,41.1124107],[28.8577792,41.1118768],[28.8579458,41.1115341],[28.8582145,41.110992],[28.859188,41.1090089],[28.8599777,41.1074001],[28.8600066,41.1073405],[28.8600465,41.1072581],[28.8602567,41.1068186],[28.8604819,41.1063455],[28.8609195,41.105426],[28.8613428,41.1045516],[28.8615781,41.1040043],[28.8622311,41.1026119],[28.8627411,41.1015478],[28.8628028,41.101375],[28.8628478,41.1012139],[28.8628537,41.1011224],[28.8628742,41.1007147],[28.8628946,41.1002839],[28.862921,41.0997821],[28.8630032,41.0988751],[28.8630652,41.0980971],[28.8630664,41.0980738],[28.8630688,41.0980341],[28.8630702,41.097967],[28.8631325,41.0972295],[28.8631825,41.0968812],[28.863784,41.0937698],[28.8638623,41.0933385],[28.8639616,41.0928606],[28.8639723,41.0928091],[28.8641595,41.0919083],[28.8645253,41.0901389],[28.8645762,41.0899428],[28.864658,41.0897477],[28.8647868,41.0895435],[28.8649182,41.0893757],[28.8654882,41.0887693],[28.8656397,41.0886257],[28.8657836,41.0884988],[28.8659682,41.0883541],[28.8663235,41.0881127],[28.866539,41.0879872],[28.8669014,41.087787],[28.8683085,41.0870246],[28.8683474,41.0870035],[28.8691337,41.0865703],[28.8695812,41.0863262],[28.8699296,41.0861001],[28.8701418,41.0859539],[28.8703558,41.0857908],[28.8706743,41.0855064],[28.8709626,41.0852108],[28.8715664,41.0845661],[28.8723668,41.0836984],[28.8726598,41.0833913],[28.873701,41.0822702],[28.8739214,41.082003]],[[28.8739214,41.082003],[28.8745733,41.0812918],[28.8746222,41.0812394]],[[28.8746222,41.0812394],[28.8748908,41.0809539],[28.8750904,41.0807422],[28.8752991,41.0805105],[28.8755337,41.0802804],[28.8757989,41.0800205],[28.8767461,41.0789894],[28.8769639,41.0787778],[28.8771753,41.0785841]],[[28.8771753,41.0785841],[28.8797501,41.0765056],[28.8800419,41.0762897],[28.8802813,41.0761379],[28.8805629,41.0759616],[28.8809025,41.0758045],[28.881432,41.0755921],[28.8819001,41.0753883],[28.8824304,41.0751817],[28.8829668,41.0749786],[28.8833649,41.0748381],[28.8847702,41.0743311],[28.8853286,41.0741075],[28.8855417,41.0740058],[28.8857548,41.0738847],[28.8862473,41.0735877],[28.8868804,41.0731545],[28.887287,41.0728594],[28.8877129,41.0725735],[28.8881348,41.072281],[28.8882672,41.072201],[28.8885141,41.0720664],[28.8891392,41.0717635],[28.893434,41.0699178],[28.8937352,41.06977],[28.8939801,41.0696261],[28.8947874,41.0690672],[28.8951519,41.0687848],[28.8956044,41.0684467],[28.896007,41.0681458],[28.8963786,41.0678947],[28.8980338,41.0666603],[28.9003313,41.0650792],[28.9004432,41.064949],[28.9005076,41.0648411]],[[28.9005076,41.0648411],[28.9007832,41.0643391],[28.9017067,41.0625202],[28.9018069,41.0623153],[28.9019062,41.0621082],[28.9020548,41.0618015],[28.9022492,41.0613995],[28.9022931,41.0613077],[28.9025191,41.0608472],[28.9026854,41.0605394],[28.9028369,41.060297],[28.9029613,41.0601499],[28.9031048,41.0599901],[28.9033315,41.0597899],[28.9035326,41.0596412],[28.9042926,41.059094],[28.9064707,41.0575817],[28.9067738,41.057372],[28.9073338,41.056968],[28.9077133,41.0567086],[28.9091148,41.0556825]],[[28.9091148,41.0556825],[28.9094963,41.0554007],[28.9096642,41.0552402],[28.909854,41.0549358],[28.9099949,41.0546835],[28.9100494,41.0544939],[28.9102178,41.0541152],[28.9104306,41.05363],[28.9105585,41.0533859],[28.9105733,41.0533414],[28.9107597,41.052287],[28.9108408,41.0520202],[28.9109277,41.0517845],[28.9111496,41.0513722],[28.9124728,41.0494065],[28.9126206,41.0492371],[28.9127899,41.0490647],[28.9129373,41.0489481],[28.9130868,41.0488376],[28.9144093,41.0480246],[28.9145335,41.0479397],[28.9146247,41.0478548],[28.9147839,41.047689],[28.914962,41.0474367],[28.915292,41.0469312],[28.9155264,41.0465704],[28.9158276,41.0461092],[28.916061,41.0457952],[28.9171298,41.0438596],[28.9172082,41.0437351],[28.9174781,41.0433908],[28.9182843,41.0425255],[28.9183381,41.0424811],[28.9189664,41.0420269],[28.9191205,41.0419045],[28.9195261,41.0416106],[28.9200215,41.0412543],[28.9202872,41.0410648],[28.9205033,41.0408899],[28.9208706,41.0405474],[28.9210894,41.0403075],[28.9211716,41.0402177],[28.9213328,41.0400233],[28.9216351,41.0395479],[28.9220326,41.0390215]],[[28.9220326,41.0390215],[28.9222594,41.0387148],[28.9223652,41.0385617],[28.9229257,41.0376779],[28.9230618,41.0374371],[28.9233484,41.0369846],[28.9236029,41.0365872],[28.9238458,41.0362346],[28.9240369,41.0360166],[28.9241342,41.0359112],[28.924235,41.0358211],[28.9243229,41.0357374],[28.9245052,41.0355928],[28.9245922,41.0355328],[28.9247663,41.0354175],[28.9248693,41.0353679],[28.9250952,41.0352523],[28.9253476,41.0351392],[28.9255643,41.0350577],[28.9258104,41.0349763],[28.9273775,41.0344578],[28.9277369,41.0343243],[28.9282944,41.0341412],[28.928504,41.0340724],[28.9287988,41.0339725],[28.9295057,41.0337384]],[[28.9295057,41.0337384],[28.9302837,41.0334899]],[[28.9302837,41.0334899],[28.9318051,41.0330188],[28.9321142,41.0329212],[28.9323851,41.0328261],[28.9328049,41.0326511],[28.9331268,41.0325074],[28.9332918,41.032409]],[[28.9332918,41.032409],[28.933365,41.0323392],[28.9334195,41.0322702],[28.9335001,41.0321433],[28.9336487,41.0318448],[28.933691,41.03178],[28.9340531,41.0313088],[28.9343263,41.0309531],[28.9344019,41.0308429],[28.934421,41.0307312],[28.9344145,41.0306052],[28.9343567,41.0304679],[28.9342573,41.0303421],[28.9321843,41.0283098]],[[28.9321843,41.0283098],[28.9316202,41.027769],[28.9308758,41.0270571],[28.930525,41.0267351]],[[28.930525,41.0267351],[28.9300915,41.0264131],[28.9299523,41.0263031],[28.9298172,41.0261787],[28.9296438,41.0260029],[28.9292392,41.0255685],[28.9284486,41.0247185],[28.927295,41.0236113]],[[28.927295,41.0236113],[28.9255342,41.0219746],[28.9252655,41.021739],[28.9249855,41.0215177],[28.9243735,41.0210579],[28.924061,41.0208282],[28.9238091,41.0206664],[28.9234926,41.0205024],[28.9230819,41.0203293],[28.922952,41.0202746]],[[28.9227814,41.0201616],[28.922952,41.0202746]],[[28.9227814,41.0201616],[28.9224481,41.0200231],[28.9222862,41.0199623],[28.922041,41.0199018],[28.92171,41.0198272],[28.9213599,41.0197787],[28.9205779,41.0196904],[28.9201583,41.0196414]]]}},{"type":"Feature","properties":{"route":"tram","name":"T4: Topkapı → Mescid-i Selam","colour":"orange"},"geometry":{"type":"MultiLineString","coordinates":[[[28.9212324,41.0197451],[28.92015,41.0196172],[28.9201426,41.019653],[28.9212272,41.0197811],[28.9212187,41.0198223],[28.920133,41.0196939],[28.9201275,41.0197191],[28.9212018,41.0198457],[28.9211964,41.0198716],[28.9200787,41.01974],[28.9200806,41.0197309],[28.9200834,41.0197173],[28.9200913,41.0196793],[28.9200998,41.019638],[28.9201042,41.0196171],[28.9201078,41.0195983],[28.9212356,41.0197295],[28.9212324,41.0197451]],[[28.9247454,41.0212402],[28.9254873,41.021831],[28.9254791,41.0218371],[28.9254679,41.0218454],[28.9247261,41.0212545],[28.9247454,41.0212402]],[[28.9296319,41.0258935],[28.9296669,41.025875],[28.929595,41.0257977],[28.9296073,41.0257471],[28.9295528,41.0256885],[28.92952,41.0257058],[28.9292054,41.0253679],[28.9292351,41.0253522],[28.9291578,41.0252692],[28.9291428,41.0252771],[28.9291272,41.0252854],[28.9290636,41.0252171],[28.9290228,41.0252387],[28.9296319,41.0258935]],[[28.9337481,41.0317831],[28.9337892,41.0318012],[28.9339735,41.0315621],[28.9340256,41.031585],[28.9341115,41.0314735],[28.9340978,41.0314675],[28.9340795,41.0314595],[28.9341792,41.0313303],[28.9341717,41.0313287],[28.9341475,41.0313181],[28.9344036,41.0309857],[28.9343731,41.0309723],[28.9342196,41.0311715],[28.9337481,41.0317831]],[[28.927759,41.0343596],[28.9277444,41.0343348],[28.9287789,41.0339886],[28.9287866,41.0340016],[28.9287934,41.0340133],[28.927759,41.0343596]],[[28.9236411,41.0366259],[28.9231425,41.0373965],[28.9231244,41.0373898],[28.923107,41.0373834],[28.9236058,41.0366128],[28.9236227,41.0366191],[28.9236411,41.0366259]],[[28.9200493,41.0412799],[28.919158,41.0419228],[28.9191433,41.0419109],[28.9191301,41.0419002],[28.9200238,41.0412607],[28.920032,41.0412669],[28.9200493,41.0412799]],[[28.9158975,41.0461337],[28.9159014,41.0461352],[28.9153596,41.0469573],[28.9153541,41.0469553],[28.91532,41.0469425],[28.9153052,41.0469369],[28.9152971,41.0469339],[28.9158391,41.0461118],[28.9158461,41.0461145],[28.9158601,41.0461197],[28.9158975,41.0461337]],[[28.9104965,41.0536481],[28.9101167,41.0545065],[28.9100697,41.0544975],[28.9100558,41.0544948],[28.9104388,41.0536329],[28.9104703,41.0536412],[28.9104965,41.0536481]],[[28.9065467,41.0575661],[28.9065377,41.0575588],[28.906531,41.0575533],[28.9073429,41.0569725],[28.9073638,41.0569898],[28.9065467,41.0575661]],[[28.9019287,41.0622043],[28.9019041,41.0621975],[28.9018798,41.0621908],[28.9022488,41.0614348],[28.9022726,41.0614414],[28.9022978,41.0614484],[28.9019287,41.0622043]],[[28.8952002,41.0688273],[28.8951732,41.068805],[28.8951598,41.068794],[28.8953789,41.0686362],[28.8958039,41.0683131],[28.8960158,41.068152],[28.8960386,41.0681691],[28.8960554,41.0681818],[28.8952002,41.0688273]],[[28.887318,41.0728852],[28.8873025,41.0728722],[28.8872926,41.0728639],[28.8881462,41.0722914],[28.8881582,41.0723022],[28.8881706,41.0723134],[28.887318,41.0728852]],[[28.8819278,41.0754391],[28.8819095,41.0754116],[28.881899,41.075398],[28.882968,41.074986],[28.882984,41.0750097],[28.8829968,41.0750286],[28.8819278,41.0754391]],[[28.8748964,41.0809567],[28.8749277,41.0809714],[28.8749558,41.080988],[28.8743009,41.0816863],[28.8742549,41.0816626],[28.8748964,41.0809567]],[[28.8720465,41.0840838],[28.8720274,41.0840735],[28.8726709,41.0833948],[28.8727017,41.0834114],[28.8720579,41.08409],[28.8720465,41.0840838]],[[28.8665749,41.0880254],[28.8665588,41.0880091],[28.8665447,41.0879949],[28.8674644,41.0874938],[28.8674884,41.0875184],[28.8665749,41.0880254]],[[28.8639985,41.0927895],[28.8640071,41.0927905],[28.864014,41.0927913],[28.8641698,41.0920354],[28.8641607,41.0920343],[28.8641544,41.0920336],[28.8639985,41.0927895]],[[28.8629703,41.0997088],[28.8629603,41.0997083],[28.862946,41.0997076],[28.863013,41.098942],[28.8630247,41.0989426],[28.8630375,41.0989432],[28.8629703,41.0997088]],[[28.8605517,41.1062317],[28.8605647,41.1062352],[28.8605769,41.1062384],[28.8609323,41.1054887],[28.860921,41.1054856],[28.8609074,41.1054819],[28.8605517,41.1062317]],[[28.8581989,41.111058],[28.8578135,41.1118476],[28.8578257,41.1118509],[28.8578412,41.1118552],[28.8582268,41.1110658],[28.8582122,41.1110617],[28.8581989,41.111058]],[[28.8516485,41.1159259],[28.8516329,41.1159143],[28.8516157,41.1159014],[28.8508474,41.1164847],[28.8508636,41.1164968],[28.8508801,41.1165092],[28.8516485,41.1159259]],[[28.9227814,41.0201616],[28.9224481,41.0200231],[28.9222862,41.0199623],[28.922041,41.0199018],[28.92171,41.0198272],[28.9213599,41.0197787],[28.9205779,41.0196904],[28.9201583,41.0196414]],[[28.9227814,41.0201616],[28.9233779,41.0204129],[28.9235178,41.0204718],[28.9238381,41.0206378],[28.9240931,41.0208016],[28.9244069,41.0210323],[28.9250196,41.0214925],[28.9253001,41.0217143],[28.9255646,41.0219532],[28.9273285,41.0235924]],[[28.9273285,41.0235924],[28.9284589,41.0246937],[28.9292725,41.0255516],[28.9296718,41.0259808],[28.9298538,41.0261634],[28.9299796,41.0262741],[28.9300694,41.0263509],[28.9302024,41.0264501],[28.930554,41.0267161]],[[28.930554,41.0267161],[28.930916,41.0270427],[28.931665,41.0277517],[28.9319672,41.0280449],[28.9322171,41.0282873]],[[28.9322171,41.0282873],[28.9342883,41.0303283],[28.9343962,41.0304478],[28.9344621,41.0306129],[28.9344615,41.030723],[28.9344386,41.0308569],[28.9343572,41.0309678],[28.9340828,41.0313255],[28.9337235,41.0317943],[28.933685,41.0318555],[28.9335243,41.0321711],[28.9334627,41.0322829],[28.9334073,41.0323535],[28.9333223,41.0324301]],[[28.9333223,41.0324301],[28.9331442,41.0325388],[28.9328278,41.0326775],[28.9323959,41.0328534],[28.9321196,41.0329485],[28.9318238,41.0330461],[28.9303393,41.0335162]],[[28.9303393,41.0335162],[28.9295275,41.0337811]],[[28.9295275,41.0337811],[28.9288208,41.034016],[28.9283291,41.0341778],[28.9261322,41.0349044],[28.9255831,41.035086],[28.925339,41.0351821],[28.9250561,41.0353106],[28.9248473,41.0354198],[28.9247584,41.0354697],[28.9245723,41.035597],[28.9243922,41.0357378],[28.9241838,41.0359334],[28.9240886,41.0360348],[28.9238971,41.0362654],[28.9236652,41.0366089],[28.9234199,41.0369942],[28.9231181,41.0374582],[28.9229588,41.0376881],[28.9223945,41.0385768],[28.9222933,41.038729],[28.9220619,41.0390371]],[[28.9220619,41.0390371],[28.9216525,41.0395709],[28.9213643,41.0400266],[28.9211223,41.0403223],[28.9209348,41.0405161],[28.9205271,41.0409086],[28.9203141,41.0410788],[28.9200475,41.041285],[28.9195597,41.0416372],[28.9191553,41.0419293],[28.918978,41.0420408],[28.9183483,41.0424958],[28.9183006,41.0425381],[28.9175001,41.0434011],[28.9172172,41.043761],[28.9171661,41.0438479],[28.9160898,41.0457992],[28.9159083,41.0461385],[28.9156112,41.0465961],[28.9153667,41.0469601],[28.9149977,41.0474489],[28.9148123,41.0476998],[28.9146564,41.0478584],[28.9145539,41.0479486],[28.9144242,41.0480371],[28.9131004,41.0488561],[28.9129472,41.0489606],[28.9128177,41.0490673],[28.9126416,41.0492561],[28.9125027,41.0494112],[28.9111799,41.0513862],[28.91096,41.0517957],[28.9108811,41.0520245],[28.9108068,41.0522932],[28.9106042,41.0533443],[28.9105913,41.0533948],[28.9105099,41.0536504],[28.9102896,41.0541314],[28.9101236,41.0545082],[28.9100164,41.0546864],[28.9098828,41.0549505],[28.909686,41.0552526],[28.90952,41.0554194],[28.9091384,41.0557051]],[[28.9091384,41.0557051],[28.907729,41.0567256],[28.9073722,41.0569953],[28.9068063,41.0573925],[28.9065047,41.0576089],[28.9043303,41.0591246],[28.9037579,41.0595269],[28.9034413,41.0597556],[28.903192,41.0599667],[28.9030257,41.0601347],[28.9028769,41.0603167],[28.9027489,41.0605264],[28.9026252,41.0607836],[28.9023192,41.0614238],[28.9021462,41.0618161],[28.902107,41.0618951],[28.9018641,41.0623323],[28.9018199,41.0624152],[28.9016013,41.0628596],[28.9012344,41.0635731],[28.9008382,41.0643464],[28.9005499,41.0648566]],[[28.9005499,41.0648566],[28.9004848,41.0649679],[28.900357,41.0651021],[28.8980561,41.0666685],[28.8963901,41.0679091],[28.8960662,41.0681876],[28.8956653,41.0684906],[28.8952142,41.0688314],[28.8948053,41.0690843],[28.8940143,41.0696429],[28.8937614,41.069794],[28.8934589,41.0699379],[28.8891531,41.0717843],[28.8885394,41.0720916],[28.8881802,41.0723207],[28.887741,41.0726115],[28.8873274,41.0728913],[28.8869031,41.0731712],[28.8864155,41.0735223],[28.8860676,41.0737447],[28.8857621,41.073921],[28.8855474,41.0740405],[28.8853441,41.0741365],[28.8847763,41.0743631],[28.8833575,41.0748617],[28.8830049,41.0750337],[28.8826158,41.0751906],[28.8824928,41.0752328],[28.881937,41.0754439],[28.8814471,41.075618],[28.8809142,41.0758393],[28.8806045,41.0759809],[28.8803101,41.0761667],[28.880074,41.0763163],[28.8797843,41.0765306],[28.8772046,41.0786015]],[[28.8772046,41.0786015],[28.8769941,41.0787989],[28.876775,41.0790037],[28.8758445,41.0800348],[28.8755858,41.080302],[28.8753587,41.0805398],[28.8749597,41.0809905],[28.8746922,41.0812808]],[[28.8746922,41.0812808],[28.8746545,41.0813225],[28.873991,41.0820552]],[[28.873991,41.0820552],[28.8737421,41.0822903],[28.8727134,41.0834172],[28.8724297,41.0837323],[28.8716166,41.0845866],[28.8710151,41.085236],[28.8707222,41.0855216],[28.8703967,41.0858128],[28.8701701,41.0859858],[28.8699561,41.0861358],[28.8696188,41.0863494],[28.8691588,41.0866051],[28.8688603,41.0867721],[28.8686913,41.0868652],[28.8669521,41.0878266],[28.8665799,41.0880327],[28.8663634,41.0881622],[28.8660281,41.0883899],[28.8658436,41.0885428],[28.8656934,41.0886585],[28.8655382,41.0887935],[28.8649531,41.0894],[28.8648321,41.089563],[28.8647129,41.0897628],[28.8646263,41.0899519],[28.8645757,41.0901453],[28.8642089,41.0919168],[28.8641293,41.0923097],[28.8640268,41.0928155],[28.8640164,41.092867],[28.86383,41.0937769],[28.8632216,41.0968836],[28.863174,41.0972327],[28.8631249,41.0979079],[28.8631199,41.0979768],[28.8631179,41.0980442],[28.8631117,41.0980808],[28.8630633,41.0988782],[28.8630169,41.0993241],[28.8629811,41.0997835],[28.8629336,41.1007147],[28.8629065,41.1011208],[28.8628892,41.1012269],[28.8628489,41.1013836],[28.862778,41.1015633],[28.8622753,41.1026232],[28.8616236,41.1040174],[28.8612701,41.1048135],[28.8609779,41.1054407],[28.8608215,41.1057675],[28.860535,41.1063581],[28.8600978,41.107272],[28.8600576,41.107355],[28.8600286,41.1074145],[28.8592421,41.1090223],[28.8582676,41.1110046],[28.858,41.111554],[28.8578363,41.1118904],[28.8573927,41.1128129],[28.8573498,41.1129071],[28.8570714,41.1134155],[28.8569748,41.1135691],[28.8568211,41.1137514],[28.8566919,41.1138813],[28.856535,41.1140207],[28.856374,41.11414],[28.8562028,41.1142479],[28.8560213,41.1143552],[28.8557947,41.1144573],[28.8555412,41.1145563],[28.8552619,41.1146501],[28.8535937,41.1151435]],[[28.8535937,41.1151435],[28.8533044,41.1151874]],[[28.8531033,41.1152425],[28.8533044,41.1151874]],[[28.8523481,41.1154656],[28.8525948,41.1153818],[28.8531033,41.1152425]],[[28.8519732,41.1156429],[28.8520811,41.1155848],[28.8522033,41.1155252],[28.8523481,41.1154656]],[[28.8506954,41.1165918],[28.8508025,41.116508],[28.8511412,41.1162428],[28.8516376,41.1158709],[28.8517579,41.1157808],[28.8519732,41.1156429]]]}},{"type":"Feature","properties":{"route":"subway","name":"M5: Üsküdar → Samandıra Merkez","colour":null},"geometry":{"type":"MultiLineString","coordinates":[[[29.0138427,41.0255768],[29.0120918,41.025281],[29.0121036,41.025238],[29.0121149,41.0251955],[29.0121244,41.0251704],[29.0131935,41.0253499],[29.0138799,41.0254633],[29.0138427,41.0255768]],[[29.1801601,41.015837],[29.178631,41.0163687],[29.1785687,41.0162692],[29.1800975,41.0157374],[29.1801601,41.015837]],[[29.1886679,41.0146861],[29.188646,41.0145742],[29.1901776,41.0144036],[29.1901828,41.0144303],[29.1899457,41.0144568],[29.1899584,41.0145216],[29.190196,41.0144951],[29.1902,41.0145155],[29.1886679,41.0146861]],[[29.2294101,40.9914841],[29.2292118,40.9914303],[29.228681,40.9925469],[29.228879,40.9926006],[29.2294101,40.9914841]],[[29.0127801,41.0252662],[29.0142216,41.0255098],[29.0158127,41.0257605],[29.0165683,41.0258843],[29.0169489,41.025979],[29.0174769,41.0262143],[29.0178888,41.0264327],[29.0181081,41.0265776],[29.0185789,41.0269113],[29.0192456,41.0273704],[29.0194702,41.0275093],[29.0197224,41.0276381],[29.0199728,41.027744],[29.0203829,41.0278927],[29.0209153,41.0280054],[29.0216912,41.0280719],[29.023642,41.027964]],[[29.023642,41.027964],[29.0255228,41.0279278],[29.0276576,41.0280006],[29.0285937,41.0280497],[29.0294478,41.0280854],[29.0314684,41.0281767],[29.0318737,41.0281467],[29.0321232,41.0280965],[29.0323797,41.02803],[29.0327675,41.0278836],[29.0329066,41.0278047],[29.0329875,41.0277619],[29.0332916,41.0276011],[29.0335411,41.0274029],[29.033777,41.027115],[29.0340261,41.0267749],[29.0342224,41.0263893],[29.0344605,41.0255673],[29.0345351,41.0250877],[29.0345527,41.0245348],[29.0345699,41.0241581],[29.0348192,41.0235228],[29.0350984,41.0231403],[29.0353484,41.0228071],[29.0363203,41.0217617],[29.0369993,41.0210314],[29.0373453,41.0206995],[29.0376244,41.0204338],[29.0378463,41.0202476],[29.038218,41.019968],[29.0385808,41.0197799],[29.0390286,41.0196087],[29.0394245,41.0194853],[29.039966,41.0193432],[29.0406998,41.0192604],[29.0417348,41.0192861],[29.0423755,41.0193776],[29.0430451,41.0195559],[29.0437512,41.0198979],[29.044436,41.0202634],[29.0452707,41.0207017],[29.0460554,41.0211508],[29.0468849,41.0214449],[29.048436,41.0217742],[29.0499057,41.0220889],[29.051846,41.0225079],[29.0559813,41.0235049],[29.0566922,41.0236698],[29.057509,41.023799],[29.0580065,41.0238005],[29.0586366,41.0237462],[29.0590258,41.0236753],[29.0593424,41.0235929],[29.0597408,41.0234562],[29.0601754,41.0232572],[29.0608645,41.0228211],[29.0619282,41.0220866],[29.0642754,41.0205052],[29.0661037,41.0189808],[29.0682779,41.016694],[29.0693334,41.0159362],[29.0700196,41.0155931],[29.0707628,41.015367],[29.0715183,41.0152397],[29.0722549,41.0151648],[29.0729951,41.0151829],[29.0737297,41.015317],[29.07449,41.0154999],[29.0751296,41.0157089],[29.0764166,41.0161665],[29.0781057,41.0167744],[29.0785789,41.0169961],[29.0790242,41.0172591],[29.0794993,41.0177427],[29.0797701,41.0181425],[29.0800076,41.0185917],[29.0801055,41.018998],[29.0800898,41.019615],[29.080016,41.020246],[29.0799333,41.0208433],[29.0800236,41.0215727],[29.0801287,41.0219893],[29.0802828,41.0223353],[29.0805123,41.0227149],[29.0807839,41.0230662],[29.0810671,41.0233611],[29.08145,41.0236158],[29.0820175,41.0238725],[29.0825754,41.0240748],[29.0833801,41.0242327],[29.0847203,41.0244489],[29.0877588,41.0249411],[29.0894923,41.0252039],[29.0903859,41.0253459],[29.0906542,41.0253982],[29.0918919,41.0257046],[29.0923154,41.0258065],[29.0929024,41.0259691],[29.0935578,41.0261113],[29.0942031,41.026188],[29.0946483,41.0261596],[29.0949354,41.026129],[29.0957167,41.0260409],[29.0963459,41.0259527],[29.0973586,41.0257977],[29.0976859,41.025737],[29.0979123,41.0257111],[29.0987507,41.0255799],[29.1031409,41.0249121],[29.1059537,41.0244843],[29.1079607,41.0241799],[29.1082657,41.0241435],[29.1086815,41.0240795],[29.1102343,41.0238321],[29.111037,41.0236449],[29.1117596,41.0234467],[29.1124803,41.0232275],[29.114808,41.0225693],[29.1168482,41.0219477],[29.1174331,41.0217451],[29.1182375,41.0214949],[29.1190727,41.0212475],[29.1199218,41.0209857],[29.1206494,41.0208217],[29.1213058,41.0206722],[29.1220374,41.0206084],[29.1226084,41.0206293],[29.1234614,41.0207451],[29.1243257,41.0208805],[29.1257396,41.0210922],[29.1263987,41.0211138],[29.1272561,41.021032],[29.1277868,41.0209239],[29.1283027,41.020762],[29.1290875,41.0204271],[29.1304822,41.0196907],[29.1312968,41.0192537],[29.1338676,41.0177028],[29.1345571,41.0174167],[29.1353398,41.0171333],[29.1361646,41.0168681],[29.1371201,41.0166556],[29.1380809,41.0166029],[29.1390789,41.0165589],[29.1405992,41.0164848],[29.1432482,41.0163292],[29.150863,41.0159396],[29.1518013,41.0158999],[29.1527344,41.0158501],[29.1595512,41.0154033],[29.1614775,41.0152717],[29.1619071,41.0152424],[29.1628733,41.0152062],[29.1635748,41.015181],[29.1651279,41.0151539],[29.1658746,41.0151887],[29.1664097,41.0152439],[29.1670494,41.0153362],[29.1704128,41.0159033],[29.1737324,41.0164214],[29.1746209,41.0165865],[29.1750498,41.0166623],[29.1754808,41.0167072],[29.1760224,41.0167175],[29.1764024,41.0167261],[29.1767578,41.0166876],[29.1772388,41.0166247],[29.177712,41.0165389],[29.1793459,41.0159831],[29.1805854,41.0155476],[29.1812999,41.015359],[29.1818923,41.0152556],[29.182434,41.0151913],[29.1838816,41.0150418],[29.184799,41.0149683],[29.1868729,41.0147328],[29.1882894,41.0145861],[29.1894989,41.014462],[29.1901003,41.0143978],[29.1912453,41.0142756],[29.1916314,41.0142204],[29.1919766,41.0141537]],[[29.1919766,41.0141537],[29.1924809,41.0140365],[29.1929928,41.013869],[29.1933694,41.0136971],[29.1936446,41.0135164],[29.1938536,41.0133625],[29.1940964,41.0131498],[29.1945917,41.0126521],[29.194856,41.0123562],[29.1954193,41.0116756],[29.1955861,41.0114895],[29.1958215,41.0112345],[29.1959927,41.0110609],[29.1962785,41.0108203],[29.1964993,41.0106622],[29.1967609,41.0105013],[29.1970954,41.0103029],[29.1975208,41.0100989],[29.1980738,41.0098398],[29.1987716,41.0095407],[29.2001531,41.0089593],[29.2005996,41.0087898],[29.2008431,41.0087192],[29.2010293,41.0086801],[29.2012893,41.0086354],[29.2016039,41.0085989],[29.2020309,41.0085754],[29.2025885,41.0086317],[29.2036048,41.0088327],[29.2041673,41.00899],[29.2069682,41.010037]],[[29.2069682,41.010037],[29.2077375,41.0103713],[29.2082077,41.0105011],[29.2088452,41.0106005],[29.2095244,41.0106132],[29.2100971,41.0105674],[29.2108879,41.0104109],[29.211235,41.0103162],[29.2125636,41.0099171],[29.2134694,41.009645],[29.2138643,41.0095233],[29.2142662,41.0093627],[29.2147815,41.009086],[29.2151291,41.0088134],[29.2155516,41.0084175],[29.21592,41.0079029],[29.2160632,41.007602],[29.2161564,41.007244],[29.2162132,41.0068571],[29.2161712,41.0064025],[29.2160555,41.0056713],[29.2159975,41.0049594]],[[29.2159975,41.0049594],[29.2159707,41.0046521],[29.2159656,41.0043944],[29.2159868,41.0041579],[29.2160304,41.0039093],[29.2161346,41.0036278],[29.2162742,41.0033197],[29.2166743,41.0025086],[29.2171065,41.0016306],[29.2174459,41.0009411],[29.2177867,41.0002436],[29.2180097,40.9998086],[29.2183588,40.9991635],[29.2185577,40.9988524],[29.2187909,40.9985672],[29.2190516,40.9982864],[29.2193038,40.9980575],[29.2195698,40.997851],[29.219943,40.9976477],[29.2208442,40.9972444],[29.2253629,40.995321],[29.2266363,40.9947822],[29.2273611,40.994329],[29.2275642,40.9941847],[29.2278098,40.9939278],[29.228069,40.9936164],[29.2282629,40.9933191],[29.2285721,40.9927234],[29.2288887,40.9920477],[29.229217,40.991347],[29.2297474,40.990207],[29.2299595,40.9898186],[29.2301573,40.9895337],[29.2303729,40.9892919],[29.2307556,40.9889124],[29.2309787,40.9887031],[29.2312711,40.9884325],[29.231567,40.9881379],[29.2318401,40.9878423],[29.2320759,40.9875582],[29.2322496,40.9872561],[29.2323573,40.9869165],[29.2324103,40.9865834],[29.2324234,40.9861037],[29.2323529,40.9856802],[29.2322292,40.9853506],[29.2320316,40.9850007],[29.2317964,40.9846138],[29.2312944,40.9838069]]]}},{"type":"Feature","properties":{"route":"subway","name":"M5: Samandıra Merkez → Üsküdar","colour":null},"geometry":{"type":"MultiLineString","coordinates":[[[29.2294101,40.9914841],[29.2292118,40.9914303],[29.228681,40.9925469],[29.228879,40.9926006],[29.2294101,40.9914841]],[[29.1886679,41.0146861],[29.188646,41.0145742],[29.1901776,41.0144036],[29.1901828,41.0144303],[29.1899457,41.0144568],[29.1899584,41.0145216],[29.190196,41.0144951],[29.1902,41.0145155],[29.1886679,41.0146861]],[[29.1801601,41.015837],[29.178631,41.0163687],[29.1785687,41.0162692],[29.1800975,41.0157374],[29.1801601,41.015837]],[[29.0138427,41.0255768],[29.0120918,41.025281],[29.0121036,41.025238],[29.0121149,41.0251955],[29.0121244,41.0251704],[29.0131935,41.0253499],[29.0138799,41.0254633],[29.0138427,41.0255768]],[[29.2316472,40.9836965],[29.2321134,40.984478],[29.2324172,40.9850155],[29.2325726,40.9852938],[29.232654,40.9854687],[29.2327312,40.9857982],[29.2327594,40.9861402],[29.2327393,40.9865821],[29.232679,40.987002],[29.2325017,40.9874591],[29.2322213,40.9878777],[29.2319244,40.9882036],[29.2309666,40.9890524],[29.2306894,40.9893291],[29.2304003,40.9896574],[29.2301926,40.9899863],[29.2294645,40.9914345],[29.2291517,40.9920829],[29.2288375,40.9927344],[29.2285335,40.9933367],[29.2282935,40.9936845],[29.2279007,40.994158],[29.2274916,40.9945048],[29.227045,40.9948037],[29.2263734,40.9951114],[29.2254229,40.995478],[29.2209308,40.9973878],[29.220445,40.9975927],[29.2200365,40.9977976],[29.2197282,40.9979882],[29.2194713,40.9981789],[29.2191928,40.9984133],[29.2189615,40.9986477],[29.2188054,40.9988792],[29.2186007,40.9991827],[29.2180162,41.0002562],[29.2176487,41.0010126],[29.2172951,41.001699],[29.216843,41.0025858],[29.2165575,41.0031459],[29.2163758,41.0035665],[29.2162452,41.0038734],[29.216189,41.0041305],[29.2161725,41.004282],[29.2161689,41.0044075],[29.2161871,41.0049299]],[[29.2161871,41.0049299],[29.2162576,41.0055531],[29.2162674,41.0056777],[29.21636,41.0063329],[29.2164305,41.0069286],[29.2163509,41.0074241],[29.2162163,41.0079521],[29.2160251,41.0083782],[29.2155846,41.0088626],[29.21516,41.0092298],[29.214728,41.0094586],[29.2142279,41.0096767],[29.2138079,41.0098355],[29.2133954,41.0099778],[29.2126998,41.0101846],[29.2113954,41.0105724],[29.2109399,41.01067],[29.2104075,41.0107408],[29.2096836,41.0108183],[29.2089078,41.0108099],[29.2082412,41.0107166],[29.2076897,41.0105693],[29.2068674,41.0102484]],[[29.2068674,41.0102484],[29.2038666,41.0091488],[29.2031839,41.0089769],[29.2024661,41.0088609],[29.2021038,41.0088367],[29.2015923,41.0088623],[29.2012046,41.0089452],[29.2008461,41.0090366],[29.2004772,41.0091713],[29.1989801,41.0097923],[29.1982658,41.0101087],[29.197754,41.0103341],[29.1973993,41.0104917],[29.1969407,41.0107108],[29.1967102,41.0108363],[29.1964485,41.0109972],[29.1960638,41.0112849],[29.1957899,41.0115703],[29.1955022,41.0118811],[29.1951878,41.0122151],[29.1948368,41.0126256],[29.194544,41.0129699],[29.1942157,41.0133173],[29.1938768,41.0135609],[29.1935491,41.0137931],[29.193092,41.0140164],[29.1926074,41.0141789],[29.1920296,41.0143045]],[[29.0236456,41.0282866],[29.0249601,41.0282561],[29.0256383,41.0282404],[29.0275878,41.0283243],[29.0285614,41.028369],[29.0294323,41.0284181],[29.0313651,41.0284951],[29.0317917,41.0284693],[29.0321867,41.0284057],[29.0327119,41.0282653],[29.0330303,41.0281434],[29.0333407,41.0279666],[29.0336927,41.0277524],[29.033908,41.0275517],[29.0341235,41.0272719],[29.0343277,41.0270178],[29.0344736,41.026783],[29.0347007,41.0262842],[29.0348492,41.0256643],[29.0349359,41.0250386],[29.0349668,41.0242496],[29.0351662,41.0236972],[29.0353948,41.0232931],[29.0357365,41.0228892],[29.0366324,41.0219275],[29.0373052,41.0212029],[29.0376358,41.0208858],[29.0378845,41.0206526],[29.0381105,41.0204475],[29.0386637,41.0200932],[29.0392619,41.019868],[29.0399756,41.0196117],[29.0404544,41.0195455],[29.0409546,41.019517],[29.0415179,41.0195459],[29.0423044,41.0196356],[29.0430201,41.0198595],[29.0438526,41.020283],[29.0448891,41.0209039],[29.0458653,41.0213791],[29.046785,41.0217191],[29.0483164,41.0220391],[29.0498154,41.0223637],[29.051743,41.0227799],[29.0558123,41.0237627],[29.0565888,41.0239396],[29.057422,41.0240802],[29.0581002,41.0240701],[29.0587053,41.0239887],[29.059158,41.0238991],[29.0595694,41.0237902],[29.0599111,41.0236751],[29.0603799,41.0234674],[29.0611038,41.0230391],[29.0616583,41.022688],[29.0622021,41.0223146],[29.0629466,41.0218138],[29.0647344,41.0205874],[29.0663925,41.0192386],[29.0685313,41.0169315],[29.0694709,41.0162432],[29.0701429,41.0158838],[29.07081,41.0156598],[29.0716122,41.0155344],[29.072234,41.0154922],[29.0728542,41.0154845],[29.0733836,41.015567],[29.073866,41.0156509],[29.0743884,41.0158053],[29.0749849,41.0159703],[29.0762578,41.0164215],[29.0764185,41.0164793],[29.0766567,41.0165649],[29.0767183,41.0165871],[29.0768812,41.0166456],[29.0769138,41.0166574],[29.0779079,41.0170148],[29.0783485,41.0172212],[29.0787226,41.0174891],[29.0790671,41.0178308],[29.0794148,41.0182693],[29.0795819,41.0186798],[29.0796457,41.0190429],[29.0796228,41.0197189],[29.0795077,41.020492],[29.079472,41.0210448],[29.0795289,41.0215387],[29.0796422,41.0220255],[29.0798798,41.0225754],[29.0800819,41.0228788],[29.080533,41.0233702],[29.0808106,41.0235962],[29.0812415,41.0238786],[29.0818222,41.0241156],[29.082134,41.0242429],[29.0824458,41.0243417],[29.0832936,41.0245081],[29.0846426,41.0247257],[29.0856002,41.0248819],[29.0894132,41.0254805],[29.0899294,41.0255591],[29.0905632,41.0256728],[29.0914495,41.0258967],[29.0917933,41.0259736],[29.0924978,41.0261384],[29.0928812,41.0262408],[29.0933209,41.0263513],[29.0936957,41.0264312],[29.0943272,41.0264833],[29.0951468,41.0263902],[29.0957718,41.0263068],[29.0964113,41.0262313],[29.097404,41.026081],[29.0984011,41.0259248],[29.098872,41.0258503],[29.1028397,41.0252458],[29.1029776,41.0252219],[29.1060118,41.024764],[29.1087527,41.0243484],[29.1103117,41.0241089],[29.1111428,41.0239272],[29.1119256,41.0237208],[29.1126375,41.0234987],[29.1149707,41.0228335],[29.1169809,41.0222089],[29.1184213,41.0217622],[29.1191568,41.0215323],[29.1208723,41.0210416],[29.1214121,41.0209364],[29.1220758,41.020868],[29.122702,41.0208869],[29.1241505,41.0210962],[29.1256951,41.0213443],[29.1263541,41.0213514],[29.1270966,41.021306],[29.1278403,41.0211833],[29.128566,41.0209905],[29.1293046,41.0206512],[29.1306984,41.0199219],[29.1315749,41.0194516],[29.1341257,41.0179233],[29.1346657,41.017685],[29.1354374,41.0174005],[29.1361964,41.0171921],[29.1367055,41.0170484],[29.1372052,41.0169474],[29.1381875,41.0168777],[29.1391175,41.0168406],[29.1406134,41.0167702],[29.1452618,41.0165405],[29.1509501,41.0162137],[29.1518223,41.0161819],[29.1526865,41.0161331],[29.1595831,41.0156505],[29.1614924,41.0155228],[29.1619401,41.0154946],[29.1628648,41.015453],[29.1635842,41.015421],[29.1647534,41.0153964],[29.165313,41.0154002],[29.1658726,41.0154364],[29.1729476,41.0164728],[29.1734415,41.0165505],[29.1744638,41.0167316],[29.175066,41.0168385],[29.1760343,41.0169103],[29.1764364,41.0168922],[29.176817,41.0168579],[29.1773459,41.0167795],[29.1777801,41.0166749],[29.1794219,41.0161095],[29.1806578,41.015683],[29.1813909,41.0154885],[29.1819781,41.015377],[29.1824713,41.0152985],[29.1838944,41.0150938],[29.1848116,41.0150231],[29.1869051,41.0148612],[29.1882977,41.0147358],[29.189512,41.0146117],[29.1901304,41.0145429],[29.1912426,41.0144199],[29.1916616,41.0143622],[29.1920296,41.0143045]],[[29.0127246,41.025404],[29.0144039,41.0256984],[29.0157541,41.025894],[29.0162483,41.0259696],[29.0165002,41.0260178],[29.016785,41.0260752],[29.0170399,41.0261657],[29.0172733,41.0262669],[29.0174761,41.0263705],[29.0177871,41.0265204],[29.0179709,41.0266498],[29.0184305,41.026986],[29.0191008,41.0274578],[29.0193457,41.0276257],[29.0196644,41.0278247],[29.0200932,41.028037],[29.0208125,41.028275],[29.0217231,41.0283512],[29.0236456,41.0282866]]]}},{"type":"Feature","properties":{"route":"tram","name":"T1: Organize Samayi > İldem 5","colour":"#dce3e9"},"geometry":{"type":"MultiLineString","coordinates":[[[35.523346,38.7318639],[35.52354,38.7319191],[35.5235688,38.7319273],[35.5242421,38.7321181],[35.5242751,38.7321272],[35.5244982,38.7321892],[35.5253004,38.7324118],[35.5273204,38.7329816],[35.5281315,38.7332104],[35.5296429,38.7336367],[35.5298342,38.7336872],[35.5301714,38.7337763],[35.5304645,38.7338568],[35.531078,38.7340253],[35.5312836,38.734087],[35.531354,38.7341081],[35.5316255,38.7341995],[35.531892,38.7342994],[35.5321572,38.7344092],[35.5322878,38.734467],[35.5324164,38.7345274],[35.5326277,38.734635],[35.5328325,38.7347498],[35.5330306,38.7348716],[35.5332612,38.7350197],[35.5334875,38.7351717],[35.5335997,38.7352486],[35.5337092,38.7353277],[35.5338918,38.7354696],[35.5340658,38.7356179],[35.5342309,38.7357723],[35.5370135,38.7382145],[35.5413412,38.7420419],[35.5418624,38.7425072],[35.5423689,38.7429278],[35.5427465,38.7432576],[35.5430755,38.7435436],[35.5433256,38.743806],[35.548897,38.7487621],[35.5493168,38.7491318],[35.5501344,38.7498482],[35.5541833,38.7533727],[35.5554472,38.7544472],[35.5601305,38.7584811],[35.5611497,38.7593528],[35.5628986,38.7608487],[35.5637151,38.7615722],[35.5638623,38.7617067],[35.5640034,38.7618451],[35.5641359,38.7619846],[35.5642623,38.7621275],[35.5643467,38.7622347],[35.5643759,38.7622717],[35.5644173,38.762331],[35.5644797,38.7624203],[35.5645734,38.762573],[35.5646832,38.7627671],[35.5647843,38.7629641],[35.5648322,38.7630635],[35.5648765,38.7631638],[35.5649356,38.7633143],[35.5649866,38.7634666],[35.5650296,38.7636204],[35.5650643,38.7637755],[35.5651011,38.7639759],[35.5651293,38.7641771],[35.5651487,38.7643789],[35.5651572,38.7645514],[35.5651583,38.7647241],[35.5651519,38.7648967],[35.565138,38.7650691],[35.5650032,38.7663646],[35.5650244,38.7667912],[35.5650431,38.7669231],[35.5650703,38.7670574],[35.5651068,38.7671977],[35.5651514,38.7673366],[35.5652245,38.7675212],[35.565309,38.7677161],[35.565441,38.767924],[35.5655236,38.7680374],[35.5655914,38.768131],[35.5656644,38.7682222],[35.5657551,38.7683244],[35.5658524,38.7684228],[35.5659561,38.7685171],[35.5663879,38.7688758],[35.5675104,38.7697589],[35.5680993,38.7702125],[35.5694523,38.7712835],[35.5697092,38.7715102],[35.5699597,38.7717319],[35.5702027,38.7719587],[35.5704381,38.7721903],[35.5706584,38.772419],[35.5708712,38.772652],[35.5710485,38.7728451],[35.5712199,38.7730414],[35.5714193,38.773278],[35.5717624,38.7737367],[35.5722358,38.7744174],[35.5731424,38.7757954],[35.5734656,38.7762607],[35.5735279,38.7763355],[35.573597,38.7764066],[35.5736728,38.7764734],[35.5737284,38.7765161],[35.5737429,38.7765273],[35.5738172,38.7765775],[35.5738954,38.776624],[35.5740059,38.776682],[35.574165,38.7767531],[35.5742989,38.7768033],[35.5744365,38.776847],[35.5745774,38.7768838],[35.5749621,38.7769748],[35.5784276,38.7777599],[35.5786857,38.7778184],[35.5788057,38.7778454],[35.5808407,38.7783233],[35.5829002,38.7787755],[35.5830462,38.7788061],[35.5858641,38.7793733],[35.5863511,38.7794713],[35.5866454,38.779525],[35.5869417,38.7795712],[35.5872741,38.7796141],[35.5876082,38.7796476],[35.5879886,38.7796786],[35.5883698,38.7797021],[35.5887775,38.7797377],[35.5893598,38.7797766],[35.5960625,38.7802646],[35.6005499,38.7806193],[35.6006426,38.7806363],[35.6007324,38.780661],[35.6008182,38.7806931],[35.600899,38.7807323],[35.6009323,38.7807527],[35.6009739,38.7807781],[35.6010421,38.78083],[35.6010986,38.7808831],[35.6011479,38.7809403],[35.6011897,38.7810011],[35.6012233,38.781065],[35.6012486,38.7811311],[35.601261,38.7811863],[35.6012659,38.7812423],[35.6012633,38.7812983],[35.601254,38.7813638],[35.6012379,38.7814284],[35.6012151,38.7814917],[35.6008032,38.7823979],[35.6006411,38.7827546],[35.6005539,38.7830996],[35.6005618,38.783158],[35.6005789,38.7832152],[35.600581,38.7832195],[35.6005946,38.7832482],[35.600605,38.7832702],[35.6006397,38.7833223],[35.6006776,38.7833658],[35.6007171,38.7834017],[35.6007215,38.7834056],[35.6007707,38.7834415],[35.6008248,38.7834728],[35.6008947,38.7835068],[35.6009682,38.7835358],[35.6010447,38.7835596],[35.6058117,38.784259],[35.6111404,38.7850373],[35.6112632,38.785055],[35.6119162,38.7851507],[35.6175833,38.7860022],[35.6176916,38.7860186],[35.6185293,38.786148],[35.6217863,38.7866885],[35.6221522,38.7867314],[35.6225193,38.7867682],[35.6230242,38.7868079],[35.6231338,38.7868152],[35.6240601,38.7868761],[35.6243997,38.7868985],[35.6248959,38.7868971],[35.6254694,38.7869493],[35.6259354,38.7869902]],[[35.5072284,38.7272277],[35.5123914,38.7287137],[35.5175561,38.730181],[35.5182356,38.7303735],[35.5192499,38.7306719],[35.523346,38.7318639]],[[35.5064116,38.7269908],[35.5068162,38.7271081],[35.5072284,38.7272277]],[[35.4984704,38.7247496],[35.4991723,38.7249405],[35.4997216,38.7250907],[35.5025307,38.7258683],[35.5064116,38.7269908]],[[35.4975479,38.7245171],[35.4982224,38.7246839],[35.4984704,38.7247496]],[[35.4872933,38.7219412],[35.4877348,38.7219487],[35.4878801,38.72195],[35.4880251,38.7219577],[35.4881693,38.7219717],[35.488343,38.7219971],[35.488514,38.7220317],[35.4886816,38.7220753],[35.4887827,38.7221029],[35.4888592,38.7221238],[35.4893515,38.7222559],[35.4905753,38.7225597],[35.4930428,38.7232728],[35.4975479,38.7245171]],[[35.4019146,38.7419424],[35.4036757,38.7408964],[35.404143,38.740613],[35.4042338,38.7405725],[35.4043275,38.7405362],[35.4044649,38.740492],[35.4046065,38.7404567],[35.4047334,38.7404281],[35.4048613,38.7404023],[35.405014,38.7403797],[35.4051684,38.7403657],[35.4054027,38.7403509],[35.4066696,38.7402708],[35.408359,38.7401641],[35.409307,38.7401042],[35.4094291,38.7400946],[35.4095498,38.7400777],[35.4096685,38.7400537],[35.4097845,38.7400226],[35.4098964,38.7399848],[35.4100043,38.7399405],[35.4101076,38.7398899],[35.4102056,38.7398332],[35.4103029,38.7397697],[35.4104327,38.739685],[35.411012,38.7393177],[35.4112628,38.7391642],[35.4117758,38.7388723],[35.4122708,38.7386471],[35.4147766,38.7375048],[35.4166521,38.7366498],[35.4178282,38.736169],[35.4201804,38.7352134],[35.4242425,38.7335069],[35.4250798,38.7331671],[35.4254191,38.7330524],[35.4255481,38.7330144],[35.4256792,38.7329809],[35.425812,38.732952],[35.426,38.7329192],[35.4261902,38.7328955],[35.4263361,38.7328831],[35.4264826,38.7328756],[35.4272706,38.7328822],[35.4275153,38.7328873],[35.4277597,38.7328994],[35.4280034,38.7329185],[35.4282091,38.73294],[35.4284139,38.7329666],[35.4286176,38.732998],[35.428851,38.7330384],[35.4294248,38.7331522],[35.429897,38.7332459],[35.4300684,38.7332782],[35.4302417,38.7333035],[35.430381,38.7333185],[35.430521,38.733329],[35.4308364,38.7333482],[35.4311696,38.7333655],[35.4314245,38.7333683],[35.4316936,38.7333626],[35.4318032,38.7333602],[35.4319288,38.7333495],[35.4320456,38.7333323],[35.4321605,38.7333083],[35.4322727,38.7332775],[35.4323817,38.7332403],[35.4324867,38.7331968],[35.4325252,38.7331834],[35.4358193,38.7320376],[35.4361916,38.7318858],[35.4363155,38.7318317],[35.4368683,38.7315823],[35.4382492,38.7309195],[35.4392842,38.730405],[35.4408883,38.7298082],[35.441249,38.7296588],[35.4420118,38.7293234],[35.4422454,38.7292176],[35.4424787,38.7291702],[35.4445982,38.7289346],[35.4446971,38.7289318],[35.4447959,38.7289374],[35.4448932,38.7289513],[35.4449885,38.7289735],[35.44508,38.7290036],[35.4451243,38.7290212],[35.4451668,38.7290413],[35.4452252,38.7290746],[35.4452788,38.7291125],[35.445327,38.7291546],[35.4453693,38.7292003],[35.4454843,38.7293311],[35.4455933,38.729465],[35.4457437,38.7296613],[35.4460198,38.7300216],[35.4460736,38.730064],[35.4461328,38.7301018],[35.4461968,38.7301346],[35.4462669,38.7301627],[35.4462764,38.7301656],[35.4463405,38.7301848],[35.4463708,38.7301926],[35.446378,38.7301945],[35.4464167,38.7302005],[35.4464645,38.7302029],[35.4465123,38.7301997],[35.4465589,38.7301911],[35.4508974,38.7282148],[35.4521406,38.7276383],[35.4523317,38.7275503],[35.4525258,38.7274662],[35.4527226,38.7273862],[35.4529099,38.7273148],[35.453098,38.7272475],[35.4533967,38.7271478],[35.4536976,38.7270556],[35.4539838,38.7269927],[35.4595207,38.725857],[35.4643879,38.7249053],[35.4660677,38.7245322],[35.468692,38.7239899],[35.4712859,38.7234538],[35.4714195,38.7234241],[35.471923,38.7233082],[35.4783162,38.7216084],[35.47849,38.7215585],[35.4810194,38.7208134],[35.4817696,38.7205895],[35.4818836,38.7205583],[35.4820008,38.7205356],[35.4821203,38.7205215],[35.4822302,38.7205163],[35.4822853,38.7205156],[35.4823402,38.7205183],[35.4824114,38.7205275],[35.4824201,38.7205286],[35.4824978,38.7205461],[35.4826039,38.7205706],[35.4827084,38.7205989],[35.4828416,38.7206413],[35.4829291,38.7206741],[35.4830973,38.7207444],[35.4832722,38.7208232],[35.4836227,38.7209588],[35.4839744,38.7210677],[35.4848789,38.7213323],[35.4852522,38.721439],[35.4860183,38.7216806],[35.4864272,38.721866],[35.4864818,38.7218895],[35.4865393,38.7219084],[35.4865989,38.7219225],[35.4866697,38.7219327],[35.4867416,38.7219362],[35.4868135,38.721933],[35.4872933,38.7219412]],[[35.3681677,38.7382836],[35.3685694,38.7383293],[35.3691872,38.7384091],[35.3695672,38.7384581],[35.3725822,38.7388072],[35.3727628,38.7388298],[35.374099,38.7389901],[35.3741933,38.7390008],[35.3742881,38.739007],[35.3743833,38.7390089],[35.3744931,38.7390057],[35.3746024,38.7389966],[35.3747106,38.7389817],[35.3748063,38.7389602],[35.3748987,38.7389311],[35.3749868,38.7388949],[35.3762086,38.7384158],[35.3764676,38.7383204],[35.3767316,38.7382338],[35.3769323,38.7381748],[35.3771353,38.7381208],[35.377352,38.7380631],[35.3775711,38.738011],[35.3778081,38.7379616],[35.3780472,38.7379189],[35.3799277,38.737579],[35.3802721,38.7375141],[35.3804507,38.7374972],[35.3806302,38.737489],[35.3807906,38.7374891],[35.3809507,38.7374963],[35.3810979,38.7375],[35.3812444,38.737511],[35.3813719,38.7375264],[35.3814981,38.7375474],[35.3816226,38.7375737],[35.3818362,38.7376231],[35.3820477,38.7376773],[35.3822326,38.7377329],[35.3823722,38.7377811],[35.3824137,38.7377954],[35.3841962,38.738442],[35.3844452,38.7385144],[35.3846964,38.7385821],[35.3849578,38.738647],[35.3852211,38.7387066],[35.3854863,38.738761],[35.3884511,38.7393661],[35.3887908,38.7394336],[35.3888667,38.7394515],[35.3889402,38.7394746],[35.3890108,38.7395027],[35.3890843,38.7395392],[35.389112,38.7395561],[35.3891529,38.7395811],[35.3892041,38.7396192],[35.3892508,38.7396606],[35.3893034,38.7397204],[35.3893481,38.739784],[35.3893843,38.7398508],[35.3893861,38.7398554],[35.3894117,38.7399201],[35.3894291,38.7399859],[35.3894385,38.7400527],[35.3894399,38.7401199],[35.3893876,38.7409274],[35.3893897,38.7410589],[35.3894024,38.74119],[35.3894204,38.741296],[35.3894453,38.7414013],[35.3894768,38.7414974],[35.3895164,38.7415916],[35.3896357,38.7418123],[35.3909768,38.7440226],[35.3911029,38.7442025],[35.3911669,38.7442562],[35.391237,38.744305],[35.3912971,38.7443402],[35.3913604,38.7443719],[35.3914311,38.7443987],[35.3914384,38.7444014],[35.39152,38.7444242],[35.3915899,38.7444379],[35.3916512,38.7444454],[35.3916612,38.7444466],[35.3917332,38.7444504],[35.39179,38.7444469],[35.3918457,38.7444378],[35.3918995,38.7444232],[35.3923628,38.7443142],[35.3940694,38.7438946],[35.3962865,38.7433496],[35.397719,38.7429974],[35.3998227,38.7424802],[35.4001674,38.7424086],[35.4003469,38.7423878],[35.4005265,38.7423808],[35.4006548,38.7423727],[35.4006998,38.7423699],[35.4008284,38.7423621],[35.400956,38.7423469],[35.4010936,38.7423219],[35.4012282,38.7422883],[35.4013349,38.7422553],[35.4014373,38.7422147],[35.4015394,38.7421743],[35.4019146,38.7419424]]]}},{"type":"Feature","properties":{"route":"tram","name":"T2: Talas > Cumhuriyet Meydanı","colour":"#dce3e9"},"geometry":{"type":"MultiLineString","coordinates":[[[35.4975326,38.7245542],[35.4930268,38.723299],[35.4904312,38.7225473],[35.4893282,38.7222871],[35.4888534,38.7221576],[35.488734,38.7221244],[35.4886119,38.7220891],[35.4884458,38.7220514],[35.4882766,38.722023],[35.488134,38.7220065],[35.4879903,38.7219968],[35.4878461,38.7219937],[35.4872983,38.7219855]],[[35.5072083,38.7272698],[35.5067962,38.7271502],[35.5063983,38.7270352]],[[35.5233352,38.7319079],[35.5192365,38.7307023],[35.518218,38.7304158],[35.5175363,38.7302189],[35.512374,38.7287444],[35.5072083,38.7272698]],[[35.5063983,38.7270352],[35.5029332,38.726027],[35.5024977,38.7258968],[35.4996841,38.7251153],[35.499146,38.7249763],[35.4984687,38.7248023]],[[35.4984687,38.7248023],[35.4982045,38.7247303],[35.4975326,38.7245542]],[[35.5276877,38.7222448],[35.5270667,38.7243165],[35.5267958,38.7250917],[35.5262339,38.7265502],[35.5259739,38.7271481],[35.5256646,38.7278235],[35.5255978,38.7279757],[35.5252643,38.7287526],[35.5251941,38.7289267],[35.5248211,38.7298519],[35.5247858,38.7299406],[35.5243405,38.7310615],[35.5240963,38.7316292],[35.5240544,38.7317028],[35.5240281,38.7317416],[35.5239965,38.7317781],[35.5239421,38.7318209],[35.5238826,38.7318552],[35.5238232,38.7318798],[35.5237331,38.7319016],[35.5236173,38.7319177],[35.5235698,38.7319186],[35.52354,38.7319191],[35.5233352,38.7319079]],[[35.5539056,38.689161],[35.5538428,38.6892673],[35.5537918,38.6893402],[35.5535388,38.6895924],[35.5526724,38.6904507],[35.5523398,38.6907853],[35.5514677,38.6916625],[35.5512831,38.6918482],[35.5511656,38.6919608],[35.5510436,38.6920704],[35.5509169,38.6921768],[35.5507777,38.6922862],[35.5506333,38.6923912],[35.5504838,38.6924919],[35.5503468,38.6925776],[35.5502059,38.6926593],[35.5500626,38.6927361],[35.5498578,38.6928362],[35.5495649,38.6929515],[35.5493929,38.6930012],[35.5460205,38.6939627],[35.5458441,38.6940119],[35.545238,38.6941809],[35.5434288,38.6946824],[35.5418073,38.6951358],[35.540977,38.6953728],[35.5404607,38.6955202],[35.5392962,38.6958667],[35.5386312,38.6960409],[35.5377616,38.6962817],[35.5340796,38.6973736],[35.5271418,38.6993897],[35.5270974,38.6994233],[35.5270594,38.6994613],[35.5270285,38.6995032],[35.5270199,38.6995197],[35.5270053,38.6995479],[35.5269903,38.6995948],[35.5269836,38.6996476],[35.5269873,38.6997005],[35.5270012,38.6997524],[35.5270252,38.699802],[35.5271872,38.7001512],[35.5273645,38.7005516],[35.5287197,38.703527],[35.5288623,38.7038379],[35.5289426,38.7040122],[35.5290395,38.7041915],[35.5291283,38.7043369],[35.5292246,38.7044793],[35.5293158,38.7045937],[35.529372,38.7046642],[35.5313596,38.7071062],[35.531387,38.7071573],[35.5314086,38.7072101],[35.531424,38.7072642],[35.5314346,38.7073335],[35.5314341,38.7074033],[35.5314226,38.7074725],[35.5314019,38.7075361],[35.5313718,38.7075974],[35.5313328,38.7076556],[35.5310792,38.7079778],[35.5306877,38.708475],[35.5306586,38.7085219],[35.5306358,38.7085708],[35.5306348,38.7085739],[35.5306195,38.7086213],[35.530611,38.708667],[35.5306099,38.7086728],[35.5306073,38.7087079],[35.5306078,38.7087431],[35.5306114,38.7088133],[35.5306207,38.7088832],[35.5306402,38.7089699],[35.5306684,38.7090552],[35.5307052,38.7091385],[35.5314952,38.7112343],[35.5315661,38.7114209],[35.5316553,38.711768],[35.5316972,38.7119313],[35.5317244,38.7120373],[35.5317193,38.712163],[35.531707,38.7122884],[35.5316828,38.712437],[35.5315728,38.7127572],[35.5310935,38.7140631],[35.530787,38.714893],[35.5304034,38.7159101],[35.5296618,38.7182195],[35.5295952,38.7184157],[35.5295196,38.7186098],[35.5294489,38.7187718],[35.5293721,38.7189321],[35.5292699,38.7191256],[35.5291589,38.7193161],[35.528499,38.72042],[35.5283787,38.7206065],[35.528266,38.7207985],[35.5281646,38.7209892],[35.5280712,38.7211849],[35.5280194,38.721304],[35.5279709,38.7214241],[35.5279056,38.7216029],[35.5278881,38.7216509],[35.5277648,38.7219879],[35.5276877,38.7222448]]]}},{"type":"Feature","properties":{"route":"tram","name":"T1: İldem 5 > Organize Sanayi","colour":"#dce3e9"},"geometry":{"type":"MultiLineString","coordinates":[[[35.6249755,38.7869641],[35.6258771,38.7870459],[35.6258833,38.7870042],[35.6249817,38.7869225],[35.6249755,38.7869641]],[[35.6181352,38.7861274],[35.619001,38.7862668],[35.6189961,38.7862854],[35.6181302,38.786146],[35.6181352,38.7861274]],[[35.6115097,38.7851357],[35.6124974,38.7852752],[35.6124927,38.7852939],[35.6115051,38.7851543],[35.6115097,38.7851357]],[[35.6052556,38.7842255],[35.606294,38.7843722],[35.6062896,38.7843909],[35.6052513,38.7842442],[35.6052556,38.7842255]],[[35.6006056,38.7826308],[35.600886,38.7820184],[35.6009105,38.7820252],[35.6006301,38.7826377],[35.6006056,38.7826308]],[[35.5953189,38.7802437],[35.5965875,38.7803451],[35.5965845,38.7803678],[35.5953159,38.7802663],[35.5953189,38.7802437]],[[35.5889665,38.7797947],[35.5898898,38.7798648],[35.5898862,38.7798934],[35.5889629,38.7798233],[35.5889665,38.7797947]],[[35.5803811,38.7782631],[35.5813228,38.77848],[35.581314,38.7785033],[35.5803723,38.7782865],[35.5803811,38.7782631]],[[35.5745668,38.7769459],[35.5752478,38.7771068],[35.5752522,38.7770956],[35.5745712,38.7769346],[35.5745668,38.7769459]],[[35.5710346,38.7729463],[35.5715802,38.7736],[35.5715659,38.7736072],[35.5710203,38.7729536],[35.5710346,38.7729463]],[[35.5671502,38.769535],[35.5677697,38.7700192],[35.5677479,38.7700362],[35.5671283,38.769552],[35.5671502,38.769535]],[[35.5649338,38.766324],[35.5649363,38.7664895],[35.5649475,38.7666544],[35.5649648,38.7668018],[35.5649892,38.7669491],[35.5650336,38.7672015],[35.5649995,38.7672051],[35.5649549,38.7669527],[35.5649304,38.7668048],[35.564913,38.7666563],[35.5649018,38.7664904],[35.5648992,38.7663243],[35.5649338,38.766324]],[[35.5597274,38.7582148],[35.5603313,38.7587363],[35.5603162,38.7587469],[35.5597123,38.7582254],[35.5597274,38.7582148]],[[35.5538102,38.753118],[35.554534,38.7537333],[35.5545116,38.7537493],[35.5537878,38.753134],[35.5538102,38.753118]],[[35.54863,38.7486158],[35.5492164,38.7491227],[35.5492283,38.7491145],[35.548642,38.7486076],[35.54863,38.7486158]],[[35.5423691,38.7430075],[35.5429994,38.7435586],[35.5430333,38.743535],[35.5424029,38.742984],[35.5423691,38.7430075]],[[35.5365936,38.737952],[35.5372404,38.7385113],[35.5372522,38.738503],[35.5366054,38.7379437],[35.5365936,38.737952]],[[35.5300286,38.7338274],[35.5308359,38.7340409],[35.5308423,38.7340261],[35.530035,38.7338127],[35.5300286,38.7338274]],[[35.5248541,38.7323512],[35.5256545,38.7325839],[35.5256597,38.7325729],[35.5248594,38.7323403],[35.5248541,38.7323512]],[[35.5188066,38.7306047],[35.5196083,38.7308364],[35.5196037,38.7308461],[35.518802,38.7306144],[35.5188066,38.7306047]],[[35.5121058,38.7286931],[35.5127837,38.728889],[35.5127791,38.7288987],[35.5121012,38.7287027],[35.5121058,38.7286931]],[[35.5063974,38.727025],[35.507212,38.7272617],[35.5072236,38.7272374],[35.506409,38.7270007],[35.5063974,38.727025]],[[35.4979669,38.7246519],[35.498499,38.7247921],[35.4985064,38.7247749],[35.4979743,38.7246347],[35.4979669,38.7246519]],[[35.4927096,38.7231995],[35.4933798,38.7233902],[35.4933864,38.723376],[35.4927163,38.7231853],[35.4927096,38.7231995]],[[35.4869249,38.7220136],[35.4876226,38.722024],[35.4876232,38.7219995],[35.4869255,38.7219892],[35.4869249,38.7220136]],[[35.4806884,38.7209541],[35.4813773,38.7207509],[35.481364,38.7207235],[35.4806751,38.7209267],[35.4806884,38.7209541]],[[35.470279,38.723733],[35.4711393,38.7235535],[35.4711447,38.7235692],[35.4702843,38.7237486],[35.470279,38.723733]],[[35.4656957,38.724663],[35.466636,38.7244609],[35.4666435,38.7244823],[35.4657033,38.7246843],[35.4656957,38.724663]],[[35.4591782,38.7259878],[35.4599578,38.7258281],[35.459962,38.7258404],[35.4591823,38.7260001],[35.4591782,38.7259878]],[[35.4528212,38.7274212],[35.4534201,38.7272031],[35.4534279,38.7272161],[35.452829,38.7274342],[35.4528212,38.7274212]],[[35.4454824,38.7293523],[35.4459627,38.7299716],[35.4459418,38.7299814],[35.4454616,38.7293621],[35.4454824,38.7293523]],[[35.4409207,38.7298635],[35.4415783,38.7295744],[35.4415879,38.7295877],[35.4409303,38.7298768],[35.4409207,38.7298635]],[[35.4359962,38.7320388],[35.436726,38.7317191],[35.436737,38.7317344],[35.4360072,38.7320542],[35.4359962,38.7320388]],[[35.4305275,38.7333858],[35.4312429,38.7334208],[35.4312414,38.7334394],[35.430526,38.7334044],[35.4305275,38.7333858]],[[35.4238147,38.7337726],[35.4246386,38.7334321],[35.4246516,38.7334511],[35.4238277,38.7337915],[35.4238147,38.7337726]],[[35.4174454,38.7363421],[35.4182482,38.7360103],[35.4182611,38.7360293],[35.4174583,38.7363611],[35.4174454,38.7363421]],[[35.4107716,38.739532],[35.4113618,38.739168],[35.4113777,38.7391836],[35.4107875,38.7395476],[35.4107716,38.739532]],[[35.4035156,38.7410496],[35.4040209,38.7407466],[35.404031,38.7407568],[35.4035257,38.7410599],[35.4035156,38.7410496]],[[35.399505,38.7426147],[35.4000994,38.7424801],[35.4001037,38.7424917],[35.3995093,38.7426263],[35.399505,38.7426147]],[[35.3919226,38.7444756],[35.3928442,38.7442624],[35.3928525,38.7442842],[35.3919309,38.7444974],[35.3919226,38.7444756]],[[35.3878643,38.7393003],[35.3885465,38.7394422],[35.3885415,38.7394566],[35.3878593,38.7393147],[35.3878643,38.7393003]],[[35.3795835,38.7376887],[35.3802942,38.7375579],[35.3803021,38.7375841],[35.3795914,38.737715],[35.3795835,38.7376887]],[[35.3681526,38.7383297],[35.3688963,38.7384214],[35.3689039,38.738384],[35.3681602,38.7382923],[35.3681526,38.7383297]],[[35.6259195,38.7870601],[35.6260208,38.7870692],[35.6261543,38.7870813],[35.6266241,38.7871038],[35.6268874,38.7871164],[35.6271514,38.787129],[35.6287809,38.7871669]],[[35.6259195,38.7870601],[35.6254532,38.7870134],[35.6243947,38.7869282],[35.6240563,38.7869059],[35.6231217,38.7868444],[35.6230116,38.7868371],[35.6225148,38.7867979],[35.6221469,38.7867611],[35.6217801,38.786718],[35.618521,38.7861773],[35.6176749,38.7860466],[35.6175679,38.7860304],[35.611905,38.7851795],[35.6112548,38.7850843],[35.6111325,38.7850667],[35.6058037,38.7842883],[35.6010334,38.7835883],[35.6009524,38.7835632],[35.6008758,38.783533],[35.6008031,38.7834976],[35.6007461,38.7834645],[35.6007166,38.7834431],[35.6006937,38.7834264],[35.600647,38.783384],[35.6006067,38.7833377],[35.6005698,38.7832823],[35.6005449,38.7832298],[35.6005421,38.7832238],[35.6005238,38.783163],[35.6005151,38.7830983],[35.6006039,38.7827467],[35.6007647,38.782393],[35.6011784,38.7814827],[35.6012005,38.7814215],[35.601216,38.7813592],[35.601225,38.7812961],[35.6012275,38.7812428],[35.6012228,38.7811899],[35.6012111,38.7811379],[35.6011871,38.7810749],[35.6011549,38.7810139],[35.601115,38.7809558],[35.6010678,38.780901],[35.6010138,38.7808503],[35.6009486,38.7808007],[35.600877,38.7807569],[35.6008581,38.7807477],[35.6007997,38.7807194],[35.6007176,38.7806887],[35.6006318,38.7806651],[35.6005543,38.7806509],[35.596058,38.7802939],[35.5893592,38.7798058],[35.5887725,38.779772],[35.588365,38.7797377],[35.5879714,38.7797172],[35.5874714,38.7796695],[35.5872684,38.7796499],[35.5870664,38.7796246],[35.5869049,38.7795999],[35.5867444,38.7795715],[35.5864234,38.7795148],[35.5858557,38.7794009],[35.5830364,38.7788351],[35.5828903,38.7788061],[35.5808238,38.778352],[35.5788134,38.7778909],[35.5786865,38.7778633],[35.5784137,38.7778005],[35.5749518,38.7770033],[35.574498,38.7768934],[35.5741793,38.7768152],[35.5740482,38.7767655],[35.5739557,38.776725],[35.5738406,38.7766654],[35.5737681,38.7766227],[35.573703,38.7765764],[35.5736689,38.7765468],[35.5736325,38.7765151],[35.5735662,38.776451],[35.5735107,38.7763916],[35.5734589,38.7763302],[35.5731337,38.7758451],[35.5721185,38.7743259],[35.5718301,38.7739061],[35.5715465,38.7735067],[35.5713705,38.7732966],[35.5710664,38.7729358],[35.5707157,38.7725364],[35.5705784,38.7723913],[35.5704381,38.7722478],[35.5701973,38.7720126],[35.5700641,38.7718881],[35.5699284,38.7717653],[35.5696716,38.7715321],[35.5693947,38.7712953],[35.5680484,38.770223],[35.5674804,38.7697804],[35.5662753,38.7688423],[35.5658307,38.7684664],[35.5657397,38.7683781],[35.5656545,38.7682863],[35.5655752,38.7681914],[35.5654957,38.7680845],[35.565396,38.7679441],[35.5652607,38.7677313],[35.5651826,38.7675282],[35.5651182,38.7673766],[35.5650884,38.7672728],[35.5650584,38.7671702],[35.5650327,38.7670668],[35.5650055,38.7669299],[35.5649858,38.7667923],[35.5649764,38.7666574],[35.5649706,38.7665215],[35.5649684,38.7663856],[35.5651018,38.7648098],[35.5651117,38.7646341],[35.5651119,38.7644584],[35.5651072,38.7643502],[35.5650988,38.7642421],[35.5650736,38.7640265],[35.5650503,38.7638846],[35.5650208,38.7637433],[35.5649851,38.763603],[35.564934,38.7634352],[35.5648741,38.7632692],[35.5648054,38.7631052],[35.564728,38.7629449],[35.564645,38.7627863],[35.5645566,38.7626294],[35.5644697,38.7624854],[35.5643736,38.762345],[35.5643677,38.7623372],[35.5643017,38.7622507],[35.564288,38.7622327],[35.5641966,38.7621233],[35.5641132,38.7620219],[35.5640249,38.761923],[35.5639263,38.7618216],[35.5638224,38.7617233],[35.5633369,38.7613003],[35.5628711,38.7608725],[35.5611224,38.7593782],[35.5600955,38.7585007],[35.5541506,38.7533867],[35.5501075,38.7498727],[35.5492768,38.749153],[35.5488641,38.7487767],[35.5432958,38.7438211],[35.5429723,38.7435664],[35.5426757,38.7433029],[35.5418182,38.7425412],[35.5412965,38.7420674],[35.5369746,38.7382345],[35.5340217,38.7356332],[35.5337875,38.735444],[35.5335456,38.7352608],[35.533367,38.7351328],[35.5331833,38.7350094],[35.5329947,38.7348905],[35.5328013,38.7347764],[35.5326178,38.7346749],[35.5324295,38.734579],[35.5322367,38.7344887],[35.5321067,38.7344322],[35.531975,38.7343783],[35.5317083,38.7342753],[35.5314214,38.7341749],[35.5312629,38.734125],[35.5311298,38.7340831],[35.5308339,38.7340002],[35.5304445,38.7338967],[35.5297984,38.7337249],[35.5296087,38.7336744],[35.5281084,38.7332494],[35.5272995,38.7330202],[35.5252898,38.7324508],[35.5244809,38.7322347],[35.5242016,38.732155],[35.5235656,38.7319736],[35.5233352,38.7319079]],[[35.5233352,38.7319079],[35.5192365,38.7307023],[35.518218,38.7304158],[35.5175363,38.7302189],[35.512374,38.7287444],[35.5072083,38.7272698]],[[35.5072083,38.7272698],[35.5067962,38.7271502],[35.5063983,38.7270352]],[[35.5063983,38.7270352],[35.5029332,38.726027],[35.5024977,38.7258968],[35.4996841,38.7251153],[35.499146,38.7249763],[35.4984687,38.7248023]],[[35.4975326,38.7245542],[35.4930268,38.723299],[35.4904312,38.7225473],[35.4893282,38.7222871],[35.4888534,38.7221576],[35.488734,38.7221244],[35.4886119,38.7220891],[35.4884458,38.7220514],[35.4882766,38.722023],[35.488134,38.7220065],[35.4879903,38.7219968],[35.4878461,38.7219937],[35.4872983,38.7219855]],[[35.4872983,38.7219855],[35.486725,38.7219769],[35.486664,38.7219709],[35.4866039,38.7219608],[35.4865453,38.7219466],[35.4864848,38.7219271],[35.486427,38.7219033],[35.4863723,38.7218754],[35.4859981,38.7217049],[35.48524,38.7214747],[35.4845635,38.721285],[35.4839294,38.7210939],[35.4836082,38.7209819],[35.4833064,38.7208685],[35.4829147,38.7207255],[35.4826467,38.7206533],[35.482574,38.7206309],[35.4824992,38.7206134],[35.4824227,38.720601],[35.482373,38.7205968],[35.4823238,38.7205927],[35.4822244,38.7205896],[35.482125,38.7205916],[35.4820114,38.7206002],[35.481899,38.7206156],[35.4817884,38.7206376],[35.4810404,38.7208581],[35.4785022,38.7215941],[35.4783317,38.7216431],[35.471923,38.7233515],[35.4714435,38.723471],[35.4713013,38.7235],[35.4706601,38.7236308],[35.4687077,38.7240322],[35.4660794,38.7245725],[35.4644848,38.7249417],[35.459532,38.7258923],[35.4539954,38.7270179],[35.4537445,38.7270828],[35.4534472,38.7271684],[35.4531221,38.7272865],[35.452323,38.7275996],[35.450863,38.7282651],[35.4466219,38.7302047],[35.4465614,38.7302234],[35.4464978,38.7302339],[35.4464328,38.7302361],[35.4463983,38.7302338],[35.4463641,38.730229],[35.4463136,38.7302196],[35.4462967,38.7302165],[35.4462727,38.7302099],[35.4462313,38.7301985],[35.4461686,38.7301754],[35.4460945,38.7301392],[35.446027,38.7300957],[35.4459675,38.7300457],[35.4456912,38.7296854],[35.4453666,38.7292621],[35.4453238,38.7292114],[35.4452745,38.7291645],[35.4452191,38.7291219],[35.4451619,38.7290859],[35.4451,38.7290551],[35.4450341,38.7290298],[35.4449904,38.7290167],[35.4449457,38.7290061],[35.4448552,38.7289879],[35.4447632,38.7289754],[35.4446655,38.7289685],[35.4445675,38.7289679],[35.4444697,38.7289737],[35.4443589,38.7289895],[35.4424451,38.7292223],[35.4422664,38.7292625],[35.4420543,38.7293557],[35.4412736,38.7296825],[35.4408927,38.7298469],[35.4393144,38.7304396],[35.4382743,38.7309484],[35.4369246,38.731596],[35.4363367,38.7318647],[35.436046,38.7319884],[35.4325477,38.7332164],[35.4322788,38.7333108],[35.432152,38.7333467],[35.4320221,38.7333752],[35.4318899,38.733396],[35.4317727,38.733408],[35.4317054,38.7334114],[35.4316547,38.7334139],[35.4315365,38.7334138],[35.4308344,38.7333787],[35.4306675,38.7333704],[35.4305352,38.7333646],[35.4304033,38.7333552],[35.430253,38.7333401],[35.4301035,38.7333202],[35.4294113,38.7331854],[35.4289006,38.7330859],[35.4286558,38.7330398],[35.4284089,38.7330015],[35.4281603,38.7329708],[35.4279479,38.7329508],[35.4277348,38.7329365],[35.4275212,38.7329278],[35.4273073,38.7329248],[35.4265147,38.7329059],[35.4263438,38.7329147],[35.4261737,38.7329311],[35.4260051,38.7329551],[35.4259101,38.7329721],[35.4258159,38.7329915],[35.4256293,38.7330355],[35.4254459,38.7330869],[35.4252941,38.7331359],[35.4251452,38.7331899],[35.4242752,38.7335562],[35.4202006,38.7352455],[35.4178556,38.7362119],[35.4167056,38.7366752],[35.4148077,38.7375416],[35.4123016,38.7386856],[35.4118272,38.7388969],[35.4114166,38.7391271],[35.4110434,38.7393531],[35.4104628,38.7397136],[35.4103294,38.7397981],[35.4102029,38.7398782],[35.4100945,38.739938],[35.4099802,38.7399907],[35.4098609,38.7400362],[35.4097565,38.7400687],[35.4096495,38.7400956],[35.4095404,38.7401167],[35.4083622,38.7401947],[35.4066743,38.7403065],[35.4054075,38.7403903],[35.4052076,38.7404058],[35.4050155,38.7404253],[35.4048603,38.7404444],[35.404707,38.7404713],[35.4045965,38.740496],[35.4044882,38.740526],[35.4043825,38.7405613],[35.4042714,38.7406054],[35.4041711,38.7406482],[35.4037031,38.7409221],[35.4019372,38.741962]],[[35.4019372,38.741962],[35.4017104,38.7421062],[35.401549,38.7422072],[35.4014532,38.7422524],[35.4013478,38.7423022],[35.4012403,38.7423395],[35.4011328,38.7423688],[35.4010226,38.7423912],[35.4009104,38.7424065],[35.4007491,38.742421],[35.400668,38.7424263],[35.4005482,38.7424342],[35.4003954,38.7424389],[35.4002265,38.7424513],[35.4000588,38.7424713],[35.3998397,38.7425241],[35.3977366,38.7430391],[35.3963034,38.7433901],[35.3940869,38.7439328],[35.3923761,38.7443518],[35.3919518,38.7444546],[35.39187,38.7444753],[35.3917855,38.7444877],[35.3916996,38.7444916],[35.3916138,38.744487],[35.3915514,38.7444775],[35.3915367,38.7444753],[35.3914602,38.7444575],[35.3913885,38.7444347],[35.3913142,38.7444039],[35.3912438,38.7443679],[35.391178,38.744327],[35.391119,38.7442828],[35.3910652,38.7442347],[35.3910173,38.744183],[35.3909755,38.7441282],[35.3895526,38.741782],[35.3894929,38.7416704],[35.3894426,38.7415561],[35.3894037,38.7414449],[35.3893729,38.7413322],[35.3893484,38.7412072],[35.389334,38.7410812],[35.3893688,38.7401711],[35.3893646,38.7400844],[35.389353,38.7399982],[35.389334,38.7399127],[35.3893146,38.7398485],[35.3893085,38.7398356],[35.3892852,38.7397865],[35.3892463,38.7397279],[35.3891983,38.7396734],[35.3891422,38.739624],[35.3891096,38.7396015],[35.3890833,38.7395832],[35.3890187,38.7395479],[35.3889494,38.7395187],[35.3888762,38.7394958],[35.3888002,38.7394797],[35.3884353,38.7394057],[35.384789,38.7386449],[35.3841688,38.7384706],[35.3823521,38.7378146],[35.3819673,38.7376898],[35.3817941,38.7376432],[35.3816177,38.7376044],[35.3814387,38.7375735],[35.3812578,38.7375507],[35.3810805,38.7375363],[35.3809024,38.7375287],[35.3807592,38.7375276],[35.3806161,38.7375311],[35.3804733,38.7375392],[35.3802932,38.7375442],[35.3801037,38.7375822],[35.3799378,38.7376125],[35.3781304,38.7379346],[35.3779113,38.73797],[35.3776945,38.7380131],[35.3774697,38.7380664],[35.3772466,38.738124],[35.3769565,38.7382057],[35.3766699,38.7382945],[35.3750338,38.73892],[35.3749491,38.7389508],[35.3748623,38.7389777],[35.3747736,38.7390006],[35.3746719,38.7390214],[35.3745684,38.7390361],[35.3744638,38.7390445],[35.3743557,38.7390466],[35.3742478,38.7390421],[35.3741406,38.7390309],[35.3727326,38.7388697],[35.3725564,38.7388483],[35.3695489,38.7385122],[35.3691828,38.7384668],[35.36856,38.7383876],[35.3681487,38.7383372]],[[35.4984687,38.7248023],[35.4982045,38.7247303],[35.4975326,38.7245542]]]}},{"type":"Feature","properties":{"route":"tram","name":"T2: Cumhuriyet Meydanı > Talas","colour":"#dce3e9"},"geometry":{"type":"MultiLineString","coordinates":[[[35.4869273,38.7219159],[35.487625,38.7219262],[35.4876256,38.7219018],[35.4869279,38.7218914],[35.4869273,38.7219159]],[[35.4927096,38.7231995],[35.4933798,38.7233902],[35.4933864,38.723376],[35.4927163,38.7231853],[35.4927096,38.7231995]],[[35.4979669,38.7246519],[35.498499,38.7247921],[35.4985064,38.7247749],[35.4979743,38.7246347],[35.4979669,38.7246519]],[[35.5063974,38.727025],[35.507212,38.7272617],[35.5072236,38.7272374],[35.506409,38.7270007],[35.5063974,38.727025]],[[35.512146,38.7286085],[35.5128239,38.7288044],[35.5128193,38.7288141],[35.5121414,38.7286181],[35.512146,38.7286085]],[[35.5188447,38.7305245],[35.5196465,38.7307559],[35.5196412,38.7307671],[35.5188393,38.7305357],[35.5188447,38.7305245]],[[35.5241399,38.7313754],[35.5243967,38.73079],[35.5244311,38.7307992],[35.5241744,38.7313846],[35.5241399,38.7313754]],[[35.5260213,38.726797],[35.5258244,38.7272669],[35.5258538,38.7272744],[35.5260507,38.7268045],[35.5260213,38.726797]],[[35.5281271,38.720939],[35.5284618,38.7203449],[35.5284263,38.7203327],[35.5280916,38.7209268],[35.5281271,38.720939]],[[35.5309222,38.7143448],[35.5311326,38.7137632],[35.5311011,38.7137563],[35.5308907,38.7143378],[35.5309222,38.7143448]],[[35.5307191,38.7083452],[35.5312317,38.7076905],[35.531207,38.7076787],[35.5306944,38.7083334],[35.5307191,38.7083452]],[[35.5286772,38.70363],[35.5288769,38.7040594],[35.528899,38.7040531],[35.5286993,38.7036237],[35.5286772,38.70363]],[[35.5272967,38.7004893],[35.5270345,38.69991],[35.5270592,38.6999032],[35.5273214,38.7004825],[35.5272967,38.7004893]],[[35.533614,38.697411],[35.5345472,38.697137],[35.534556,38.6971554],[35.5336228,38.6974293],[35.533614,38.697411]],[[35.5390591,38.6959225],[35.5398489,38.6956961],[35.5398392,38.6956756],[35.5390494,38.695902],[35.5390591,38.6959225]],[[35.5448286,38.694281],[35.5456671,38.6940474],[35.5456582,38.694028],[35.5448197,38.6942616],[35.5448286,38.694281]],[[35.5504412,38.6925043],[35.5504227,38.6924862],[35.5502867,38.6925707],[35.5501465,38.692651],[35.5500413,38.692707],[35.5499339,38.6927604],[35.5498223,38.692812],[35.5497086,38.6928606],[35.5497233,38.6928815],[35.5498371,38.6928328],[35.5499477,38.6927817],[35.5500542,38.6927288],[35.5501584,38.6926732],[35.5502976,38.6925935],[35.5504412,38.6925043]],[[35.4984704,38.7247496],[35.4991723,38.7249405],[35.4997216,38.7250907],[35.5025307,38.7258683],[35.5064116,38.7269908]],[[35.5064116,38.7269908],[35.5068162,38.7271081],[35.5072284,38.7272277]],[[35.4872933,38.7219412],[35.4877348,38.7219487],[35.4878801,38.72195],[35.4880251,38.7219577],[35.4881693,38.7219717],[35.488343,38.7219971],[35.488514,38.7220317],[35.4886816,38.7220753],[35.4887827,38.7221029],[35.4888592,38.7221238],[35.4893515,38.7222559],[35.4905753,38.7225597],[35.4930428,38.7232728],[35.4975479,38.7245171]],[[35.4975479,38.7245171],[35.4982224,38.7246839],[35.4984704,38.7247496]],[[35.5072284,38.7272277],[35.5123914,38.7287137],[35.5175561,38.730181],[35.5182356,38.7303735],[35.5192499,38.7306719],[35.523346,38.7318639]],[[35.523346,38.7318639],[35.5235158,38.731881],[35.5235828,38.7318794],[35.5236334,38.7318782],[35.5237725,38.7318458],[35.5238359,38.7318213],[35.5238806,38.7317985],[35.5239272,38.7317639],[35.5239531,38.7317373],[35.5239843,38.7316876],[35.5240339,38.7315964],[35.5242595,38.7310538],[35.5247409,38.7299256],[35.5247752,38.7298394],[35.5251474,38.7289161],[35.5252194,38.7287375],[35.5255527,38.7279635],[35.5256194,38.7278091],[35.5259292,38.7271327],[35.5261888,38.7265356],[35.5267502,38.7250785],[35.5270205,38.7243049],[35.5276413,38.7222337]],[[35.5276413,38.7222337],[35.5277314,38.721942],[35.5278378,38.7216383],[35.5278557,38.7215917],[35.5279256,38.72141],[35.5279744,38.7212891],[35.5280268,38.7211688],[35.5281209,38.7209716],[35.5282231,38.7207794],[35.5283367,38.7205857],[35.5284572,38.7203991],[35.5291165,38.719296],[35.529227,38.7191065],[35.5293283,38.7189146],[35.5294045,38.7187557],[35.5294746,38.7185951],[35.5295495,38.7184026],[35.5296157,38.7182076],[35.5303576,38.7158975],[35.5307414,38.7148796],[35.5310479,38.7140498],[35.5315271,38.7127444],[35.5316358,38.7124278],[35.5316592,38.7122836],[35.5316714,38.7121604],[35.5316762,38.7120413],[35.5316477,38.7119302],[35.5316345,38.7118787],[35.5315199,38.7114324],[35.5314541,38.7112594],[35.53066,38.7091531],[35.5306229,38.709069],[35.5305935,38.7089801],[35.5305732,38.7088898],[35.5305635,38.7088167],[35.5305599,38.7087443],[35.5305593,38.7087068],[35.5305622,38.708668],[35.5305637,38.7086597],[35.5305726,38.708612],[35.530587,38.7085673],[35.5305904,38.7085567],[35.5306154,38.7085032],[35.5306472,38.708452],[35.5310402,38.7079527],[35.5312928,38.7076319],[35.5313291,38.7075777],[35.5313567,38.7075216],[35.5313756,38.7074634],[35.5313862,38.7074],[35.5313866,38.7073362],[35.5313768,38.7072723],[35.5313626,38.7072226],[35.5313427,38.7071738],[35.5313184,38.7071284],[35.5293334,38.7046897],[35.5292769,38.7046188],[35.5291847,38.7045032],[35.5290868,38.7043584],[35.5289969,38.7042111],[35.528909,38.7040278],[35.5288245,38.7038429],[35.5286746,38.7035416],[35.5273184,38.7005639],[35.5271425,38.7001668],[35.526981,38.6998187],[35.5269555,38.6997658],[35.5269396,38.6997068],[35.5269354,38.6996465],[35.526943,38.6995866],[35.5269589,38.6995371],[35.5269865,38.6994821],[35.5270217,38.6994345],[35.527065,38.6993912],[35.5271216,38.6993484],[35.5340713,38.6973287],[35.5377642,38.6962336],[35.5386548,38.6959879],[35.5392781,38.6958248],[35.5404422,38.695485],[35.5409602,38.6953352],[35.5417891,38.6950956],[35.543407,38.6946412],[35.5452307,38.6941357],[35.5458248,38.6939701],[35.5459983,38.6939217],[35.547346,38.6935459],[35.5493785,38.6929581],[35.5495426,38.6929107],[35.54984,38.6927949],[35.5500413,38.6926966],[35.5501836,38.6926203],[35.5503227,38.6925396],[35.5504579,38.6924551],[35.5506057,38.6923555],[35.5507484,38.6922517],[35.5508861,38.6921436],[35.5510113,38.6920384],[35.5511321,38.69193],[35.5512484,38.6918183],[35.5514266,38.6916391],[35.5522998,38.6907608],[35.5526375,38.6904212],[35.5535039,38.6895628],[35.5538103,38.6892573],[35.5539056,38.689161]],[[35.555462,38.6876304],[35.5545846,38.6884892],[35.5543704,38.688699],[35.5539056,38.689161]],[[35.5539106,38.6891695],[35.5549202,38.6881717],[35.5549483,38.688189],[35.5539387,38.6891868],[35.5539106,38.6891695]]]}},{"type":"Feature","properties":{"route":"subway","name":"M7 Mecidiyeköy - Mahmutbey Metro Hattı","colour":null},"geometry":{"type":"MultiLineString","coordinates":[[[28.9903368,41.0664556],[28.9906505,41.0663612],[28.991185,41.0662076],[28.9917923,41.0660677],[28.9931252,41.0657886],[28.9944582,41.0655245],[28.9955607,41.0653135]],[[28.9768777,41.0773104],[28.9770706,41.0768941],[28.9772347,41.0763782],[28.97788,41.0742155],[28.9780518,41.0737218],[28.9782793,41.0733221],[28.978514,41.0729739],[28.978828,41.0725567],[28.9791325,41.0721926],[28.9795048,41.0717908],[28.9806277,41.0707989],[28.9815569,41.0699832],[28.9822884,41.0693859],[28.9826715,41.0690676],[28.983083,41.0687741],[28.9834923,41.068521],[28.9840531,41.0682658],[28.9846776,41.0680245],[28.9848226,41.0679769],[28.9852735,41.0678287],[28.9858751,41.0676632],[28.9867409,41.0674512],[28.9875649,41.0672487],[28.988274,41.0670765],[28.9893821,41.066743],[28.9903368,41.0664556]],[[28.9756957,41.0786108],[28.9758323,41.078506],[28.9761409,41.0782591],[28.9764069,41.077991],[28.9765653,41.0777997],[28.9767355,41.0775328],[28.9768777,41.0773104]],[[28.9698755,41.0807912],[28.9717446,41.0801643],[28.9731572,41.079665],[28.9747216,41.0791121],[28.9751007,41.0789509],[28.9754098,41.0787939],[28.9756957,41.0786108]],[[28.969617,41.0808702],[28.9698755,41.0807912]],[[28.9526761,41.0789609],[28.9536522,41.0789048],[28.955418,41.0788589],[28.9576489,41.0787746],[28.9589939,41.078755],[28.9596428,41.0787706],[28.9601544,41.0788326],[28.9606038,41.0789384],[28.9622699,41.0795387],[28.9632821,41.0799595],[28.9644956,41.0804591],[28.9652074,41.0807187],[28.9657916,41.0808968],[28.9663906,41.0810425],[28.9670582,41.0811229],[28.967682,41.08116],[28.9681803,41.0811423],[28.9686193,41.0811038],[28.969129,41.0810011],[28.969617,41.0808702]],[[28.9522024,41.0789872],[28.9523583,41.0789785],[28.9526761,41.0789609]],[[28.9469951,41.0793774],[28.9477891,41.0792966],[28.9485245,41.0792398],[28.9495879,41.0791653],[28.9508307,41.0790782],[28.9522024,41.0789872]],[[28.9469951,41.0793774],[28.9449206,41.0796693],[28.943173,41.0799041],[28.9411298,41.0802068],[28.9402489,41.0803177],[28.9393307,41.0803972],[28.9386979,41.0804162],[28.9380332,41.08041],[28.9374381,41.0803841],[28.9361933,41.0802839],[28.9349163,41.0801857],[28.9339189,41.0800911],[28.9329824,41.0799767],[28.9319897,41.0798534],[28.9309912,41.0797546],[28.9302398,41.0797234],[28.9292479,41.0797326],[28.9281764,41.0797574],[28.926865,41.0797944],[28.9259123,41.0798701],[28.9254325,41.0799639],[28.9250806,41.0800606],[28.9246896,41.0802205],[28.9241483,41.0805415],[28.9234132,41.0810454],[28.9229029,41.0813978],[28.9226106,41.0815559],[28.9221939,41.0817087],[28.9218882,41.0818011],[28.921458,41.0818935],[28.9205109,41.0820508],[28.9197795,41.0821771],[28.919608,41.0822067],[28.9183405,41.0824149],[28.9173543,41.0825721],[28.9157502,41.0828795],[28.9151746,41.083018],[28.9145248,41.0832269],[28.9139531,41.0835113],[28.9134521,41.0838307],[28.9129366,41.0841591],[28.9124501,41.0844547],[28.9121572,41.0846055],[28.9116181,41.0848055],[28.9109588,41.0849963],[28.9098465,41.0852223],[28.9085465,41.0854613],[28.9067127,41.0857974],[28.9060372,41.085872],[28.9054513,41.0858718],[28.9048128,41.0858072],[28.9043222,41.0857243],[28.9037932,41.0856002],[28.9032525,41.0854126],[28.9028707,41.0852207],[28.9025437,41.085033],[28.9021695,41.0847731],[28.9018783,41.0845653],[28.9015317,41.0843247],[28.9004362,41.0835503],[28.8999306,41.0832334],[28.8995623,41.0830564],[28.8991775,41.0829083],[28.8985835,41.0827445],[28.8980041,41.0826522],[28.8975345,41.0826223],[28.8970759,41.0826419],[28.8965717,41.0827325],[28.8961373,41.082847],[28.8956189,41.0830101],[28.8947659,41.0832959],[28.8940092,41.0835764],[28.8928118,41.0839716],[28.8922861,41.0841451],[28.8917734,41.0843178],[28.887978,41.0855836],[28.8871819,41.0857898],[28.886436,41.0859352],[28.8858549,41.0860088],[28.8845371,41.086069],[28.8834307,41.0860702],[28.8822292,41.0860236],[28.8814619,41.085935],[28.8807818,41.0858332],[28.8799348,41.085623],[28.8790772,41.085275],[28.8785223,41.0849514],[28.877924,41.0844861],[28.8756875,41.0821733]],[[28.8756875,41.0821733],[28.8749302,41.0813391],[28.874081,41.080406],[28.8737099,41.0798802],[28.8734577,41.079444],[28.8731475,41.0788006],[28.8727449,41.0780825],[28.871337,41.0756683],[28.8708534,41.0749128],[28.8705515,41.0745457],[28.8703129,41.074295],[28.8699742,41.0739866],[28.8694549,41.0735633],[28.8692356,41.0733926],[28.8689614,41.0731839],[28.868604,41.0729119],[28.867529,41.0720359],[28.8667234,41.0713794],[28.8658625,41.0706912],[28.8651207,41.0700895],[28.8648644,41.0699055],[28.8640664,41.0693296],[28.8635906,41.069055],[28.8630116,41.0687575],[28.8580746,41.0666723],[28.8576822,41.0664546],[28.8573744,41.0662562],[28.857015,41.0659724],[28.8567043,41.0656521],[28.8563985,41.065305],[28.8561331,41.0648706],[28.8558677,41.0643413],[28.8555906,41.0637057],[28.8552786,41.0628956],[28.8549412,41.0620603],[28.8543873,41.0606263],[28.8539857,41.059457],[28.8537908,41.0589574],[28.8536589,41.0587142],[28.8535112,41.0585009],[28.8532894,41.0583023],[28.8529051,41.0581089],[28.8523394,41.0578987],[28.8516759,41.0577119],[28.8509093,41.0575371],[28.8494142,41.0572503],[28.8490299,41.0571848],[28.8479518,41.0570155],[28.8468497,41.0568429],[28.845906,41.056679],[28.8450426,41.056465],[28.8441458,41.0561997],[28.8431783,41.0559023],[28.8391303,41.0546798],[28.8382577,41.0544442],[28.837779,41.0543574],[28.8374986,41.0543066],[28.8368862,41.0542617],[28.8362766,41.0542709],[28.8354133,41.0543536],[28.8333712,41.0547042]],[[28.8333712,41.0547042],[28.832061,41.0549537],[28.8310713,41.0551514],[28.8295058,41.0554636]]]}},{"type":"Feature","properties":{"route":"subway","name":"M7 Mahmutbey - Mecidiyeköy Metro Hattı","colour":null},"geometry":{"type":"MultiLineString","coordinates":[[[28.8294304,41.0552412],[28.8309613,41.0549348],[28.8319482,41.0547347],[28.8333227,41.0544716]],[[28.8333227,41.0544716],[28.8354444,41.0541407],[28.8362884,41.0540639],[28.8369395,41.0540844],[28.8375578,41.054147],[28.8383168,41.0542919],[28.8388496,41.054448],[28.8403271,41.0548915],[28.8426898,41.0556122],[28.8431205,41.0557439],[28.8434448,41.0558327],[28.8441641,41.0560177],[28.8449636,41.056181],[28.8456891,41.0563131],[28.8462328,41.0563954],[28.8465154,41.0564382],[28.846832,41.056496],[28.8479701,41.0566697],[28.849499,41.0569206],[28.8507424,41.0571647],[28.8515441,41.0573383],[28.8523382,41.0575459],[28.8530552,41.0577772],[28.8533704,41.0579533],[28.8536062,41.0580994],[28.8538898,41.0583866],[28.8540632,41.0586887],[28.8542705,41.0591323],[28.8546096,41.0599641],[28.8553689,41.0619436],[28.8557021,41.0627712],[28.8560704,41.0636648],[28.8562857,41.0642202],[28.8564837,41.0646955],[28.8567584,41.0651779],[28.8570575,41.0655927],[28.857364,41.0658776],[28.8577443,41.0661641],[28.8583168,41.0664806],[28.8631239,41.0685424],[28.8635795,41.0687642],[28.8639833,41.0689868],[28.8642173,41.0691356],[28.8644354,41.0692724],[28.865386,41.0700018],[28.8659325,41.0704469],[28.866339,41.0707753],[28.866905,41.071239],[28.8681322,41.0722304],[28.8687688,41.0727739],[28.8691402,41.0730657],[28.8696175,41.0734387],[28.8701264,41.0738389],[28.8705631,41.0742414],[28.8708734,41.0745709],[28.8712314,41.075056],[28.8719135,41.0762374],[28.8728614,41.0778568],[28.873329,41.0786077],[28.873744,41.0792214],[28.8742514,41.0799227],[28.8752825,41.0810839],[28.876115,41.0820042]],[[28.876115,41.0820042],[28.8773083,41.0832914],[28.8780167,41.084016],[28.8783446,41.0842951],[28.8786725,41.0845742],[28.8792909,41.0849763],[28.8799872,41.0852998],[28.8806498,41.0855081],[28.8813995,41.0856638],[28.8827083,41.0857995],[28.8837669,41.0858148],[28.8850346,41.0857908],[28.8861843,41.0857242],[28.8870645,41.0856062],[28.887861,41.0854154],[28.8916607,41.0841556],[28.8926804,41.0838186],[28.8938516,41.0834315],[28.8946765,41.083153],[28.895529,41.0828652],[28.8960137,41.082693],[28.896447,41.0825673],[28.8969391,41.0824742],[28.8974476,41.0824352],[28.898,41.0824624],[28.8984706,41.0825419],[28.8988754,41.0826297],[28.8993532,41.0827775],[28.8997818,41.0829419],[28.9001816,41.0831204],[28.9006913,41.0834644],[28.9026061,41.0847866],[28.902967,41.0850174],[28.9034102,41.0852399],[28.9038949,41.0854186],[28.9044235,41.0855476],[28.9049272,41.0856333],[28.9054583,41.0856776],[28.906057,41.0856689],[28.9066373,41.0856147],[28.9080199,41.0853532],[28.9084864,41.085265],[28.9098952,41.084996],[28.9108807,41.084794],[28.9115022,41.0846199],[28.9119499,41.0844567],[28.912389,41.0842373],[28.9132685,41.0836586],[28.9138426,41.0833188],[28.9143789,41.0830458],[28.9150281,41.0828378],[28.9158154,41.0826483],[28.9172598,41.0824074],[28.9182989,41.0822319],[28.9195387,41.0820326],[28.9204362,41.0818824],[28.9214424,41.0816922],[28.9220586,41.0815177],[28.92251,41.0813214],[28.9229705,41.0810254],[28.9238403,41.0804168],[28.923949,41.0803433],[28.9243619,41.0800642],[28.9246262,41.0799157],[28.9248801,41.0797908],[28.9251341,41.0796948],[28.9253357,41.0796382],[28.9256935,41.0795636],[28.9258609,41.0795358],[28.9258904,41.0795309],[28.9260722,41.0795007],[28.9267761,41.0794511],[28.9281235,41.0794137],[28.9292695,41.0793808],[28.9303691,41.0793656],[28.9312313,41.0794122],[28.9321346,41.0795091],[28.9329159,41.079606],[28.9338393,41.0797283],[28.9348847,41.0798441],[28.9362244,41.0799528],[28.9374681,41.0800517],[28.9384134,41.0801129],[28.939338,41.0801197],[28.9402551,41.0800837],[28.9412117,41.079981],[28.9422216,41.0798502],[28.94291,41.0797704],[28.9447753,41.0795565],[28.946988,41.0793374]],[[28.946988,41.0793374],[28.9477827,41.0792564],[28.9485193,41.0791995],[28.9495739,41.0791256],[28.9508259,41.0790379],[28.9521969,41.0789458]],[[28.9521969,41.0789458],[28.9526719,41.0789206]],[[28.9526719,41.0789206],[28.9534683,41.0788615],[28.9536593,41.0788548],[28.9549006,41.0787412],[28.9560118,41.0786433],[28.9589329,41.0785453],[28.9597648,41.0785546],[28.9603471,41.0786072],[28.9608937,41.0787078],[28.9614933,41.0788586],[28.9625073,41.0792356],[28.9635883,41.0796801],[28.9647403,41.0801272],[28.9656583,41.0804742],[28.966643,41.0808217],[28.9671874,41.0809525],[28.9677598,41.0810151],[28.9682497,41.0810169],[28.968645,41.0809903],[28.9691434,41.0809189],[28.9695931,41.0808226]],[[28.9695931,41.0808226],[28.9698586,41.0807437]],[[28.9698586,41.0807437],[28.9717224,41.0801275],[28.9731331,41.0796289],[28.974697,41.0790762],[28.9750725,41.0789165],[28.9753854,41.0787567],[28.975655,41.078578]],[[28.975655,41.078578],[28.975794,41.0784777],[28.9760998,41.0782331],[28.9763626,41.0779682],[28.9765182,41.0777802],[28.9766872,41.0775153],[28.9768293,41.0772929]],[[28.9893473,41.0666744],[28.9881378,41.0670259],[28.9875441,41.0671531],[28.9870531,41.067255],[28.9864126,41.0673699],[28.9857069,41.0674911],[28.9852349,41.0675957],[28.984648,41.0677609],[28.98421,41.0679042],[28.9837146,41.0681168],[28.9833306,41.0682948],[28.9828777,41.0685334],[28.9825344,41.0687405],[28.9822255,41.0689476],[28.9817253,41.0693006],[28.9810905,41.069848],[28.9802811,41.0705463],[28.9794571,41.0712414],[28.9789412,41.0717901],[28.9786306,41.0722266],[28.9783733,41.0726714],[28.9782624,41.0728946],[28.9781468,41.0731385],[28.97793,41.0736296],[28.977685,41.0743321],[28.9771536,41.0763356],[28.9770259,41.076771],[28.9768293,41.0772929]],[[28.9954199,41.0649724],[28.9942886,41.0651976],[28.9930347,41.0655153],[28.991634,41.0659772],[28.9906188,41.0663049],[28.9902934,41.0663995],[28.9893473,41.0666744]]]}},{"type":"Feature","properties":{"route":"tram","name":"T1B Expo - Fatih","colour":null},"geometry":{"type":"MultiLineString","coordinates":[[[30.8777967,36.9452145],[30.8772764,36.9452552],[30.8761093,36.9453578],[30.8754712,36.9454138],[30.8750796,36.9454353],[30.8747229,36.9454524],[30.874378,36.9454809],[30.87407,36.9455064],[30.8736849,36.9455382]],[[30.8736849,36.9455382],[30.8724886,36.9456389]],[[30.8724886,36.9456389],[30.8700022,36.945849],[30.8695731,36.9458876],[30.8692378,36.9459305],[30.8687738,36.9459905],[30.8677304,36.9460719],[30.8666199,36.9461641],[30.8563524,36.9470559],[30.8560547,36.947088],[30.8557034,36.9471309],[30.8553681,36.9471673],[30.8544964,36.9472252],[30.8538634,36.9472659],[30.8534583,36.9472852],[30.8532169,36.9472981],[30.8526295,36.9473452],[30.8519317,36.9473945],[30.8516721,36.9474128],[30.84976,36.9475591],[30.8489361,36.9476175],[30.8482227,36.9476839],[30.8471792,36.9477906]],[[30.8471792,36.9477906],[30.8469406,36.947819],[30.8463706,36.9478855],[30.8457671,36.9479401],[30.8450929,36.9479801],[30.8447814,36.9479818],[30.8445011,36.9479798],[30.8438828,36.9479884]],[[30.8438828,36.9479884],[30.8431537,36.9479588],[30.842354,36.9479047],[30.8417237,36.9478404],[30.8409941,36.9477397],[30.8403508,36.9476351],[30.8351044,36.9466641],[30.8345461,36.946565],[30.8341143,36.9464749],[30.8334737,36.9463039],[30.8330119,36.9461513],[30.8325478,36.9459841],[30.8320758,36.9457718],[30.8316873,36.9455686],[30.8309953,36.9451871],[30.8297154,36.9444385],[30.8281273,36.9435467],[30.8276286,36.9432487],[30.8272129,36.9429915],[30.8270833,36.942919]],[[30.8270833,36.942919],[30.8267623,36.94273]],[[30.8267623,36.94273],[30.8244613,36.9413724],[30.821473,36.9396494],[30.8200326,36.9388379],[30.8186464,36.9380549],[30.818147,36.9377693],[30.817088,36.9371652],[30.816144,36.9366235],[30.8157959,36.9364238],[30.808774,36.9323943],[30.8075616,36.9317021],[30.8066243,36.931213],[30.8061093,36.9309193]],[[30.8061093,36.9309193],[30.7994065,36.9270813]],[[30.7994065,36.9270813],[30.7991275,36.926927],[30.7989049,36.9267876],[30.7986689,36.9266354],[30.7983765,36.9264552],[30.7975748,36.926],[30.7970836,36.9257216],[30.796904,36.9256158],[30.7967283,36.9254936],[30.7965325,36.9253649],[30.7962173,36.9251794],[30.7879405,36.9204268],[30.7877389,36.9203205],[30.7875618,36.9202304],[30.78724,36.920076],[30.7867094,36.9197657],[30.7860947,36.9194006],[30.7859015,36.9192762],[30.785754,36.9191711],[30.7855421,36.9190403],[30.7818299,36.9169157],[30.7816107,36.9167896],[30.7812399,36.9165764],[30.7805827,36.9162097],[30.7801402,36.9159781],[30.779392,36.9155447],[30.7788044,36.9152082],[30.7785228,36.9150281],[30.7782438,36.9148522],[30.7745451,36.912727],[30.7738933,36.9123452],[30.7736921,36.912223],[30.7734558,36.912069],[30.7730806,36.9118005],[30.7727584,36.91155],[30.772281,36.9110954],[30.7720935,36.9108976],[30.7718387,36.9106167],[30.7713774,36.9100527],[30.770826,36.9093757],[30.7704493,36.9089047],[30.7702037,36.9085976],[30.7698613,36.9081578],[30.7678825,36.905764],[30.7677037,36.9055523],[30.7671959,36.9049221]],[[30.7671959,36.9049221],[30.7670279,36.9047156]],[[30.7670279,36.9047156],[30.7666376,36.9042301]],[[30.7666376,36.9042301],[30.7661394,36.9036779]],[[30.7661394,36.9036779],[30.765753,36.9031816],[30.7654815,36.9028446]],[[30.7654815,36.9028446],[30.7652777,36.9025958]],[[30.7652777,36.9025958],[30.76516,36.9024217],[30.7646554,36.901755],[30.763401,36.9003307]],[[30.763401,36.9003307],[30.7628514,36.8995247]],[[30.7628514,36.8995247],[30.7625579,36.8989516],[30.7622552,36.8984729],[30.761308,36.8972979],[30.7611099,36.8971258],[30.7608815,36.8969761],[30.7594816,36.8961207],[30.7593134,36.8960196],[30.7549403,36.8933828],[30.7547586,36.8932738],[30.7531984,36.8923374],[30.7529466,36.8921965],[30.7526878,36.8920667],[30.7523347,36.891917],[30.7520387,36.8918082],[30.7517007,36.8917031],[30.7510929,36.8915363],[30.750714,36.89145],[30.750518,36.8914021],[30.7483949,36.8908837],[30.7481845,36.8908315],[30.7417514,36.8892371]],[[30.7417514,36.8892371],[30.7373089,36.8881424]],[[30.7373089,36.8881424],[30.7341637,36.8874003],[30.7335008,36.8872586],[30.7328761,36.8871384],[30.7317899,36.8869313],[30.7313796,36.8868527],[30.7291888,36.8864333],[30.7291016,36.8864218],[30.7290172,36.8864173],[30.7289495,36.8864189],[30.7288587,36.8864285],[30.7286874,36.886453],[30.728604,36.8864675],[30.7284826,36.886491],[30.7265121,36.8870582],[30.7259066,36.8872306],[30.724002,36.8878667],[30.7228589,36.8882279],[30.722254,36.8884232],[30.7217023,36.8886433],[30.7215357,36.8887097],[30.7212617,36.8888146],[30.7212172,36.8888292],[30.7211705,36.8888446],[30.7210848,36.8888709],[30.7210319,36.8888767],[30.7209733,36.8888704],[30.7206872,36.8888239],[30.7206289,36.8888144],[30.7205875,36.8888087],[30.7203426,36.8887709],[30.720221,36.8887524],[30.7200989,36.8887482],[30.7178669,36.8887921],[30.7136657,36.8888742],[30.7134712,36.8888714],[30.7129808,36.8888378],[30.7128844,36.8888337],[30.7125131,36.8888494],[30.712356,36.8888552],[30.7113838,36.8888852],[30.7111995,36.8888897],[30.7110332,36.8888783],[30.7108909,36.8888458],[30.7096013,36.8882865],[30.707807,36.8875034],[30.7076926,36.8874675],[30.7075934,36.8874598],[30.7075483,36.8874677],[30.7075056,36.8874843],[30.7074417,36.8875376],[30.7073049,36.8877659],[30.7071732,36.8880299],[30.7070207,36.8883298],[30.7068584,36.8886735],[30.7067915,36.8887981],[30.7067314,36.8888815],[30.7064927,36.8892004],[30.7063386,36.8894393],[30.7059941,36.8900206],[30.7057331,36.8904969],[30.7056195,36.8906604],[30.705375,36.8910139],[30.7053096,36.8910727],[30.7052143,36.891127],[30.7048975,36.8911984],[30.7042922,36.8914141],[30.7041036,36.8914762],[30.7040042,36.8914902],[30.7036528,36.8914742],[30.7035803,36.8914699],[30.7034941,36.8914858],[30.7034102,36.8915336],[30.7033472,36.8916141],[30.7031519,36.8921013],[30.7030642,36.892219],[30.7027927,36.8925503],[30.7027643,36.892585],[30.7025957,36.8927957],[30.7024736,36.8929159],[30.7023408,36.8930172],[30.7022433,36.8930916],[30.7021409,36.8931667],[30.702002,36.8932734],[30.7014897,36.8937301],[30.7014379,36.8937763],[30.7011302,36.8940506],[30.6997495,36.8952653],[30.6992219,36.8956865],[30.6989488,36.895925],[30.6985782,36.8962485],[30.6985391,36.8962938],[30.6984682,36.8963761],[30.6982685,36.8965461],[30.6976877,36.897055],[30.697584,36.8971465],[30.6975,36.8972202],[30.6973686,36.8973179],[30.6971835,36.8974336],[30.6954843,36.8983656],[30.6952268,36.8984986],[30.694256,36.899022],[30.6939759,36.8991729],[30.6937677,36.8992805],[30.6936963,36.8993095],[30.6936046,36.899325],[30.69351,36.8993305],[30.6924159,36.8993909],[30.6917646,36.899403],[30.6916112,36.8994252],[30.6914744,36.8994682],[30.6912416,36.8995811],[30.6892461,36.9007079],[30.6891272,36.9007642],[30.6870353,36.9019477],[30.6867193,36.9021303],[30.6856894,36.9027254],[30.6856218,36.902765],[30.6855449,36.9028098],[30.6855011,36.9028357],[30.685257,36.90299],[30.684974,36.9031896],[30.6846205,36.9034761],[30.684395,36.9036773],[30.6838652,36.9042854],[30.683667,36.9045282],[30.6831842,36.9051096],[30.682964,36.905374],[30.6826918,36.9057486]],[[30.6826918,36.9057486],[30.6825609,36.9059255],[30.682442,36.9061653],[30.6822554,36.9065046],[30.6820865,36.9067894],[30.6820185,36.9068786],[30.681942,36.9069678],[30.6813031,36.9076668]],[[30.6813031,36.9076668],[30.6804285,36.908679],[30.6793889,36.9100024],[30.6780233,36.9117935],[30.6775929,36.9123685],[30.6774094,36.9125993],[30.6773872,36.9126273],[30.6770202,36.9131317],[30.676559,36.9138261],[30.6752395,36.9155751],[30.6751692,36.9156682],[30.6742206,36.9170015],[30.6740802,36.9171967],[30.6739153,36.9173741],[30.6736739,36.9176411],[30.6733814,36.9180386],[30.67336,36.9180677],[30.6730206,36.9185146],[30.6728539,36.9187357],[30.6726305,36.9190296],[30.6724977,36.9191915],[30.6723412,36.9193794],[30.6721236,36.9196118],[30.6719787,36.9197555],[30.6718295,36.9198863],[30.6714691,36.9201918],[30.6698375,36.9215637]],[[30.6698375,36.9215637],[30.6686082,36.9225551]],[[30.6686082,36.9225551],[30.6683092,36.9228919],[30.6682057,36.9230455],[30.6681074,36.9232361]],[[30.6681074,36.9232361],[30.6679059,36.9236255],[30.6677711,36.9240075],[30.6675987,36.9243841],[30.6674243,36.9247528],[30.6673162,36.9249303],[30.667026,36.9253917],[30.6667305,36.9257732],[30.6664942,36.9260496],[30.6660628,36.9264877]],[[30.6660628,36.9264877],[30.6655227,36.9270192],[30.6652276,36.9273033],[30.6648282,36.9276741],[30.6644996,36.9279774],[30.6639308,36.9284696],[30.6638696,36.9285225],[30.6634991,36.9288472],[30.6633153,36.9290082],[30.663178,36.9291285],[30.6586537,36.9330771],[30.6584135,36.9332927],[30.6582376,36.9334273],[30.6582257,36.9334364],[30.6578757,36.9336951],[30.6577539,36.9337932],[30.6528057,36.9381307],[30.6524241,36.9384654],[30.652225,36.9386687],[30.6521102,36.9387916],[30.6519577,36.93893],[30.6512831,36.9394477],[30.6510709,36.9395861],[30.6508899,36.9396901],[30.6493398,36.9405711],[30.6466161,36.9421145],[30.6462314,36.9423379],[30.6460045,36.9424854],[30.6457373,36.9426774],[30.6455203,36.942852],[30.6453731,36.9429907],[30.6451783,36.9432432],[30.6449393,36.9435846],[30.6447106,36.9439049]]]}},{"type":"Feature","properties":{"route":"tram","name":"T1A Havalimanı - Fatih","colour":null},"geometry":{"type":"MultiLineString","coordinates":[[[30.8031143,36.9099918],[30.803181,36.9105741],[30.8032503,36.9111666],[30.8033216,36.9119813],[30.8034063,36.9130277],[30.803442,36.9133753],[30.8034668,36.9135555],[30.8035822,36.9144584],[30.8037007,36.9153508],[30.8037168,36.9156189],[30.8037409,36.9159513],[30.8037751,36.9161832]],[[30.8037751,36.9161832],[30.8037624,36.9164192]],[[30.8048125,36.9207751],[30.804563,36.9203087],[30.8044021,36.920001],[30.8043069,36.9197973],[30.8042411,36.9195989],[30.8041848,36.9193984],[30.80415,36.919229],[30.8041111,36.9189599],[30.8038146,36.9167832],[30.8037624,36.9164192]],[[30.8040279,36.9250433],[30.8050083,36.9221464],[30.8050498,36.9219931],[30.8050726,36.9218601],[30.8050874,36.9216907],[30.8050847,36.9215492],[30.8050646,36.921397],[30.8050297,36.921264],[30.8049721,36.9211032],[30.8048795,36.9209059],[30.8048125,36.9207751]],[[30.8040279,36.9250433],[30.8038174,36.925648],[30.8037758,36.9258013],[30.803753,36.9259449],[30.8037203,36.9264486],[30.8037092,36.9266201],[30.8036309,36.9276688],[30.8036199,36.9277839],[30.8035947,36.9278908],[30.8035528,36.9279812]],[[30.8035528,36.9279812],[30.8035089,36.9280634],[30.8034066,36.9281956],[30.8032675,36.9283228],[30.8031277,36.9284165],[30.8029725,36.9284868],[30.8028169,36.9285404],[30.8026395,36.9285687],[30.802441,36.9285773],[30.8022536,36.9285597],[30.8021206,36.9285355],[30.8020002,36.9284997],[30.8018728,36.9284472],[30.801698,36.92835],[30.8008464,36.9278504]],[[30.8008464,36.9278504],[30.7999563,36.9273301],[30.7998289,36.92727],[30.7996304,36.9271907],[30.7994065,36.9270813]],[[30.7994065,36.9270813],[30.7991275,36.926927],[30.7989049,36.9267876],[30.7986689,36.9266354],[30.7983765,36.9264552],[30.7975748,36.926],[30.7970836,36.9257216],[30.796904,36.9256158],[30.7967283,36.9254936],[30.7965325,36.9253649],[30.7962173,36.9251794],[30.7879405,36.9204268],[30.7877389,36.9203205],[30.7875618,36.9202304],[30.78724,36.920076],[30.7867094,36.9197657],[30.7860947,36.9194006],[30.7859015,36.9192762],[30.785754,36.9191711],[30.7855421,36.9190403],[30.7818299,36.9169157],[30.7816107,36.9167896],[30.7812399,36.9165764],[30.7805827,36.9162097],[30.7801402,36.9159781],[30.779392,36.9155447],[30.7788044,36.9152082],[30.7785228,36.9150281],[30.7782438,36.9148522],[30.7745451,36.912727],[30.7738933,36.9123452],[30.7736921,36.912223],[30.7734558,36.912069],[30.7730806,36.9118005],[30.7727584,36.91155],[30.772281,36.9110954],[30.7720935,36.9108976],[30.7718387,36.9106167],[30.7713774,36.9100527],[30.770826,36.9093757],[30.7704493,36.9089047],[30.7702037,36.9085976],[30.7698613,36.9081578],[30.7678825,36.905764],[30.7677037,36.9055523],[30.7671959,36.9049221]],[[30.7671959,36.9049221],[30.7670279,36.9047156]],[[30.7670279,36.9047156],[30.7666376,36.9042301]],[[30.7666376,36.9042301],[30.7661394,36.9036779]],[[30.7661394,36.9036779],[30.765753,36.9031816],[30.7654815,36.9028446]],[[30.7654815,36.9028446],[30.7652777,36.9025958]],[[30.7652777,36.9025958],[30.76516,36.9024217],[30.7646554,36.901755],[30.763401,36.9003307]],[[30.763401,36.9003307],[30.7628514,36.8995247]],[[30.7628514,36.8995247],[30.7625579,36.8989516],[30.7622552,36.8984729],[30.761308,36.8972979],[30.7611099,36.8971258],[30.7608815,36.8969761],[30.7594816,36.8961207],[30.7593134,36.8960196],[30.7549403,36.8933828],[30.7547586,36.8932738],[30.7531984,36.8923374],[30.7529466,36.8921965],[30.7526878,36.8920667],[30.7523347,36.891917],[30.7520387,36.8918082],[30.7517007,36.8917031],[30.7510929,36.8915363],[30.750714,36.89145],[30.750518,36.8914021],[30.7483949,36.8908837],[30.7481845,36.8908315],[30.7417514,36.8892371]],[[30.7417514,36.8892371],[30.7373089,36.8881424]],[[30.7373089,36.8881424],[30.7341637,36.8874003],[30.7335008,36.8872586],[30.7328761,36.8871384],[30.7317899,36.8869313],[30.7313796,36.8868527],[30.7291888,36.8864333],[30.7291016,36.8864218],[30.7290172,36.8864173],[30.7289495,36.8864189],[30.7288587,36.8864285],[30.7286874,36.886453],[30.728604,36.8864675],[30.7284826,36.886491],[30.7265121,36.8870582],[30.7259066,36.8872306],[30.724002,36.8878667],[30.7228589,36.8882279],[30.722254,36.8884232],[30.7217023,36.8886433],[30.7215357,36.8887097],[30.7212617,36.8888146],[30.7212172,36.8888292],[30.7211705,36.8888446],[30.7210848,36.8888709],[30.7210319,36.8888767],[30.7209733,36.8888704],[30.7206872,36.8888239],[30.7206289,36.8888144],[30.7205875,36.8888087],[30.7203426,36.8887709],[30.720221,36.8887524],[30.7200989,36.8887482],[30.7178669,36.8887921],[30.7136657,36.8888742],[30.7134712,36.8888714],[30.7129808,36.8888378],[30.7128844,36.8888337],[30.7125131,36.8888494],[30.712356,36.8888552],[30.7113838,36.8888852],[30.7111995,36.8888897],[30.7110332,36.8888783],[30.7108909,36.8888458],[30.7096013,36.8882865],[30.707807,36.8875034],[30.7076926,36.8874675],[30.7075934,36.8874598],[30.7075483,36.8874677],[30.7075056,36.8874843],[30.7074417,36.8875376],[30.7073049,36.8877659],[30.7071732,36.8880299],[30.7070207,36.8883298],[30.7068584,36.8886735],[30.7067915,36.8887981],[30.7067314,36.8888815],[30.7064927,36.8892004],[30.7063386,36.8894393],[30.7059941,36.8900206],[30.7057331,36.8904969],[30.7056195,36.8906604],[30.705375,36.8910139],[30.7053096,36.8910727],[30.7052143,36.891127],[30.7048975,36.8911984],[30.7042922,36.8914141],[30.7041036,36.8914762],[30.7040042,36.8914902],[30.7036528,36.8914742],[30.7035803,36.8914699],[30.7034941,36.8914858],[30.7034102,36.8915336],[30.7033472,36.8916141],[30.7031519,36.8921013],[30.7030642,36.892219],[30.7027927,36.8925503],[30.7027643,36.892585],[30.7025957,36.8927957],[30.7024736,36.8929159],[30.7023408,36.8930172],[30.7022433,36.8930916],[30.7021409,36.8931667],[30.702002,36.8932734],[30.7014897,36.8937301],[30.7014379,36.8937763],[30.7011302,36.8940506],[30.6997495,36.8952653],[30.6992219,36.8956865],[30.6989488,36.895925],[30.6985782,36.8962485],[30.6985391,36.8962938],[30.6984682,36.8963761],[30.6982685,36.8965461],[30.6976877,36.897055],[30.697584,36.8971465],[30.6975,36.8972202],[30.6973686,36.8973179],[30.6971835,36.8974336],[30.6954843,36.8983656],[30.6952268,36.8984986],[30.694256,36.899022],[30.6939759,36.8991729],[30.6937677,36.8992805],[30.6936963,36.8993095],[30.6936046,36.899325],[30.69351,36.8993305],[30.6924159,36.8993909],[30.6917646,36.899403],[30.6916112,36.8994252],[30.6914744,36.8994682],[30.6912416,36.8995811],[30.6892461,36.9007079],[30.6891272,36.9007642],[30.6870353,36.9019477],[30.6867193,36.9021303],[30.6856894,36.9027254],[30.6856218,36.902765],[30.6855449,36.9028098],[30.6855011,36.9028357],[30.685257,36.90299],[30.684974,36.9031896],[30.6846205,36.9034761],[30.684395,36.9036773],[30.6838652,36.9042854],[30.683667,36.9045282],[30.6831842,36.9051096],[30.682964,36.905374],[30.6826918,36.9057486]],[[30.6826918,36.9057486],[30.6825609,36.9059255],[30.682442,36.9061653],[30.6822554,36.9065046],[30.6820865,36.9067894],[30.6820185,36.9068786],[30.681942,36.9069678],[30.6813031,36.9076668]],[[30.6813031,36.9076668],[30.6804285,36.908679],[30.6793889,36.9100024],[30.6780233,36.9117935],[30.6775929,36.9123685],[30.6774094,36.9125993],[30.6773872,36.9126273],[30.6770202,36.9131317],[30.676559,36.9138261],[30.6752395,36.9155751],[30.6751692,36.9156682],[30.6742206,36.9170015],[30.6740802,36.9171967],[30.6739153,36.9173741],[30.6736739,36.9176411],[30.6733814,36.9180386],[30.67336,36.9180677],[30.6730206,36.9185146],[30.6728539,36.9187357],[30.6726305,36.9190296],[30.6724977,36.9191915],[30.6723412,36.9193794],[30.6721236,36.9196118],[30.6719787,36.9197555],[30.6718295,36.9198863],[30.6714691,36.9201918],[30.6698375,36.9215637]],[[30.6698375,36.9215637],[30.6686082,36.9225551]],[[30.6686082,36.9225551],[30.6683092,36.9228919],[30.6682057,36.9230455],[30.6681074,36.9232361]],[[30.6681074,36.9232361],[30.6679059,36.9236255],[30.6677711,36.9240075],[30.6675987,36.9243841],[30.6674243,36.9247528],[30.6673162,36.9249303],[30.667026,36.9253917],[30.6667305,36.9257732],[30.6664942,36.9260496],[30.6660628,36.9264877]],[[30.6660628,36.9264877],[30.6655227,36.9270192],[30.6652276,36.9273033],[30.6648282,36.9276741],[30.6644996,36.9279774],[30.6639308,36.9284696],[30.6638696,36.9285225],[30.6634991,36.9288472],[30.6633153,36.9290082],[30.663178,36.9291285],[30.6586537,36.9330771],[30.6584135,36.9332927],[30.6582376,36.9334273],[30.6582257,36.9334364],[30.6578757,36.9336951],[30.6577539,36.9337932],[30.6528057,36.9381307],[30.6524241,36.9384654],[30.652225,36.9386687],[30.6521102,36.9387916],[30.6519577,36.93893],[30.6512831,36.9394477],[30.6510709,36.9395861],[30.6508899,36.9396901],[30.6493398,36.9405711],[30.6466161,36.9421145],[30.6462314,36.9423379],[30.6460045,36.9424854],[30.6457373,36.9426774],[30.6455203,36.942852],[30.6453731,36.9429907],[30.6451783,36.9432432],[30.6449393,36.9435846],[30.6447106,36.9439049]]]}},{"type":"Feature","properties":{"route":"tram","name":"T1B Fatih - Expo","colour":null},"geometry":{"type":"MultiLineString","coordinates":[[[30.6446758,36.943889],[30.6449107,36.9435571],[30.6451486,36.9432209],[30.645327,36.942984],[30.6454839,36.9428296],[30.6456985,36.9426571],[30.6459573,36.9424749],[30.6462014,36.9423109],[30.6465903,36.9420901],[30.6507665,36.9397137],[30.6510334,36.9395615],[30.651256,36.9394178],[30.6515499,36.9391995],[30.6519386,36.9388969],[30.652083,36.9387631],[30.6521921,36.9386407],[30.6523705,36.9384713],[30.6528291,36.9380608],[30.6577428,36.9337585],[30.6582095,36.9334071],[30.6582659,36.9333656],[30.6586122,36.9330635],[30.662968,36.9292644],[30.6634307,36.9288617],[30.663471,36.9288266],[30.663848,36.9284985],[30.6641829,36.928207],[30.6644659,36.9279615],[30.6648025,36.9276549],[30.6651337,36.9273494],[30.6654435,36.9270492],[30.6660319,36.9264683]],[[30.6660319,36.9264683],[30.6664625,36.926031],[30.6666975,36.925756],[30.6669917,36.9253764],[30.667213,36.9249996],[30.6673144,36.9247563],[30.6674897,36.924355],[30.6676721,36.923966],[30.6678533,36.9236323],[30.6680551,36.9232272]],[[30.6680551,36.9232272],[30.6681652,36.9230247],[30.6682752,36.922859],[30.6684007,36.9227189],[30.6685663,36.9225382]],[[30.6685663,36.9225382],[30.6698035,36.9215374]],[[30.6698035,36.9215374],[30.6715482,36.9200718],[30.6718393,36.9198284],[30.6720485,36.9196279],[30.6722496,36.919422],[30.6724226,36.9192279],[30.6726091,36.9189985],[30.6728216,36.9187144],[30.6729842,36.9184969],[30.6733227,36.9180439],[30.6735452,36.9177462],[30.6736712,36.9175875],[30.6738831,36.9173548],[30.6740454,36.9171693],[30.6741782,36.916986],[30.6751175,36.9156724],[30.6752015,36.9155607],[30.6763205,36.9140732],[30.67652,36.913808],[30.6770021,36.9130868],[30.6771814,36.9128469],[30.6773603,36.9126029],[30.6773753,36.9125831],[30.6779858,36.9117762],[30.6793298,36.9099798],[30.6803981,36.9086426],[30.6812575,36.9076419]],[[30.6812575,36.9076419],[30.6818894,36.9069531],[30.6820175,36.9067588],[30.6821797,36.9064777],[30.6823689,36.9061412],[30.6825252,36.9059048],[30.6826558,36.9057323]],[[30.6826558,36.9057323],[30.6829216,36.9053677],[30.6840393,36.9040099],[30.6842123,36.903819],[30.684392,36.9036303],[30.6845878,36.9034555],[30.6848507,36.9032346],[30.6851149,36.9030383],[30.6853469,36.9028807],[30.6855481,36.9027602],[30.6855925,36.9027308],[30.6856473,36.9026973],[30.6862374,36.9023584],[30.6866912,36.9021008],[30.6870791,36.9018808],[30.6891057,36.9007357],[30.6892208,36.9006783],[30.6912129,36.8995604],[30.691469,36.8994231],[30.6915978,36.8993866],[30.6917667,36.8993652],[30.6924239,36.8993609],[30.6930968,36.899321],[30.6935981,36.8992909],[30.6936756,36.8992755],[30.6937422,36.8992515],[30.6939455,36.8991411],[30.6953636,36.8983882],[30.6971526,36.8974058],[30.6973082,36.8973146],[30.6974611,36.8971988],[30.697552,36.8971197],[30.6976595,36.8970273],[30.6980988,36.8966444],[30.6984416,36.8963481],[30.698476,36.8963006],[30.6985795,36.8961885],[30.7010883,36.8940212],[30.7011455,36.8939709],[30.7017043,36.8934788],[30.7019243,36.8932851],[30.7020785,36.8931585],[30.7021843,36.8930802],[30.7023382,36.8929642],[30.7024314,36.892903],[30.7025642,36.892783],[30.7027324,36.8925715],[30.7030199,36.8922168],[30.7031044,36.8920946],[30.7031433,36.8919991],[30.7032841,36.8916441],[30.7033525,36.8915358],[30.7034156,36.891481],[30.7035459,36.8914373],[30.7036543,36.8914431],[30.703885,36.8914553],[30.7039936,36.8914564],[30.7040942,36.8914457],[30.7042922,36.8913769],[30.7048809,36.8911714],[30.7051877,36.8911044],[30.705275,36.8910607],[30.7053388,36.8910012],[30.7055837,36.8906443],[30.7056954,36.8904793],[30.7058698,36.8901607],[30.7059501,36.8900127],[30.706135,36.8897048],[30.7062889,36.8894454],[30.7064487,36.8891885],[30.7066823,36.8888728],[30.7067748,36.8886673],[30.7069389,36.8883141],[30.707094,36.8879976],[30.7072576,36.8877899],[30.707408,36.8875135],[30.7074523,36.8874695],[30.7074982,36.8874469],[30.7075113,36.8874405],[30.7075851,36.8874244],[30.7076575,36.8874244],[30.7077393,36.887447],[30.7096225,36.8882537],[30.7106401,36.8887062],[30.7108627,36.8888006],[30.7110371,36.8888435],[30.7112022,36.8888581],[30.7114136,36.8888527],[30.7123665,36.8888147],[30.7128921,36.888796],[30.7129815,36.8888011],[30.713439,36.8888199],[30.7136884,36.8888242],[30.7178688,36.8887539],[30.7201338,36.888717],[30.7202549,36.8887273],[30.7204001,36.8887512],[30.7206138,36.8887841],[30.7206733,36.8887931],[30.7209668,36.8888456],[30.7210265,36.8888487],[30.7210595,36.8888467],[30.7211354,36.8888287],[30.7212039,36.8888072],[30.7214991,36.8886806],[30.7221102,36.8884412],[30.7224378,36.8883287],[30.7259123,36.8871923],[30.7264959,36.8870265],[30.7284654,36.8864585],[30.7286567,36.8864228],[30.7287924,36.8864052],[30.7289583,36.8863854],[30.7290258,36.8863841],[30.7290974,36.8863873],[30.7291868,36.8863988],[30.7311935,36.886783],[30.7318019,36.886899],[30.7325769,36.8870469],[30.7328817,36.8871051],[30.7335037,36.8872244],[30.7339221,36.8873126],[30.7345574,36.8874573],[30.73732,36.888112]],[[30.73732,36.888112],[30.7417618,36.8892082]],[[30.7417618,36.8892082],[30.7479051,36.8907233],[30.7481993,36.8907956],[30.750167,36.8912792],[30.7511035,36.8915094],[30.7516953,36.8916602],[30.7520574,36.8917717],[30.7523525,36.89188],[30.7526623,36.892012],[30.7529265,36.8921396],[30.7532135,36.8923016],[30.7535367,36.8925021],[30.7545341,36.8931021],[30.7547825,36.8932516],[30.7590766,36.8958375],[30.7593364,36.8959943],[30.7609731,36.8969821],[30.7611381,36.8970926],[30.7612534,36.8971902],[30.761362,36.8973028],[30.7614961,36.8974615],[30.7622297,36.8983571],[30.7624081,36.8985984],[30.7626012,36.8989373],[30.7629083,36.8995132]],[[30.7629083,36.8995132],[30.7634555,36.9003148]],[[30.7653773,36.9025579],[30.7651573,36.9023251],[30.7646826,36.9017181],[30.7634555,36.9003148]],[[30.7653773,36.9025579],[30.7655677,36.9028013]],[[30.7655677,36.9028013],[30.7658591,36.903157],[30.7662302,36.9036099]],[[30.7662302,36.9036099],[30.7666728,36.9041954]],[[30.7666728,36.9041954],[30.76706,36.9046865]],[[30.76706,36.9046865],[30.7672299,36.9048941]],[[30.7672299,36.9048941],[30.7675763,36.9053331],[30.7680619,36.905949],[30.769891,36.9081441],[30.7702373,36.9085704],[30.7704884,36.9088793],[30.7717502,36.9104323],[30.7719889,36.9107196],[30.7721981,36.9109427],[30.7724503,36.9112043],[30.772748,36.9114874],[30.7730162,36.911704],[30.7733273,36.9119356],[30.7737136,36.912193],[30.7740703,36.9124117],[30.7784235,36.9149101],[30.7787588,36.9150752],[30.7791799,36.9153111],[30.7794481,36.9154691],[30.7802501,36.9159416],[30.7805961,36.9161689],[30.7809784,36.9163802],[30.7814274,36.9166384],[30.7821465,36.9170519],[30.7843888,36.9183412],[30.7853276,36.9188773],[30.7857594,36.9190982],[30.7861403,36.9193041],[30.7867914,36.9196909],[30.7873633,36.920016],[30.7876718,36.9202219],[30.7879641,36.9203955],[30.7959973,36.9250093],[30.7965258,36.9253156],[30.7967189,36.9254164],[30.7969576,36.9255354],[30.7971628,36.9256437],[30.7976583,36.925929],[30.7983711,36.9263395],[30.7987936,36.9265882],[30.7994963,36.9269677]],[[30.7994963,36.9269677],[30.8061965,36.9308132]],[[30.8061965,36.9308132],[30.8067021,36.9311101],[30.8073646,36.9315218],[30.8077159,36.9317319],[30.8090182,36.9324983],[30.8148981,36.9358492],[30.8158246,36.9363828],[30.8161677,36.9365803],[30.81716,36.9371518],[30.818147,36.9377049],[30.8200675,36.9388047],[30.8214891,36.9396087],[30.8245146,36.9413537],[30.8268519,36.942676]],[[30.8268519,36.942676],[30.8272425,36.9428972]],[[30.8272425,36.9428972],[30.8275053,36.9430301],[30.8277091,36.9431394],[30.827972,36.9432809],[30.8282643,36.9434454],[30.8289778,36.9438639],[30.8295491,36.9442477],[30.8306006,36.9448479],[30.831078,36.9451309],[30.8315769,36.9454074],[30.8319926,36.9456368],[30.8322152,36.9457483],[30.8325773,36.9459112],[30.8329126,36.9460505],[30.8332506,36.9461684],[30.8336583,36.9462992],[30.8340552,36.9464128],[30.834479,36.9465071],[30.8348787,36.9465928],[30.8403558,36.9475982],[30.8410048,36.9477054],[30.8415922,36.947789],[30.8421233,36.947849],[30.8426866,36.9478918],[30.8431667,36.9479283],[30.8438829,36.947954]],[[30.8438829,36.947954],[30.8445293,36.9479293],[30.8450791,36.9479047],[30.8462486,36.9478276],[30.8471606,36.9477418]],[[30.8471606,36.9477418],[30.8482361,36.9476432],[30.8489656,36.947581],[30.8497542,36.9475232],[30.8513251,36.9474027],[30.8522358,36.9473328],[30.8527449,36.9472938],[30.853292,36.9472402],[30.8538714,36.9471802],[30.8547378,36.9471137],[30.8554351,36.9470666],[30.8558133,36.9470494],[30.8561566,36.9470387],[30.8666468,36.9461234],[30.867041,36.9460719],[30.8674756,36.9460055],[30.8680603,36.945954],[30.8689374,36.9458812],[30.8692539,36.9458662],[30.8698118,36.9458319],[30.8724784,36.9455922]],[[30.8724784,36.9455922],[30.8736853,36.9454936]],[[30.8736853,36.9454936],[30.8740663,36.945465],[30.8743693,36.9454422],[30.8746612,36.9454203],[30.8752084,36.9453603],[30.875608,36.9453131],[30.8760847,36.9452651],[30.8765634,36.9452257],[30.8768365,36.9452145],[30.8771718,36.9452166],[30.8774722,36.9452081],[30.8777979,36.9451839]]]}},{"type":"Feature","properties":{"route":"tram","name":"T1A Fatih - Havalimanı","colour":null},"geometry":{"type":"MultiLineString","coordinates":[[[30.6446758,36.943889],[30.6449107,36.9435571],[30.6451486,36.9432209],[30.645327,36.942984],[30.6454839,36.9428296],[30.6456985,36.9426571],[30.6459573,36.9424749],[30.6462014,36.9423109],[30.6465903,36.9420901],[30.6507665,36.9397137],[30.6510334,36.9395615],[30.651256,36.9394178],[30.6515499,36.9391995],[30.6519386,36.9388969],[30.652083,36.9387631],[30.6521921,36.9386407],[30.6523705,36.9384713],[30.6528291,36.9380608],[30.6577428,36.9337585],[30.6582095,36.9334071],[30.6582659,36.9333656],[30.6586122,36.9330635],[30.662968,36.9292644],[30.6634307,36.9288617],[30.663471,36.9288266],[30.663848,36.9284985],[30.6641829,36.928207],[30.6644659,36.9279615],[30.6648025,36.9276549],[30.6651337,36.9273494],[30.6654435,36.9270492],[30.6660319,36.9264683]],[[30.6660319,36.9264683],[30.6664625,36.926031],[30.6666975,36.925756],[30.6669917,36.9253764],[30.667213,36.9249996],[30.6673144,36.9247563],[30.6674897,36.924355],[30.6676721,36.923966],[30.6678533,36.9236323],[30.6680551,36.9232272]],[[30.6680551,36.9232272],[30.6681652,36.9230247],[30.6682752,36.922859],[30.6684007,36.9227189],[30.6685663,36.9225382]],[[30.6685663,36.9225382],[30.6698035,36.9215374]],[[30.6698035,36.9215374],[30.6715482,36.9200718],[30.6718393,36.9198284],[30.6720485,36.9196279],[30.6722496,36.919422],[30.6724226,36.9192279],[30.6726091,36.9189985],[30.6728216,36.9187144],[30.6729842,36.9184969],[30.6733227,36.9180439],[30.6735452,36.9177462],[30.6736712,36.9175875],[30.6738831,36.9173548],[30.6740454,36.9171693],[30.6741782,36.916986],[30.6751175,36.9156724],[30.6752015,36.9155607],[30.6763205,36.9140732],[30.67652,36.913808],[30.6770021,36.9130868],[30.6771814,36.9128469],[30.6773603,36.9126029],[30.6773753,36.9125831],[30.6779858,36.9117762],[30.6793298,36.9099798],[30.6803981,36.9086426],[30.6812575,36.9076419]],[[30.6812575,36.9076419],[30.6818894,36.9069531],[30.6820175,36.9067588],[30.6821797,36.9064777],[30.6823689,36.9061412],[30.6825252,36.9059048],[30.6826558,36.9057323]],[[30.6826558,36.9057323],[30.6829216,36.9053677],[30.6840393,36.9040099],[30.6842123,36.903819],[30.684392,36.9036303],[30.6845878,36.9034555],[30.6848507,36.9032346],[30.6851149,36.9030383],[30.6853469,36.9028807],[30.6855481,36.9027602],[30.6855925,36.9027308],[30.6856473,36.9026973],[30.6862374,36.9023584],[30.6866912,36.9021008],[30.6870791,36.9018808],[30.6891057,36.9007357],[30.6892208,36.9006783],[30.6912129,36.8995604],[30.691469,36.8994231],[30.6915978,36.8993866],[30.6917667,36.8993652],[30.6924239,36.8993609],[30.6930968,36.899321],[30.6935981,36.8992909],[30.6936756,36.8992755],[30.6937422,36.8992515],[30.6939455,36.8991411],[30.6953636,36.8983882],[30.6971526,36.8974058],[30.6973082,36.8973146],[30.6974611,36.8971988],[30.697552,36.8971197],[30.6976595,36.8970273],[30.6980988,36.8966444],[30.6984416,36.8963481],[30.698476,36.8963006],[30.6985795,36.8961885],[30.7010883,36.8940212],[30.7011455,36.8939709],[30.7017043,36.8934788],[30.7019243,36.8932851],[30.7020785,36.8931585],[30.7021843,36.8930802],[30.7023382,36.8929642],[30.7024314,36.892903],[30.7025642,36.892783],[30.7027324,36.8925715],[30.7030199,36.8922168],[30.7031044,36.8920946],[30.7031433,36.8919991],[30.7032841,36.8916441],[30.7033525,36.8915358],[30.7034156,36.891481],[30.7035459,36.8914373],[30.7036543,36.8914431],[30.703885,36.8914553],[30.7039936,36.8914564],[30.7040942,36.8914457],[30.7042922,36.8913769],[30.7048809,36.8911714],[30.7051877,36.8911044],[30.705275,36.8910607],[30.7053388,36.8910012],[30.7055837,36.8906443],[30.7056954,36.8904793],[30.7058698,36.8901607],[30.7059501,36.8900127],[30.706135,36.8897048],[30.7062889,36.8894454],[30.7064487,36.8891885],[30.7066823,36.8888728],[30.7067748,36.8886673],[30.7069389,36.8883141],[30.707094,36.8879976],[30.7072576,36.8877899],[30.707408,36.8875135],[30.7074523,36.8874695],[30.7074982,36.8874469],[30.7075113,36.8874405],[30.7075851,36.8874244],[30.7076575,36.8874244],[30.7077393,36.887447],[30.7096225,36.8882537],[30.7106401,36.8887062],[30.7108627,36.8888006],[30.7110371,36.8888435],[30.7112022,36.8888581],[30.7114136,36.8888527],[30.7123665,36.8888147],[30.7128921,36.888796],[30.7129815,36.8888011],[30.713439,36.8888199],[30.7136884,36.8888242],[30.7178688,36.8887539],[30.7201338,36.888717],[30.7202549,36.8887273],[30.7204001,36.8887512],[30.7206138,36.8887841],[30.7206733,36.8887931],[30.7209668,36.8888456],[30.7210265,36.8888487],[30.7210595,36.8888467],[30.7211354,36.8888287],[30.7212039,36.8888072],[30.7214991,36.8886806],[30.7221102,36.8884412],[30.7224378,36.8883287],[30.7259123,36.8871923],[30.7264959,36.8870265],[30.7284654,36.8864585],[30.7286567,36.8864228],[30.7287924,36.8864052],[30.7289583,36.8863854],[30.7290258,36.8863841],[30.7290974,36.8863873],[30.7291868,36.8863988],[30.7311935,36.886783],[30.7318019,36.886899],[30.7325769,36.8870469],[30.7328817,36.8871051],[30.7335037,36.8872244],[30.7339221,36.8873126],[30.7345574,36.8874573],[30.73732,36.888112]],[[30.73732,36.888112],[30.7417618,36.8892082]],[[30.7417618,36.8892082],[30.7479051,36.8907233],[30.7481993,36.8907956],[30.750167,36.8912792],[30.7511035,36.8915094],[30.7516953,36.8916602],[30.7520574,36.8917717],[30.7523525,36.89188],[30.7526623,36.892012],[30.7529265,36.8921396],[30.7532135,36.8923016],[30.7535367,36.8925021],[30.7545341,36.8931021],[30.7547825,36.8932516],[30.7590766,36.8958375],[30.7593364,36.8959943],[30.7609731,36.8969821],[30.7611381,36.8970926],[30.7612534,36.8971902],[30.761362,36.8973028],[30.7614961,36.8974615],[30.7622297,36.8983571],[30.7624081,36.8985984],[30.7626012,36.8989373],[30.7629083,36.8995132]],[[30.7629083,36.8995132],[30.7634555,36.9003148]],[[30.7653773,36.9025579],[30.7651573,36.9023251],[30.7646826,36.9017181],[30.7634555,36.9003148]],[[30.7653773,36.9025579],[30.7655677,36.9028013]],[[30.7655677,36.9028013],[30.7658591,36.903157],[30.7662302,36.9036099]],[[30.7662302,36.9036099],[30.7666728,36.9041954]],[[30.7666728,36.9041954],[30.76706,36.9046865]],[[30.76706,36.9046865],[30.7672299,36.9048941]],[[30.7672299,36.9048941],[30.7675763,36.9053331],[30.7680619,36.905949],[30.769891,36.9081441],[30.7702373,36.9085704],[30.7704884,36.9088793],[30.7717502,36.9104323],[30.7719889,36.9107196],[30.7721981,36.9109427],[30.7724503,36.9112043],[30.772748,36.9114874],[30.7730162,36.911704],[30.7733273,36.9119356],[30.7737136,36.912193],[30.7740703,36.9124117],[30.7784235,36.9149101],[30.7787588,36.9150752],[30.7791799,36.9153111],[30.7794481,36.9154691],[30.7802501,36.9159416],[30.7805961,36.9161689],[30.7809784,36.9163802],[30.7814274,36.9166384],[30.7821465,36.9170519],[30.7843888,36.9183412],[30.7853276,36.9188773],[30.7857594,36.9190982],[30.7861403,36.9193041],[30.7867914,36.9196909],[30.7873633,36.920016],[30.7876718,36.9202219],[30.7879641,36.9203955],[30.7959973,36.9250093],[30.7965258,36.9253156],[30.7967189,36.9254164],[30.7969576,36.9255354],[30.7971628,36.9256437],[30.7976583,36.925929],[30.7983711,36.9263395],[30.7987936,36.9265882],[30.7994963,36.9269677]],[[30.7994963,36.9269677],[30.7996626,36.9270738],[30.7998343,36.9271982],[30.7999764,36.9272958],[30.8008683,36.9278189]],[[30.8008683,36.9278189],[30.8017051,36.9283142],[30.8018942,36.9284204],[30.8020592,36.9284879],[30.8022188,36.9285222],[30.8023623,36.9285383],[30.802542,36.9285415],[30.8026613,36.9285319],[30.8028075,36.9285083],[30.8029617,36.9284557],[30.8031119,36.9283828],[30.8032313,36.9283003],[30.8033574,36.9281866],[30.8034472,36.9280773],[30.8035102,36.9279712]],[[30.8035102,36.9279712],[30.8035491,36.9278768],[30.8035706,36.9277878],[30.8035894,36.9276624],[30.8037101,36.9258945],[30.8037315,36.9257777],[30.8037691,36.9256533],[30.803934,36.9252062],[30.8040279,36.9250433]],[[30.8040279,36.9250433],[30.8050083,36.9221464],[30.8050498,36.9219931],[30.8050726,36.9218601],[30.8050874,36.9216907],[30.8050847,36.9215492],[30.8050646,36.921397],[30.8050297,36.921264],[30.8049721,36.9211032],[30.8048795,36.9209059],[30.8048125,36.9207751]],[[30.8048125,36.9207751],[30.804563,36.9203087],[30.8044021,36.920001],[30.8043069,36.9197973],[30.8042411,36.9195989],[30.8041848,36.9193984],[30.80415,36.919229],[30.8041111,36.9189599],[30.8038146,36.9167832],[30.8037624,36.9164192]],[[30.8037624,36.9164192],[30.8036765,36.9158205],[30.8036149,36.9155288],[30.8035813,36.9153186],[30.803466,36.9144691],[30.8033426,36.9135601],[30.8033216,36.9133771],[30.8033082,36.9132006],[30.803228,36.9120044],[30.8031522,36.9112771],[30.8030643,36.9105785],[30.8029916,36.9100007]]]}},{"type":"Feature","properties":{"route":"tram","name":"T2 Müze - Zerdailik tramvay Hattı","colour":null},"geometry":{"type":"MultiLineString","coordinates":[[[30.6811505,36.884633],[30.680918,36.8846332],[30.6802076,36.8846212],[30.6801588,36.8846181],[30.6801089,36.8846076],[30.6800699,36.8845917],[30.6800395,36.8845742],[30.680009,36.8845482],[30.6799854,36.8845128],[30.6799675,36.8844732],[30.679963,36.8844274],[30.6799679,36.8843907],[30.6799844,36.8843514],[30.6800098,36.8843173],[30.6800486,36.8842891],[30.6800987,36.8842663],[30.6801568,36.8842561],[30.6802129,36.8842571],[30.6802652,36.8842691],[30.6803162,36.8842899],[30.6803516,36.8843165],[30.6803836,36.8843491],[30.6804802,36.8844865],[30.6805067,36.8845144],[30.6805378,36.884543],[30.6805829,36.8845673],[30.6806366,36.8845952],[30.6806858,36.8846088],[30.6807592,36.8846205],[30.680918,36.8846332]],[[30.6811505,36.884633],[30.6816335,36.8846248],[30.6831105,36.8846059],[30.6854424,36.8847352],[30.6862286,36.8847551],[30.6862433,36.8847557],[30.6875475,36.8848096],[30.6876691,36.8848183],[30.6877863,36.8848335],[30.6879247,36.8848432],[30.689165,36.8849064],[30.6893347,36.8849174],[30.6894331,36.8849263],[30.6900043,36.8849607],[30.6907026,36.8849869],[30.6908865,36.8849951],[30.6911962,36.885009],[30.6918961,36.8850424],[30.6921192,36.8850819],[30.6928096,36.8851784],[30.6929912,36.8852037],[30.6933634,36.8852564],[30.6933922,36.8852605],[30.6938106,36.885312],[30.6940113,36.8853263]],[[30.6940113,36.8853263],[30.6942318,36.8853412]],[[30.6942318,36.8853412],[30.6949223,36.8853859],[30.6949432,36.8853873],[30.6954363,36.8854161],[30.6954982,36.8854197],[30.6961356,36.8854582],[30.6977307,36.8856076],[30.6977988,36.8856178],[30.6985736,36.8857347]],[[30.6985736,36.8857347],[30.6988922,36.8857825]],[[30.6988922,36.8857825],[30.6989901,36.8857972],[30.6998363,36.8859087],[30.7011004,36.8862885],[30.7016025,36.8864429],[30.7026397,36.8867212],[30.7033811,36.886934],[30.7037291,36.8870339]],[[30.7037291,36.8870339],[30.70392,36.8870887],[30.7042821,36.8871659],[30.7045862,36.8872058],[30.7046093,36.8872088],[30.7047614,36.8872292],[30.7048493,36.8872322],[30.7048964,36.8872295],[30.704968,36.8872169],[30.7055514,36.8870454],[30.7058038,36.8869743],[30.7058723,36.8869696],[30.7059157,36.8869688],[30.7059838,36.8869844],[30.7060938,36.8870079],[30.7070538,36.8872082],[30.707367,36.8872784],[30.7074411,36.8872839],[30.7074832,36.8872751],[30.7075304,36.8872652],[30.7075768,36.8872404],[30.7076091,36.8872148],[30.7076481,36.8871696],[30.7089193,36.8853103],[30.7089796,36.8852221],[30.7090131,36.8851731],[30.7091441,36.8849816],[30.7092057,36.8848599],[30.7092289,36.8847808],[30.7092662,36.8843766],[30.7092583,36.8841443],[30.7092463,36.8837943],[30.7092322,36.8833709],[30.7092316,36.8833485],[30.70922,36.8831152],[30.709194,36.8830065],[30.7091724,36.882935],[30.7091359,36.8828518],[30.7091111,36.8828125],[30.7090771,36.8827636],[30.7087695,36.8824292],[30.7082326,36.8818687],[30.7079511,36.8815615],[30.7079192,36.8815166],[30.7079045,36.8814586],[30.707912,36.8814007],[30.7079276,36.8813708],[30.7079608,36.8813088],[30.7081737,36.8810365]],[[30.7081737,36.8810365],[30.7083029,36.8808709],[30.7083399,36.8808238],[30.7084284,36.8807147],[30.7086377,36.8804597]],[[30.7086377,36.8804597],[30.7087125,36.8803696],[30.7090475,36.8799643],[30.7091614,36.8798306],[30.7092385,36.8797401],[30.7097463,36.8790082],[30.7099251,36.8787489],[30.7102333,36.8783144],[30.7104017,36.8780789],[30.7108112,36.8775012],[30.711165,36.8770265],[30.7118324,36.8761198],[30.7120419,36.8758603],[30.7122111,36.8756471],[30.7123194,36.8755125],[30.7124477,36.8753904],[30.7127377,36.8751996],[30.7129683,36.8750711],[30.713186,36.8749612],[30.7134684,36.8748514],[30.7137716,36.8747954],[30.714143,36.8747272],[30.7151122,36.8741347],[30.7151511,36.8741122],[30.7153341,36.874043],[30.7157901,36.8739393],[30.7160583,36.8739003],[30.7165543,36.8738427],[30.7166072,36.8738382],[30.7166509,36.8738421],[30.7166863,36.8738488],[30.7167312,36.8738712],[30.7167651,36.8738951],[30.716794,36.8739277],[30.7168135,36.8739584],[30.7168276,36.8739946],[30.7168899,36.8741472],[30.7169293,36.8742439],[30.7169756,36.8743204],[30.7170249,36.8743981],[30.7171196,36.8745532],[30.7171424,36.8746095],[30.7171569,36.8746667],[30.7171596,36.8747221],[30.7171496,36.8747985],[30.7171344,36.8749073],[30.7171233,36.8749499],[30.7171029,36.8749833],[30.7170659,36.87502],[30.7170237,36.8750435],[30.7169771,36.8750625],[30.7169219,36.8750728],[30.7168601,36.8750677],[30.7168007,36.8750467],[30.7167434,36.8750144],[30.7167172,36.8749819],[30.7166937,36.8749322],[30.7166898,36.8748792],[30.7167069,36.87483],[30.7167956,36.8746335],[30.7168764,36.874475],[30.7168944,36.8744365],[30.7169048,36.8744008],[30.7169092,36.8743579],[30.7169071,36.8742519]],[[30.7168899,36.8741472],[30.7169071,36.8742519]],[[30.6907026,36.8849869],[30.6908871,36.884978],[30.6909967,36.8849727],[30.6913717,36.8849871],[30.6916279,36.8850022],[30.6918961,36.8850424]]]}},{"type":"Feature","properties":{"route":"tram","name":"T5 Alibeyköy Cep Otogarı → Eminönü","colour":"#7C72B3"},"geometry":{"type":"MultiLineString","coordinates":[[[28.9445361,41.086782],[28.9445379,41.0867998],[28.9445397,41.0868186],[28.9433857,41.0868826],[28.9433841,41.0868662],[28.9433821,41.0868459],[28.9445361,41.086782]],[[28.9493957,41.0780825],[28.9494093,41.0780832],[28.9494443,41.0780847],[28.949382,41.0788706],[28.9493586,41.0788695],[28.9493332,41.0788684],[28.9493957,41.0780825]],[[28.9457577,41.0735961],[28.9457773,41.0735848],[28.9457962,41.0735737],[28.9462869,41.0740472],[28.946266,41.0740594],[28.9462482,41.0740697],[28.9457577,41.0735961]],[[28.9428234,41.0694101],[28.9428497,41.0694121],[28.9428718,41.0694139],[28.9427853,41.0700858],[28.9427531,41.0700833],[28.9427367,41.0700821],[28.9428234,41.0694101]],[[28.9426088,41.0644686],[28.9426305,41.0644608],[28.9426528,41.0644528],[28.9430167,41.0650302],[28.9429863,41.0650411],[28.9429725,41.065046],[28.9426088,41.0644686]],[[28.9407334,41.0567119],[28.9407382,41.0567003],[28.940748,41.0566769],[28.9415304,41.0568666],[28.9415232,41.0568839],[28.9415158,41.0569017],[28.9407334,41.0567119]],[[28.9350352,41.0501491],[28.9350532,41.0501475],[28.9350835,41.0501449],[28.9351908,41.050865],[28.9351654,41.0508672],[28.9351422,41.0508692],[28.9350352,41.0501491]],[[28.9380339,41.045084],[28.9380737,41.0450876],[28.9381081,41.0450908],[28.9379441,41.0457862],[28.9379067,41.0457811],[28.9378717,41.0457764],[28.9380339,41.045084]],[[28.9443006,41.0393185],[28.9443117,41.0393295],[28.9436375,41.0396979],[28.9436255,41.0396844],[28.9436142,41.0396717],[28.9442823,41.0393018],[28.9443006,41.0393185]],[[28.948265,41.0337292],[28.9482793,41.0337389],[28.9482925,41.0337482],[28.947775,41.0342709],[28.9477575,41.0342618],[28.9477446,41.0342517],[28.948265,41.0337292]],[[28.9548894,41.0284649],[28.9548938,41.0284754],[28.9549041,41.0284999],[28.9541103,41.0286917],[28.9541036,41.0286759],[28.9540955,41.0286566],[28.9548894,41.0284649]],[[28.9604746,41.0239265],[28.9604927,41.0239348],[28.9605102,41.0239434],[28.9600345,41.0244841],[28.9600197,41.0244754],[28.9600072,41.0244675],[28.9604746,41.0239265]],[[28.9488324,41.0753591],[28.9483534,41.0748212],[28.9482835,41.0747645],[28.9481767,41.0747063],[28.9481168,41.074678],[28.9480117,41.0746552],[28.9479289,41.0746452],[28.9478457,41.0746382],[28.9476681,41.0746436],[28.9473344,41.0746474],[28.9471723,41.074633],[28.9469906,41.0745844],[28.9468464,41.0745124],[28.946732,41.0744272],[28.946369,41.0741011],[28.945958,41.0737108],[28.9456957,41.0734615],[28.9452227,41.0730239],[28.9451511,41.0729769],[28.9449343,41.0728424],[28.9447073,41.0727183],[28.9436394,41.0722177],[28.9434043,41.0720851],[28.9432253,41.0719219],[28.9428586,41.07142],[28.9427218,41.0711764],[28.9426789,41.070962],[28.9427819,41.0701941],[28.9428216,41.0699016],[28.9428932,41.0693726],[28.9429969,41.0687617],[28.9430612,41.0685918],[28.9431746,41.0683716],[28.9436594,41.0678275],[28.9437977,41.0676185],[28.9438878,41.0674737],[28.9439334,41.0673271],[28.943975,41.0671229],[28.9439733,41.0667462],[28.943928,41.0665668],[28.9438462,41.0663494],[28.9437376,41.0661482],[28.9431042,41.0651339],[28.9429308,41.0648566],[28.9426527,41.0644117],[28.9425655,41.0642745],[28.9424743,41.0640986],[28.9424247,41.0639277],[28.9424099,41.0637619],[28.9424273,41.063598],[28.9424823,41.0634079],[28.9426969,41.0629013],[28.9427787,41.0627739],[28.9429075,41.0626283],[28.9430617,41.062507],[28.9437081,41.0620813],[28.9438771,41.0619367],[28.9440206,41.0617799],[28.9443336,41.061331],[28.9444168,41.0612088],[28.9444378,41.0611779],[28.9452303,41.0600346],[28.945304,41.0599213],[28.9453536,41.0598172],[28.9453925,41.0596877],[28.9454086,41.0595623],[28.9453979,41.0593945],[28.9453711,41.0592833],[28.9453013,41.0591275],[28.9452048,41.05899],[28.9449956,41.058725],[28.9448563,41.0585536],[28.9447716,41.058454],[28.9446482,41.0583367],[28.9439922,41.0578465],[28.9437014,41.0576344],[28.9433587,41.0574256],[28.9430945,41.0572997],[28.9428525,41.0571991],[28.942591,41.0571202],[28.9423068,41.057041],[28.9416048,41.0568726],[28.9411459,41.056762],[28.9406062,41.0566318],[28.9403337,41.0565666],[28.9394105,41.0563488],[28.9391678,41.0562747],[28.9389667,41.0562003],[28.9387117,41.0560804],[28.9385216,41.0559689],[28.9376694,41.0554426],[28.9375417,41.0553403],[28.9373808,41.0551836],[28.9366866,41.0544606],[28.936584,41.054318],[28.9365352,41.054224],[28.9364946,41.0541116],[28.9364645,41.0539846],[28.9364439,41.0538123],[28.9363984,41.053474],[28.9363564,41.0533314],[28.9362815,41.0531638],[28.9362172,41.0530615],[28.9361053,41.0529031],[28.9357926,41.0525566],[28.9355971,41.0523316],[28.935473,41.05218],[28.9354207,41.0520782],[28.9353871,41.0519765],[28.9353585,41.0518058],[28.9352224,41.0509101],[28.9351644,41.0505614],[28.9350902,41.0501161]],[[28.9490386,41.0755906],[28.9488324,41.0753591]],[[28.9433924,41.0869015],[28.9439324,41.0868716],[28.9445955,41.0868349],[28.9446361,41.0868327],[28.944972,41.0868179],[28.945013,41.0868149],[28.9450554,41.0868118],[28.945319,41.0868027],[28.9455046,41.0867901],[28.94573,41.0867712],[28.9458986,41.0867379],[28.9460587,41.0866912],[28.9475324,41.0861129],[28.9476515,41.0860654],[28.9479658,41.0859401],[28.9480316,41.0859138],[28.9481895,41.0858419],[28.9483304,41.0857656],[28.9485353,41.0855939],[28.9486438,41.0854379],[28.9487021,41.0853011],[28.9487295,41.0851969],[28.9487578,41.0848821],[28.948757,41.0847806],[28.9487408,41.0846699],[28.9485063,41.0842321],[28.9484744,41.0841291],[28.9484492,41.0840083],[28.9484415,41.0839329],[28.9484457,41.0838598],[28.9485846,41.0831305],[28.9486442,41.0827563],[28.9486796,41.0826041],[28.9487188,41.0824647],[28.9489405,41.081829],[28.9489949,41.0816187],[28.949253,41.0803743],[28.949287,41.0801343],[28.9493897,41.0789469],[28.9494362,41.0784279],[28.9494708,41.0780416],[28.9494941,41.0777688],[28.9494869,41.0775767],[28.9494426,41.0769488],[28.9494377,41.0768953],[28.9494318,41.0768296],[28.9493809,41.0762541],[28.9493632,41.076112],[28.9493083,41.0759572],[28.949254,41.0758614],[28.9491893,41.0757625],[28.9490386,41.0755906]],[[28.9350902,41.0501161],[28.9350823,41.0500259],[28.9350858,41.049971],[28.9350948,41.0499103],[28.9351135,41.0498583],[28.9351333,41.0498112],[28.9351663,41.049754],[28.9352226,41.0496856],[28.9372653,41.0475748],[28.9373664,41.0474455],[28.9374125,41.0473803],[28.937483,41.0472358],[28.9375286,41.0470953]],[[28.9375286,41.0470953],[28.9375579,41.0469955],[28.937586,41.0468738],[28.9377277,41.0463227],[28.9378313,41.0458241],[28.9378997,41.0455401],[28.9380161,41.0450557],[28.9380553,41.0449224],[28.9380892,41.0448338],[28.9381759,41.0446406],[28.9383427,41.044262],[28.9383975,41.0441569],[28.9384744,41.0440248],[28.9385892,41.0438496],[28.9392932,41.0427418],[28.9398084,41.0419339],[28.9400125,41.0416641],[28.9401331,41.0415327],[28.9402829,41.0413878],[28.9404922,41.0412088],[28.9407371,41.041013],[28.9409692,41.0408371],[28.9410846,41.0407634],[28.9411694,41.0407119],[28.9412481,41.0406669],[28.9414048,41.0405951],[28.9415075,41.0405542],[28.9417163,41.0404839],[28.9418116,41.0404549],[28.9423823,41.0402945],[28.9425125,41.0402537],[28.9426072,41.0402198],[28.9427197,41.040176],[28.9428684,41.0401149],[28.9429419,41.0400814],[28.9430556,41.0400253],[28.943507,41.039784],[28.9439399,41.0395444],[28.9443463,41.0393195],[28.9444715,41.0392434],[28.9445328,41.0391906],[28.9445882,41.0391316],[28.9446362,41.0390697],[28.9446793,41.0390008],[28.944747,41.0388513],[28.9448733,41.038553],[28.9449485,41.0383892],[28.9450924,41.038099],[28.9453197,41.0377137],[28.9455915,41.03723],[28.9456129,41.0371916],[28.9456414,41.0371379],[28.9465783,41.035632],[28.946664,41.0354935],[28.9467374,41.0353907],[28.9469235,41.0351609],[28.9473439,41.0347249],[28.9476909,41.0343646],[28.9480391,41.0340207],[28.9483291,41.0337319],[28.9487081,41.0333488],[28.9491752,41.0329104],[28.9497618,41.0323937]],[[28.9497618,41.0323937],[28.9502759,41.0319703],[28.9503819,41.0318645],[28.9506042,41.03163],[28.9506905,41.0315251],[28.9508004,41.0313921],[28.9510141,41.0311128]],[[28.9510141,41.0311128],[28.9513441,41.0306955],[28.9518829,41.0300628],[28.9519145,41.0300259],[28.952703,41.0292192],[28.9528037,41.0291427],[28.9528747,41.0290944],[28.9529742,41.0290311],[28.9530942,41.0289683],[28.9531939,41.0289251],[28.9532805,41.0288905],[28.9533872,41.0288601],[28.9539415,41.0287332],[28.9540971,41.0286972],[28.9544538,41.0286148],[28.9549358,41.0285033],[28.9552346,41.0284308],[28.9554019,41.0284098],[28.9561084,41.0283667],[28.9562391,41.0283408],[28.9563285,41.0283169],[28.9564143,41.0282895],[28.9565044,41.0282511],[28.9566007,41.0281892],[28.9566805,41.0281289],[28.9568601,41.0279604],[28.9575769,41.0272718],[28.9576804,41.0271928],[28.957743,41.0271592],[28.9585689,41.0268152],[28.9586586,41.0267735],[28.958809,41.0266811],[28.9588741,41.0266222],[28.9589309,41.0265607],[28.9589933,41.0264828],[28.9590423,41.026411],[28.9590919,41.026321],[28.9592346,41.0259833],[28.9592487,41.0259499],[28.9595209,41.0252783],[28.9595728,41.0251642],[28.9596154,41.0250812],[28.9596721,41.0249803],[28.959734,41.0248853],[28.9597988,41.024792],[28.9598965,41.0246748],[28.959998,41.0245574],[28.9602875,41.0242282],[28.9605595,41.0239145],[28.9605703,41.0239006],[28.9608299,41.0236294],[28.9612637,41.0232908]],[[28.9612637,41.0232908],[28.9613961,41.0232122],[28.9617694,41.0230315],[28.9618363,41.0229846],[28.9619014,41.0229296],[28.961998,41.0228281],[28.9620631,41.0227452],[28.9621122,41.0226513],[28.9623252,41.0220718]],[[28.9623252,41.0220718],[28.9624418,41.0218227],[28.9625071,41.021691],[28.9625547,41.0216158],[28.9625919,41.02157],[28.9629203,41.0212445],[28.9632559,41.0209233],[28.9635994,41.0205879],[28.963869,41.020324],[28.9639576,41.0202448],[28.9640076,41.0202032],[28.9645165,41.0198429],[28.9645804,41.0198013],[28.964835,41.0196392],[28.9649561,41.0195639],[28.9651313,41.0194642],[28.9653752,41.0193376],[28.9655716,41.0192451],[28.9657843,41.0191498],[28.9661601,41.0190008],[28.9664621,41.0188942],[28.9671521,41.0186945],[28.967251,41.0186788],[28.967372,41.0186655],[28.9674841,41.018661],[28.9677127,41.0186576],[28.9678145,41.0186544],[28.967915,41.0186389],[28.968373,41.0185561],[28.9684467,41.0185333],[28.9687657,41.0183929],[28.9688109,41.0183805],[28.9690134,41.0183459],[28.9692696,41.0183063],[28.9694324,41.018281],[28.9699904,41.0181799],[28.9704953,41.0180909]]]}},{"type":"Feature","properties":{"route":"tram","name":"T5 Eminönü → Alibeyköy Cep Otogarı","colour":"#7C72B3"},"geometry":{"type":"MultiLineString","coordinates":[[[28.9606247,41.0239462],[28.9606504,41.0239584],[28.9606658,41.0239657],[28.9601374,41.0245383],[28.9601183,41.0245291],[28.960103,41.0245218],[28.9606247,41.0239462]],[[28.954913,41.0285493],[28.9549217,41.0285696],[28.9549277,41.0285843],[28.9541339,41.0287761],[28.9541261,41.0287553],[28.9541194,41.0287375],[28.954913,41.0285493]],[[28.9483506,41.0337802],[28.9483696,41.0337905],[28.9483886,41.0337987],[28.9478672,41.0343289],[28.9478522,41.0343174],[28.947837,41.0343072],[28.9483506,41.0337802]],[[28.9443836,41.0393984],[28.9436533,41.0398047],[28.9436429,41.0397924],[28.94363,41.03978],[28.9443548,41.0393743],[28.9443697,41.0393867],[28.9443836,41.0393984]],[[28.9380339,41.045084],[28.9380737,41.0450876],[28.9381081,41.0450908],[28.9379441,41.0457862],[28.9379067,41.0457811],[28.9378717,41.0457764],[28.9380339,41.045084]],[[28.9351555,41.0501377],[28.9351828,41.0501365],[28.9352102,41.0501353],[28.9353304,41.0508512],[28.9352986,41.0508544],[28.9352626,41.0508578],[28.9351555,41.0501377]],[[28.9407697,41.0566269],[28.9407769,41.0566093],[28.9407855,41.0565918],[28.9415667,41.0567815],[28.9415616,41.0567985],[28.9415521,41.0568167],[28.9407697,41.0566269]],[[28.9427341,41.0644253],[28.9427549,41.0644178],[28.9427781,41.0644095],[28.9431419,41.0649869],[28.9431174,41.0649957],[28.9430978,41.0650027],[28.9427341,41.0644253]],[[28.9429603,41.0694219],[28.9429892,41.0694241],[28.9430087,41.0694256],[28.9430055,41.0694508],[28.9429223,41.0700976],[28.9429033,41.0700961],[28.9428736,41.0700938],[28.9429603,41.0694219]],[[28.9458677,41.0735336],[28.9458872,41.0735223],[28.9459062,41.0735112],[28.9463969,41.0739847],[28.9463766,41.0739965],[28.9463582,41.0740072],[28.9458677,41.0735336]],[[28.9495331,41.0780899],[28.9495623,41.0780913],[28.9495817,41.0780921],[28.9495194,41.078878],[28.9495019,41.0788772],[28.9494706,41.0788758],[28.9495331,41.0780899]],[[28.9445448,41.0868857],[28.9445465,41.0869034],[28.9445483,41.0869223],[28.9433943,41.0869863],[28.943393,41.0869727],[28.9433907,41.0869496],[28.9445448,41.0868857]],[[28.9612995,41.0233156],[28.9608561,41.0236477],[28.960623,41.0238937],[28.9606036,41.0239172],[28.9603158,41.0242528],[28.9600313,41.0245745],[28.9599302,41.0246992],[28.9598491,41.0247993],[28.959783,41.0248954],[28.9597226,41.0249828],[28.9596591,41.0250913],[28.9596127,41.0251758],[28.959569,41.0252776],[28.9593568,41.0257769],[28.9591979,41.0261711],[28.9591496,41.0262901],[28.9591066,41.0263882],[28.9590516,41.0264819],[28.9589799,41.0265667],[28.9589176,41.0266325],[28.9588058,41.0267271],[28.958719,41.0267843],[28.9585943,41.026845],[28.9578151,41.0271766],[28.9577275,41.027222],[28.9576239,41.0272918],[28.9569001,41.0279775],[28.9567163,41.0281516],[28.9566217,41.0282272],[28.9565243,41.0282833],[28.9564336,41.0283165],[28.9563296,41.0283528],[28.9562466,41.0283761],[28.9561132,41.0284009],[28.9554103,41.0284386],[28.9552471,41.0284601],[28.954946,41.0285288],[28.9544703,41.02864],[28.9539549,41.0287604],[28.9534036,41.0288935],[28.9532968,41.0289294],[28.9531939,41.0289698],[28.9530837,41.0290234],[28.953004,41.0290672],[28.9528994,41.0291291],[28.9528396,41.0291691],[28.9527417,41.0292421],[28.9519364,41.0300593],[28.9519178,41.0300786],[28.9513676,41.0307201],[28.9510538,41.0311257]],[[28.9623669,41.0220864],[28.9621469,41.0226569],[28.9620946,41.0227511],[28.9620298,41.0228408],[28.9619356,41.022946],[28.9618676,41.023008],[28.961796,41.023058],[28.9614313,41.0232363],[28.9612995,41.0233156]],[[28.9705263,41.0181854],[28.9700047,41.0182597],[28.9694521,41.0183343],[28.9692931,41.0183528],[28.9690623,41.0183797],[28.9688275,41.0184145],[28.9687837,41.0184258],[28.9684624,41.0185641],[28.9683852,41.018584],[28.9679243,41.0186673],[28.9678305,41.0186823],[28.9677178,41.0186878],[28.9674528,41.018696],[28.9673318,41.018705],[28.9672579,41.0187127],[28.9671514,41.0187301],[28.9665517,41.0189015],[28.9664577,41.0189317],[28.9662233,41.0190143],[28.9660097,41.0190986],[28.9658245,41.0191727],[28.9656178,41.0192654],[28.9654004,41.0193688],[28.9652112,41.0194628],[28.9650434,41.0195578],[28.9648933,41.0196488],[28.9647773,41.0197192],[28.9646093,41.019829],[28.9645444,41.0198681],[28.9640829,41.0202017],[28.96397,41.0202919],[28.9639039,41.0203497],[28.963637,41.0206112],[28.9632974,41.0209398],[28.9629593,41.0212688],[28.9626327,41.0215876],[28.9625903,41.0216411],[28.962548,41.0217068],[28.9624793,41.0218284],[28.9624004,41.0220029],[28.9623669,41.0220864]],[[28.9510538,41.0311257],[28.9508426,41.0314157],[28.9507103,41.0315867],[28.9506305,41.0316784],[28.9505567,41.0317533],[28.9502929,41.032009],[28.9501739,41.0321131],[28.9497859,41.0324257]],[[28.9497859,41.0324257],[28.9492064,41.0329328],[28.948777,41.0333328],[28.9483615,41.0337524],[28.9480691,41.0340404],[28.9477256,41.0343847],[28.9473737,41.034736],[28.9469668,41.035183],[28.9467826,41.0354097],[28.9466896,41.0355322],[28.946617,41.0356507],[28.9456552,41.0372075],[28.9456345,41.0372421],[28.9453572,41.0377227],[28.9451361,41.0381062],[28.9449913,41.0383937],[28.9449422,41.0385049],[28.9447846,41.0388712],[28.9447477,41.0389634],[28.9446964,41.0390582],[28.9446561,41.0391203],[28.9446185,41.0391626],[28.9445693,41.0392159],[28.9445109,41.0392633],[28.944371,41.0393509],[28.9439654,41.0395742],[28.9435352,41.0398112],[28.9430671,41.0400625],[28.942925,41.0401341],[28.942721,41.0402156],[28.9425654,41.0402728],[28.9423874,41.0403289],[28.9418195,41.0404905],[28.9417327,41.0405164],[28.941514,41.040592],[28.9414335,41.0406269],[28.9413015,41.0406874],[28.9411876,41.0407391],[28.9409934,41.0408645],[28.9407568,41.0410389],[28.9405221,41.0412308],[28.9403855,41.0413429],[28.9402587,41.0414633],[28.9400473,41.0416901],[28.939989,41.041761],[28.9398417,41.0419549],[28.9393417,41.0427433],[28.9386537,41.0438175],[28.9385897,41.0439226],[28.9385343,41.0440179],[28.9384357,41.0442273],[28.9383197,41.0444862],[28.9382264,41.0446991],[28.9381947,41.0447824],[28.9381675,41.0448757],[28.9381272,41.0450718],[28.938018,41.0455535],[28.9379523,41.0458431],[28.9379392,41.04593],[28.9376503,41.0470097],[28.9376116,41.0471108]],[[28.9376116,41.0471108],[28.9375558,41.0472335],[28.9375129,41.0473164],[28.9374551,41.0474056],[28.9374198,41.0474611],[28.9373126,41.04759],[28.9352657,41.0497113],[28.9352184,41.0497723],[28.9351814,41.0498287],[28.9351536,41.0498884],[28.9351377,41.0499572],[28.9351324,41.0500169],[28.935136,41.0501154]],[[28.935136,41.0501154],[28.9352099,41.0505648],[28.9352661,41.0509072],[28.9353992,41.0517967],[28.9354282,41.0519519],[28.9354736,41.0520719],[28.9355399,41.0521946],[28.9356313,41.0523114],[28.9358361,41.0525348],[28.9361395,41.0528842],[28.9362613,41.0530442],[28.9363321,41.0531569],[28.936408,41.0533222],[28.9364486,41.0534648],[28.9364894,41.0538082],[28.9365135,41.0539785],[28.936528,41.054044],[28.9365791,41.0541934],[28.9366282,41.0542999],[28.9367212,41.0544439],[28.9374142,41.0551656],[28.9375752,41.0553201],[28.9376982,41.0554177],[28.9385478,41.0559513],[28.9387311,41.0560566],[28.9389848,41.0561715],[28.939187,41.0562483],[28.9394219,41.0563223],[28.9403455,41.0565418],[28.940616,41.0566083],[28.9411417,41.056733],[28.941619,41.0568462],[28.9423121,41.0570073],[28.9426097,41.0570828],[28.9428726,41.0571687],[28.9431153,41.0572648],[28.9433768,41.0573851],[28.9437349,41.0576086],[28.9440317,41.0578269],[28.9446884,41.0583145],[28.9448011,41.0584268],[28.9448835,41.0585274],[28.9450344,41.0587099],[28.9452329,41.0589677],[28.9453429,41.0591235],[28.9454113,41.0592792],[28.9454462,41.0593834],[28.9454569,41.0595664],[28.9454435,41.0596908],[28.9453992,41.0598263],[28.9453509,41.0599304],[28.9452645,41.060056],[28.9444807,41.0611957],[28.9444603,41.061225],[28.9440688,41.0617931],[28.9439213,41.0619529],[28.9437577,41.0621025],[28.9430925,41.0625292],[28.9429477,41.0626465],[28.9428216,41.062784],[28.9427412,41.0629115],[28.9425293,41.063413],[28.9424676,41.0636011],[28.9424515,41.0637608],[28.9424702,41.0639267],[28.9425145,41.0640915],[28.942601,41.0642623],[28.9426929,41.0643984],[28.9429699,41.0648457],[28.9431406,41.0651212],[28.9437737,41.0661271],[28.9438945,41.0663413],[28.943979,41.0665637],[28.9440153,41.0667387],[28.9440098,41.0671239],[28.9439725,41.0673265],[28.9439331,41.0674757],[28.9438412,41.0676385],[28.9436998,41.0678493],[28.9432173,41.0683865],[28.9431047,41.0686056],[28.9430419,41.0687684],[28.9429471,41.0693696],[28.9428763,41.0699022],[28.9428368,41.0701993],[28.9427272,41.0709721],[28.9427647,41.071146],[28.9429083,41.0714049],[28.9432583,41.0718882],[28.9434614,41.0720615],[28.943677,41.0721986],[28.9447685,41.0727103],[28.944958,41.0728124],[28.9451631,41.072936],[28.9452325,41.0729773],[28.9457313,41.0734379],[28.9459997,41.0736907],[28.9464084,41.0740757],[28.9467791,41.0744145],[28.9468854,41.0744901],[28.947026,41.0745446],[28.9471817,41.074598],[28.9473413,41.074611],[28.9477684,41.0746087],[28.9479199,41.0746102],[28.9480019,41.0746123],[28.9481382,41.0746389],[28.9482129,41.0746703],[28.948325,41.0747392],[28.9484036,41.0748044],[28.9488773,41.0753363]],[[28.9488773,41.0753363],[28.9490836,41.0755678]],[[28.9490836,41.0755678],[28.949216,41.0757201],[28.9492604,41.0757789],[28.9493277,41.0758779],[28.9493664,41.0759661],[28.9494191,41.0761112],[28.949432,41.0762509],[28.9494792,41.0768288],[28.9494828,41.0768896],[28.9494862,41.0769443],[28.9495318,41.0775751],[28.9495406,41.0777735],[28.9495209,41.0780445],[28.9494877,41.0784326],[28.9494435,41.0789495],[28.9493333,41.0801415],[28.9493034,41.0803666],[28.9490422,41.0816269],[28.9489795,41.0818378],[28.9487588,41.0824783],[28.9487167,41.0826234],[28.9486827,41.0827616],[28.9486261,41.0831287],[28.9486199,41.0831608],[28.9484966,41.0838468],[28.9484913,41.0839235],[28.9485005,41.0839895],[28.9485249,41.0841156],[28.948557,41.0842271],[28.9487746,41.0846552],[28.9488064,41.0847776],[28.9488052,41.0848811],[28.9487801,41.0851969],[28.9487529,41.0853172],[28.9486933,41.0854512],[28.9485829,41.0856094],[28.9483647,41.0857939],[28.9482218,41.0858716],[28.9480558,41.085947],[28.9472886,41.0862468],[28.9460794,41.0867185],[28.9459211,41.0867643],[28.9457558,41.0868013],[28.9455296,41.0868217],[28.9452965,41.086835],[28.94496,41.0868515],[28.9446453,41.0868669],[28.9445988,41.0868692],[28.9439278,41.0869022],[28.9433937,41.0869284]]]}},{"type":"Feature","properties":{"route":"tram","name":"T2: Fahrettin Altay → Halkapınar","colour":"#50AB43"},"geometry":{"type":"MultiLineString","coordinates":[[[27.0693668,38.3977424],[27.0693226,38.3981774],[27.0693793,38.3981809],[27.0694234,38.3977459],[27.0693908,38.3977439],[27.0693668,38.3977424]],[[27.071224,38.4030694],[27.0712293,38.4030921],[27.0712325,38.4031056],[27.0716961,38.4030385],[27.0716876,38.4030023],[27.071224,38.4030694]],[[27.0773403,38.4003945],[27.0773325,38.4003758],[27.0773265,38.4003613],[27.0768957,38.4004717],[27.0769096,38.400505],[27.0773403,38.4003945]],[[27.0914343,38.4000691],[27.0916136,38.4002283],[27.0917454,38.4003641],[27.0917578,38.4003571],[27.0917699,38.4003502],[27.0916422,38.4002161],[27.0914587,38.40005],[27.0914343,38.4000691]],[[27.0957197,38.4030604],[27.0957043,38.4030695],[27.0956931,38.4030761],[27.0959728,38.4033655],[27.0959994,38.4033497],[27.0957197,38.4030604]],[[27.0984206,38.4056506],[27.0984282,38.4056428],[27.0984403,38.4056304],[27.0987681,38.4058263],[27.0987484,38.4058465],[27.0984206,38.4056506]],[[27.1049667,38.4077755],[27.1049695,38.4077397],[27.1050623,38.4077441],[27.1059175,38.4077846],[27.1059162,38.4078016],[27.1059148,38.4078203],[27.1049667,38.4077755]],[[27.1185213,38.4104409],[27.1185391,38.4104137],[27.1190463,38.4106188],[27.1190387,38.4106304],[27.1190285,38.4106459],[27.1185213,38.4104409]],[[27.1273482,38.4188605],[27.1273758,38.4188475],[27.1271924,38.4186094],[27.1271804,38.4186151],[27.1271648,38.4186225],[27.1273482,38.4188605]],[[27.1372543,38.4240959],[27.1372531,38.424084],[27.1372521,38.4240747],[27.1367381,38.4241075],[27.1367403,38.4241286],[27.1372543,38.4240959]],[[27.1413966,38.4289731],[27.1414701,38.4289621],[27.1415577,38.429323],[27.1415199,38.4293286],[27.1414842,38.4293339],[27.1413966,38.4289731]],[[27.1441185,38.433241],[27.1441542,38.4332245],[27.1441816,38.4332118],[27.1439121,38.4328546],[27.1438489,38.4328838],[27.1441185,38.433241]],[[27.1472312,38.4344058],[27.1473064,38.4347666],[27.1472725,38.434771],[27.1471971,38.4344102],[27.1472105,38.4344085],[27.1472312,38.4344058]],[[27.1479164,38.4394774],[27.1479068,38.4394965],[27.1478968,38.4395164],[27.1482576,38.4396282],[27.1482773,38.4395892],[27.1479164,38.4394774]],[[27.1521524,38.4381976],[27.1521589,38.4381643],[27.1516744,38.4381058],[27.1516678,38.4381392],[27.1521524,38.4381976]],[[27.1604984,38.4373341],[27.1604902,38.4373215],[27.1604821,38.437309],[27.1609279,38.4371308],[27.1609442,38.4371557],[27.1604984,38.4373341]],[[27.171684,38.434048],[27.1716948,38.4340254],[27.1717052,38.4340038],[27.1721491,38.4341342],[27.1721279,38.4341784],[27.171684,38.434048]],[[27.0694259,38.397922],[27.0693007,38.3990663],[27.0692713,38.3993367],[27.0690971,38.4008212],[27.0690092,38.4009842],[27.0689279,38.4011207],[27.0688842,38.4012573],[27.0688932,38.401351],[27.068932,38.4014211],[27.0689683,38.4014778],[27.0709727,38.4030484],[27.0710096,38.4030716],[27.0710535,38.4030927],[27.0711009,38.4031113],[27.0711355,38.4031186],[27.0711714,38.4031214],[27.0712059,38.4031219],[27.0712601,38.4031184],[27.0714855,38.4030844],[27.0716988,38.4030522],[27.0718162,38.4030289],[27.0719826,38.4029977],[27.0722127,38.4029326],[27.0737498,38.4019683],[27.073862,38.401885],[27.0745929,38.4014556],[27.0750935,38.4012006],[27.076131,38.4007704],[27.0767456,38.4005641],[27.0771268,38.4004705],[27.0774578,38.4003962],[27.0776727,38.4003436],[27.0785614,38.4002421],[27.079288,38.4001807],[27.0798997,38.4001235],[27.0803778,38.4000569],[27.0809166,38.3999395],[27.0816055,38.3996998],[27.0844941,38.3985351],[27.0847822,38.3984306],[27.0851124,38.3983109],[27.085599,38.3982084],[27.0859187,38.398179],[27.0861743,38.3981766],[27.0865792,38.3981944],[27.0869545,38.3982547],[27.0876413,38.3984165],[27.0888003,38.3986858],[27.0890102,38.3987407],[27.089908,38.3990699],[27.0906626,38.3994796],[27.0907635,38.3995591],[27.0914131,38.4000705],[27.0915938,38.4002492],[27.091699,38.4003532],[27.0919849,38.4007135],[27.092195,38.4009927],[27.0926101,38.4014437],[27.0929091,38.4016926],[27.0931333,38.4018466],[27.0933859,38.4019479],[27.0937821,38.4020859],[27.0943348,38.402268],[27.0944428,38.4023036],[27.0947643,38.402435],[27.0951014,38.4026201],[27.0953154,38.4027683],[27.0955129,38.4029114],[27.0956623,38.4030708],[27.0958197,38.4032394],[27.096165,38.4036034],[27.0969228,38.4044361],[27.0973498,38.4048867],[27.0975732,38.4050752],[27.0977404,38.4051944],[27.0981612,38.4055124],[27.0983759,38.4056332],[27.0983875,38.4056406],[27.0985483,38.4057432],[27.0987356,38.4058546],[27.0998197,38.406363],[27.0999581,38.4064171],[27.1002971,38.4065496],[27.1007485,38.4066873],[27.1038038,38.407608],[27.1040192,38.4076612],[27.104288,38.4077218],[27.1044957,38.4077497],[27.105432,38.4078079],[27.1059442,38.407842],[27.1065077,38.4078783],[27.1065511,38.4078812],[27.1066944,38.4078906],[27.1068259,38.4079287],[27.1069103,38.4079787],[27.1070596,38.4081514],[27.1072157,38.4083505],[27.107297,38.4084297],[27.1073792,38.4084767],[27.1081196,38.4087086],[27.1086201,38.4089324],[27.1091058,38.4091692],[27.1097964,38.4094507],[27.1104138,38.409685],[27.1109433,38.4098518],[27.1114921,38.4099386],[27.1124057,38.4099196],[27.1133164,38.4098741],[27.1143559,38.4098773],[27.1157739,38.40997],[27.1179575,38.4102913],[27.1184512,38.4104364],[27.1188129,38.4105691],[27.1190429,38.4106763],[27.1192126,38.4107717],[27.1195564,38.410987],[27.1200957,38.4114398],[27.1203885,38.4118405],[27.1205956,38.4121891],[27.1209242,38.4131661],[27.1211413,38.4136713],[27.1214933,38.414125],[27.1219525,38.4144896],[27.1241845,38.4162332],[27.124285,38.4163094],[27.1245976,38.4165544],[27.1249762,38.4167805],[27.1251546,38.4168852],[27.125639,38.4171434],[27.1259828,38.4173593],[27.1262157,38.417525],[27.1264211,38.417695],[27.1266241,38.417917],[27.1268502,38.4182139],[27.127098,38.4185497],[27.1272484,38.4187619],[27.1273651,38.4189278],[27.1274454,38.4190304],[27.1275192,38.4191402],[27.1275922,38.4192735],[27.1276428,38.4193793],[27.1277075,38.4195448],[27.1278153,38.4199117],[27.1279203,38.4202214],[27.1279942,38.4203638],[27.1282006,38.4206432],[27.1283708,38.420853],[27.1285761,38.4210782],[27.1287338,38.4212166],[27.1288831,38.4213264],[27.1290787,38.4214422],[27.1292737,38.4215405],[27.1293701,38.4215793],[27.1298265,38.4217627],[27.1299138,38.4218033],[27.1301924,38.421933],[27.1303925,38.4220576],[27.130548,38.4221821],[27.1307818,38.4223716],[27.1308953,38.4224785],[27.1310663,38.422653],[27.1313627,38.4232344],[27.1315868,38.4236765],[27.131796,38.4240803],[27.1318436,38.424173],[27.1319544,38.4243898],[27.1319828,38.4244329],[27.1320186,38.4244605],[27.1320743,38.4244793],[27.1321333,38.424492],[27.1321898,38.4244933],[27.1339142,38.4243617],[27.1369965,38.4241264],[27.1373674,38.4241028],[27.1374571,38.4240984],[27.1375234,38.4240993],[27.137558,38.4241024],[27.1376241,38.4241111],[27.1376981,38.4241399],[27.1377607,38.4241856],[27.1377689,38.4241963],[27.1392891,38.4258842],[27.1393399,38.425937],[27.1408894,38.4275933],[27.1410014,38.4276743],[27.1410529,38.4277044],[27.1410874,38.4277236],[27.1411535,38.4277564],[27.1412294,38.4277941],[27.1412998,38.4278705],[27.1413188,38.4279267],[27.1413213,38.4279956],[27.1413108,38.4280381],[27.1413064,38.4280762],[27.1413009,38.4281767],[27.1415549,38.429185],[27.1416433,38.4295448],[27.141685,38.4296843],[27.1417138,38.4297634],[27.141794,38.4298465],[27.1418321,38.4299327],[27.1418492,38.4300118],[27.1418771,38.4300907],[27.1431689,38.431808],[27.1440635,38.4330284],[27.1442443,38.4332695],[27.144467,38.4335567],[27.1445753,38.4337948],[27.1447251,38.4340056],[27.1447525,38.434036],[27.1447832,38.4340538],[27.1448302,38.434071],[27.1448632,38.4340627],[27.1459438,38.4337941],[27.1467826,38.4335898],[27.1468514,38.4335967],[27.146893,38.4336018],[27.1469726,38.4336317],[27.147033,38.4336809],[27.1470571,38.4337226],[27.1470805,38.4337621],[27.1470998,38.433819],[27.147147,38.4342326],[27.147168,38.4343517],[27.1472189,38.4346079],[27.147318,38.4350675],[27.1473269,38.4351073],[27.1473682,38.4353082],[27.1475213,38.4362126],[27.1475492,38.4365792],[27.1475529,38.4366958],[27.147558,38.4368411],[27.1475688,38.437021],[27.1475952,38.4373787],[27.1475802,38.4378466],[27.1474957,38.4388208],[27.1474943,38.4389208],[27.1475269,38.4391139],[27.1475606,38.4391851],[27.147586,38.4392418],[27.1476206,38.4392859],[27.1476586,38.4393322],[27.1476829,38.4393536],[27.1477613,38.4393997],[27.1478322,38.4394279],[27.1481284,38.4395222],[27.148625,38.4396833],[27.1487094,38.4397054],[27.1488436,38.4396938],[27.1489119,38.4396648],[27.1489664,38.4396411],[27.1489877,38.4396254],[27.1490058,38.4396108],[27.1490394,38.4395625],[27.1494296,38.4382557],[27.1494752,38.4381749],[27.1495027,38.4381465],[27.1495423,38.4381055],[27.1496388,38.4380394],[27.1497421,38.4379879],[27.149844,38.4379637],[27.1499875,38.4379516],[27.1516117,38.4381467],[27.1519133,38.4381843],[27.1526202,38.4382688],[27.1533274,38.4383568],[27.1541405,38.4384595],[27.1544198,38.4384974],[27.1547283,38.4385121],[27.1550623,38.4385184],[27.1552366,38.4385121],[27.1556326,38.4384712],[27.1564913,38.4383741],[27.156711,38.4383494],[27.1568801,38.4383313],[27.1572564,38.4382846],[27.1577562,38.4382159],[27.1582962,38.438132],[27.1586537,38.4380582],[27.1589541,38.4379501],[27.15922,38.4378603],[27.1595354,38.4377333],[27.160423,38.4373763],[27.1607153,38.4372586],[27.1621491,38.4366818],[27.1622786,38.4366505],[27.1625847,38.4365806],[27.16275,38.4365401]],[[27.16275,38.4365401],[27.1632427,38.4363437]],[[27.1632427,38.4363437],[27.1633304,38.4363027],[27.1633967,38.4362606],[27.1635434,38.4361632],[27.163768,38.4360399],[27.1639718,38.4359452],[27.1641857,38.435849],[27.1643849,38.4357744],[27.1645707,38.4357161],[27.1655081,38.4354244],[27.1656674,38.4353707],[27.1658038,38.4353128],[27.1661249,38.435144]],[[27.1661249,38.435144],[27.1689727,38.4337205]],[[27.1689727,38.4337205],[27.1691061,38.4336626],[27.1691984,38.4336258],[27.1692743,38.4335989],[27.1693464,38.4335778],[27.1694298,38.433558],[27.1695127,38.4335442],[27.1696185,38.4335307],[27.1697082,38.4335241],[27.1697961,38.4335234],[27.1698759,38.4335285],[27.1700014,38.4335396],[27.1700822,38.4335526],[27.1701837,38.4335719],[27.1702915,38.4336015],[27.1712042,38.4338617]],[[27.1712042,38.4338617],[27.1714677,38.4339362],[27.171543,38.4339542],[27.1716195,38.4339664],[27.1716626,38.4339742],[27.1717,38.4339829],[27.1719746,38.4340617]]]}},{"type":"Feature","properties":{"route":"tram","name":"T2: Halkapınar → Fahrettin Altay","colour":"#50AB43"},"geometry":{"type":"MultiLineString","coordinates":[[[27.171684,38.434048],[27.1716948,38.4340254],[27.1717052,38.4340038],[27.1721491,38.4341342],[27.1721279,38.4341784],[27.171684,38.434048]],[[27.1579568,38.4399094],[27.1579663,38.4399342],[27.1579745,38.4399555],[27.1583883,38.4398578],[27.1583706,38.4398119],[27.1579568,38.4399094]],[[27.1479164,38.4394774],[27.1479068,38.4394965],[27.1478968,38.4395164],[27.1482576,38.4396282],[27.1482773,38.4395892],[27.1479164,38.4394774]],[[27.1471148,38.4344159],[27.14719,38.4347767],[27.147156,38.434781],[27.1470807,38.4344202],[27.1470966,38.4344182],[27.1471148,38.4344159]],[[27.1441185,38.433241],[27.1441542,38.4332245],[27.1441816,38.4332118],[27.1439121,38.4328546],[27.1438489,38.4328838],[27.1441185,38.433241]],[[27.1413966,38.4289731],[27.1414701,38.4289621],[27.1415577,38.429323],[27.1415199,38.4293286],[27.1414842,38.4293339],[27.1413966,38.4289731]],[[27.1372695,38.4241821],[27.1372683,38.4241708],[27.1372673,38.4241609],[27.1367534,38.4241937],[27.1367556,38.4242148],[27.1372695,38.4241821]],[[27.1272347,38.4189059],[27.1270488,38.418655],[27.1270644,38.4186479],[27.1270805,38.4186406],[27.1272664,38.4188915],[27.1272347,38.4189059]],[[27.1184732,38.4105339],[27.1184913,38.4105061],[27.1189852,38.4107035],[27.1189784,38.410714],[27.118967,38.4107314],[27.1184732,38.4105339]],[[27.1049253,38.4078713],[27.1049281,38.4078355],[27.1058761,38.4078805],[27.1058746,38.4079001],[27.1058734,38.4079161],[27.1049253,38.4078713]],[[27.0985742,38.4061283],[27.0985928,38.4061109],[27.0982787,38.4059061],[27.0982697,38.4059146],[27.0982601,38.4059235],[27.0985742,38.4061283]],[[27.0951338,38.4030992],[27.0951586,38.4030787],[27.0954596,38.4033019],[27.0954475,38.403312],[27.0954349,38.4033224],[27.0951338,38.4030992]],[[27.0913831,38.4004831],[27.0915431,38.4006661],[27.0916612,38.4007988],[27.0916312,38.4008176],[27.0915152,38.400682],[27.0913537,38.4005008],[27.0913678,38.4004923],[27.0913831,38.4004831]],[[27.0833605,38.3992962],[27.0833746,38.3993176],[27.083396,38.3993503],[27.0829112,38.399547],[27.0828725,38.3994997],[27.0833605,38.3992962]],[[27.077653,38.4007207],[27.0776588,38.4007463],[27.0776627,38.4007633],[27.0780955,38.4007024],[27.0780858,38.4006599],[27.077653,38.4007207]],[[27.0716545,38.4031018],[27.0712951,38.4031551],[27.0712999,38.4031751],[27.0713041,38.4031923],[27.0717027,38.4031306],[27.0717,38.4031087],[27.0716577,38.403115],[27.0716545,38.4031018]],[[27.0693668,38.3977424],[27.0693226,38.3981774],[27.0693793,38.3981809],[27.0694234,38.3977459],[27.0693908,38.3977439],[27.0693668,38.3977424]],[[27.1719198,38.4341376],[27.1717068,38.4340751],[27.1716684,38.4340604],[27.1716265,38.4340453],[27.1715228,38.4339988],[27.1714468,38.4339714],[27.1711901,38.4338984]],[[27.1711901,38.4338984],[27.1702575,38.4336347],[27.1701789,38.4336158],[27.1701003,38.4335969],[27.1700016,38.4335833],[27.1699602,38.43358],[27.1698556,38.4335745],[27.1697933,38.4335755],[27.1697042,38.4335786],[27.1696165,38.4335862],[27.1695095,38.4336002],[27.16942,38.4336199],[27.1693235,38.4336454],[27.1692273,38.43368],[27.1691194,38.4337238],[27.1690177,38.4337751]],[[27.1690177,38.4337751],[27.1661642,38.4351941]],[[27.1661642,38.4351941],[27.1658139,38.4353514],[27.1656811,38.4354034],[27.1655269,38.4354543],[27.1645908,38.4357458],[27.1643518,38.4358354],[27.1641524,38.4359333],[27.1638436,38.436104],[27.1635237,38.4362689],[27.1634236,38.4363094],[27.1632562,38.4363783]],[[27.1632562,38.4363783],[27.1627573,38.4365841]],[[27.1627573,38.4365841],[27.1626678,38.4366553],[27.1626313,38.4367061],[27.1626017,38.4367636],[27.1625888,38.4368266],[27.1626036,38.4369029],[27.1628545,38.4374109],[27.162891,38.4375161],[27.1631012,38.4383086],[27.1631125,38.4384025],[27.1631106,38.4384425],[27.1630975,38.4385048],[27.1630692,38.4385825],[27.1629886,38.4386815],[27.1629114,38.4387426],[27.1628107,38.4387929],[27.1626649,38.4388375],[27.1614392,38.4391159],[27.1612043,38.4391564],[27.1603107,38.4393009],[27.160042,38.4393636],[27.1595268,38.4395342],[27.1593699,38.4395814],[27.1592183,38.4396172],[27.1581303,38.439852],[27.1576605,38.4399602],[27.1574199,38.4400709],[27.1572161,38.4402096],[27.1570176,38.4403041],[27.1568754,38.4403566],[27.1566739,38.440418],[27.1558413,38.4406161],[27.1557215,38.4406409],[27.1551375,38.4407624],[27.1549945,38.4407842],[27.154837,38.4408083],[27.1545419,38.4408398],[27.1541807,38.4408612],[27.1537154,38.4408627],[27.1533014,38.4408535],[27.1529871,38.4408382],[27.152736,38.4408141],[27.1524202,38.4407691],[27.1512518,38.4405675],[27.1510179,38.4405137],[27.1508529,38.4404699],[27.1502894,38.4402885],[27.1492077,38.4399497],[27.1480856,38.4395909],[27.1478163,38.4395062],[27.1476083,38.4394316],[27.1475345,38.4393955],[27.1474923,38.439368],[27.1474419,38.4393234],[27.1474118,38.4392886],[27.1473764,38.4392337],[27.1473622,38.4391646],[27.1473649,38.4391065],[27.1474577,38.4387418],[27.1475412,38.4378456],[27.1475524,38.4373641],[27.1475095,38.4366577],[27.1475108,38.436578],[27.1474796,38.436223],[27.1473282,38.4353627],[27.1473144,38.4353117],[27.1472163,38.4348003],[27.147179,38.4346148],[27.1471276,38.4343592],[27.1471024,38.434234],[27.1470563,38.4338112],[27.1470416,38.4337698],[27.1469963,38.4337074],[27.146955,38.433671],[27.1469184,38.433651],[27.146878,38.4336358],[27.1468085,38.4336273],[27.145965,38.4338308],[27.1448949,38.4341021],[27.1448244,38.434109],[27.1447755,38.4340999],[27.1447099,38.4340514],[27.1441582,38.4333135],[27.14397,38.4330721],[27.1430815,38.431836],[27.1418141,38.4301168],[27.1417315,38.4300748],[27.1416852,38.4300447],[27.141632,38.4300162],[27.1415907,38.4299865],[27.1415517,38.4299299],[27.1415298,38.4298726],[27.1415343,38.4298109],[27.1415292,38.4296825],[27.141513,38.429563],[27.1414313,38.4292113],[27.1411934,38.4281969],[27.1411505,38.4281006],[27.1411145,38.4280629],[27.1410545,38.4280069],[27.1410085,38.4279293],[27.1409846,38.4278543],[27.1409454,38.4277753],[27.1409115,38.4277221],[27.1408517,38.4276284],[27.1393001,38.4259512],[27.1392498,38.4259009],[27.1377217,38.42423],[27.1376963,38.4242092],[27.1376697,38.4241896],[27.1376363,38.424168],[27.1375651,38.4241447],[27.1375219,38.4241385],[27.1374493,38.4241336],[27.1373692,38.4241342],[27.1369784,38.4241593],[27.1339364,38.4244002],[27.1322006,38.4245376],[27.132136,38.4245361],[27.1320819,38.4245252],[27.1320005,38.4244822],[27.131953,38.4244415],[27.1319227,38.4244042],[27.1318181,38.4241829],[27.131682,38.4239167],[27.1316497,38.4238536],[27.1313355,38.423241],[27.1310314,38.422657],[27.1309376,38.4225625],[27.1306543,38.4223145],[27.1305061,38.4221889],[27.1302626,38.4220065],[27.1301361,38.421934],[27.1299541,38.4218479],[27.1298045,38.4217772],[27.129345,38.421601],[27.1292583,38.4215678],[27.1290486,38.4214637],[27.1289251,38.4213879],[27.1287783,38.4212929],[27.1286497,38.4211935],[27.1285007,38.4210425],[27.1282896,38.4208104],[27.1281051,38.4205737],[27.127959,38.4203614],[27.1278889,38.4202336],[27.1278374,38.4201084],[27.1277821,38.4199543],[27.1276902,38.4196474],[27.1276468,38.4195075],[27.1275978,38.4193698],[27.1275226,38.4192264],[27.1274523,38.4191123],[27.1273355,38.4189481],[27.1272145,38.4187768],[27.1270551,38.4185529],[27.1267989,38.4182018],[27.1265947,38.4179602],[27.1264327,38.4177718],[27.1262948,38.417647],[27.1260656,38.417468],[27.1258534,38.4173211],[27.1256169,38.4171769],[27.1249547,38.416814],[27.1245704,38.4165798],[27.124178,38.4162934],[27.1240787,38.4162175],[27.1221806,38.4147366],[27.1220123,38.4145989],[27.1214426,38.4141328],[27.1211073,38.413682],[27.1208874,38.413172],[27.1207155,38.4126223],[27.120569,38.4121997],[27.1203566,38.4118407],[27.1200747,38.4114615],[27.119526,38.4110044],[27.1192006,38.4107947],[27.1190239,38.4106958],[27.1187866,38.410597],[27.1184453,38.4104601],[27.117953,38.4103286],[27.1157423,38.4100044],[27.1143593,38.4099125],[27.1133227,38.4099011],[27.1124129,38.4099522],[27.1114828,38.4099685],[27.1109468,38.4098876],[27.1103994,38.4097084],[27.1097837,38.4094776],[27.1090849,38.4091963],[27.1085954,38.4089542],[27.1080919,38.4087316],[27.1073483,38.4085063],[27.1072629,38.4084597],[27.1071731,38.4083768],[27.1070486,38.4081974],[27.1068811,38.40802],[27.1068001,38.4079621],[27.1067198,38.4079354],[27.106581,38.4079246],[27.1061963,38.4078948],[27.1059187,38.4078763],[27.1054211,38.4078431],[27.1042761,38.4077682],[27.1042059,38.4077778],[27.1041221,38.4078119],[27.1039251,38.4078922],[27.1038286,38.4079369],[27.1037641,38.4079621],[27.103672,38.4079744],[27.1035109,38.4079582],[27.1019957,38.4074606],[27.1001619,38.4067935],[27.0992661,38.4064282],[27.0986068,38.4060992],[27.0984538,38.4059981],[27.0982508,38.4058639],[27.0975113,38.4053751],[27.0966177,38.4045367],[27.0958171,38.4036292],[27.0955278,38.4033343],[27.0953166,38.4031765],[27.0950367,38.4029603],[27.0944591,38.4026063],[27.0941844,38.4025005],[27.0930889,38.4021202],[27.0926324,38.4018612],[27.0922978,38.4015568],[27.0916791,38.4007969],[27.0915622,38.4006552],[27.0913906,38.4004657],[27.0910443,38.4001616],[27.0905074,38.3997647],[27.0897426,38.3993331],[27.0891834,38.3991074],[27.0886899,38.3989482],[27.0884209,38.3988615],[27.0871524,38.3985527],[27.0867893,38.3984768],[27.0862823,38.3984267],[27.0858898,38.3984328],[27.0852613,38.3985315],[27.0836715,38.3991419],[27.0830929,38.3993877],[27.081353,38.4000673],[27.0807955,38.400213],[27.0801351,38.4003462],[27.0794195,38.4004588],[27.0778399,38.4006817],[27.0775815,38.4007172],[27.0773686,38.4007464],[27.0770394,38.4008076],[27.0766301,38.4009057],[27.0756573,38.40125],[27.0746411,38.401783],[27.0729541,38.4028335],[27.0727837,38.4028981],[27.0723151,38.4029803],[27.0719154,38.4030535],[27.0716148,38.4030926],[27.0714891,38.4031119],[27.0712662,38.4031452],[27.0712196,38.4031494],[27.0712104,38.4031493],[27.0711582,38.4031487],[27.0711124,38.4031411],[27.0710801,38.4031328],[27.0710299,38.4031118],[27.070986,38.403088],[27.0709479,38.4030642],[27.0689414,38.4014909],[27.0689039,38.4014351],[27.0688598,38.4013693],[27.068845,38.4012688],[27.0688909,38.4011179],[27.0689664,38.4009792],[27.0690474,38.4008268],[27.0692228,38.3993367],[27.0692542,38.3990696],[27.0693001,38.3987088],[27.0692777,38.3983978],[27.0693218,38.3979125]]]}},{"type":"Feature","properties":{"route":"tram","name":"T1: Alaybey → Flamingo (Karşıyaka Tramvay Hattı)","colour":"#508243"},"geometry":{"type":"MultiLineString","coordinates":[[[27.1269757,38.4599686],[27.1270256,38.4599459],[27.1272705,38.4602762],[27.1272205,38.4602989],[27.1269757,38.4599686]],[[27.1188703,38.4544534],[27.1188954,38.4544306],[27.1192845,38.4546924],[27.1192593,38.4547153],[27.1188703,38.4544534]],[[27.110256,38.4497867],[27.1102468,38.4497532],[27.1107335,38.4496711],[27.1107427,38.4497047],[27.110256,38.4497867]],[[27.1036382,38.4515208],[27.10366,38.4515465],[27.1032663,38.4517627],[27.1032397,38.4517333],[27.1036382,38.4515208]],[[27.0993101,38.454114],[27.0992749,38.4540713],[27.098913,38.4542543],[27.0989482,38.454297],[27.0993101,38.454114]],[[27.0943736,38.4579211],[27.0945338,38.4582359],[27.0945643,38.4582264],[27.0944042,38.4579116],[27.0943736,38.4579211]],[[27.0903422,38.4604222],[27.0903248,38.4604039],[27.0899151,38.4606444],[27.0899325,38.4606626],[27.0903422,38.4604222]],[[27.0861028,38.4639375],[27.0861361,38.4639258],[27.0859813,38.463656],[27.085948,38.4636677],[27.0861028,38.4639375]],[[27.0880637,38.4676295],[27.0878364,38.467979],[27.0877987,38.4679639],[27.0880261,38.4676144],[27.0880637,38.4676295]],[[27.082143,38.4743091],[27.0821729,38.4743289],[27.0824663,38.4740573],[27.0824364,38.4740375],[27.082143,38.4743091]],[[27.0744181,38.4752982],[27.0744182,38.4752821],[27.0744184,38.4752546],[27.075106,38.4752576],[27.0751056,38.4753117],[27.074418,38.4753088],[27.0744181,38.4752982]],[[27.0676761,38.4755092],[27.0677213,38.4755359],[27.0679988,38.4752479],[27.0679537,38.4752213],[27.0676761,38.4755092]],[[27.0592935,38.4861466],[27.0597637,38.4862],[27.0597695,38.4861686],[27.0592993,38.4861151],[27.0592935,38.4861466]],[[27.1254279,38.4576808],[27.126701,38.4594371],[27.126745,38.4595],[27.1269812,38.459845],[27.1271438,38.4600515]],[[27.1254279,38.4576808],[27.1249776,38.4570145],[27.1245422,38.4564023]],[[27.1196188,38.4549802],[27.1198259,38.4551539],[27.1199571,38.4552534],[27.1200326,38.4552972],[27.1203007,38.4554317],[27.120466,38.4554838],[27.1205764,38.4555153],[27.1207072,38.4555386],[27.1208927,38.4555678],[27.1211306,38.455587],[27.1221972,38.4556636],[27.1232106,38.4556652],[27.1233781,38.4556745],[27.1235126,38.4557029],[27.1237031,38.4557596],[27.1238494,38.4558183],[27.1239779,38.4558903],[27.1241152,38.455978],[27.1242411,38.4560797],[27.1243486,38.4561906],[27.1245422,38.4564023]],[[27.1196188,38.4549802],[27.1190376,38.4545942],[27.1187806,38.4544235],[27.1185504,38.4542236],[27.1182772,38.4540218],[27.1174957,38.4534445],[27.1167535,38.4527821],[27.1164179,38.4524569],[27.1162203,38.4522609],[27.1160807,38.45211],[27.115933,38.451992],[27.1157333,38.4518626],[27.1151254,38.4515185],[27.1132371,38.4505052],[27.1122193,38.4499627],[27.1118033,38.4497748],[27.1116439,38.4497195],[27.1114665,38.4496782],[27.1112165,38.4496583],[27.1109406,38.4496884],[27.1105121,38.4497602],[27.1102509,38.4498006],[27.1059097,38.4506581],[27.1055143,38.4507743],[27.1051115,38.4509101],[27.1042591,38.451302],[27.1039636,38.4514404],[27.1037275,38.4515511],[27.1035,38.4516596],[27.1026297,38.4521318],[27.1024063,38.4522384],[27.1008657,38.4529694],[27.1007583,38.4530217],[27.1006812,38.4530794],[27.1006387,38.4531386]],[[27.1006387,38.4531386],[27.1004652,38.4533697],[27.1003831,38.4534808],[27.1002813,38.4535618],[27.0990782,38.4541478],[27.0988116,38.4542781],[27.0973065,38.4549071],[27.0971021,38.4549969],[27.0968584,38.4550939],[27.0959069,38.4554725],[27.094224,38.456049],[27.094024,38.456158],[27.0939781,38.4562316],[27.093915,38.4563728]],[[27.093915,38.4563728],[27.093886,38.4564263],[27.0937376,38.456698]],[[27.0937376,38.456698],[27.0937108,38.4567638],[27.0937313,38.4568606],[27.093952,38.4572302],[27.0941678,38.4575913],[27.0944287,38.4580866],[27.094514,38.4582557],[27.0945338,38.4583401],[27.0945362,38.4583718],[27.094536,38.4583995],[27.0945375,38.4584377],[27.0945274,38.4584647],[27.0945083,38.4585109],[27.0944206,38.4585596],[27.0936793,38.4588162],[27.0928577,38.4591467],[27.0905083,38.4602846],[27.0900844,38.4605266],[27.0872896,38.462377],[27.0863984,38.4629988],[27.0859321,38.4633009],[27.0858845,38.4633691],[27.0858779,38.4634526],[27.0859316,38.4635429],[27.0860722,38.4637941],[27.0861606,38.4639441],[27.0880133,38.4670878],[27.0880638,38.4672635],[27.088076,38.4673307],[27.0880796,38.467398],[27.0880622,38.4675284],[27.0878868,38.4677883],[27.0875466,38.468327],[27.087436,38.4684616],[27.0871467,38.4688223],[27.0854398,38.4709361],[27.0853472,38.4710445],[27.0830439,38.4734954],[27.0829516,38.4736009],[27.0824849,38.4740693],[27.0823223,38.4742223],[27.0821843,38.474352],[27.0820311,38.4744845],[27.0818918,38.4746128],[27.0817781,38.4747188],[27.0816009,38.4748483],[27.081383,38.4749443],[27.0810787,38.475087],[27.080849,38.4751752],[27.0806105,38.4752271],[27.0802271,38.4752769],[27.0762178,38.4752843],[27.0755767,38.4752964],[27.0751536,38.4753165],[27.0747985,38.4753217],[27.0741907,38.4753184],[27.0737825,38.4752811],[27.0733382,38.4752868],[27.0712002,38.475286],[27.0711259,38.475286],[27.0703661,38.4752857],[27.0698876,38.4752841],[27.0695372,38.4752721],[27.0682788,38.4751541],[27.0681883,38.4751661],[27.068083,38.475208],[27.0679369,38.4753327],[27.0678561,38.4754198]],[[27.0678561,38.4754198],[27.0677369,38.4755484],[27.0674579,38.4758423],[27.0666965,38.4766572],[27.0665534,38.476828],[27.0663192,38.4771259],[27.0659625,38.4776139],[27.065658,38.4780624],[27.0652818,38.4786739],[27.0652786,38.4786791],[27.0652539,38.478718]],[[27.0652539,38.478718],[27.0651948,38.4788085],[27.0650413,38.4790441],[27.0649535,38.4791229],[27.064871,38.4791784],[27.064723,38.4792657],[27.0646772,38.4792927]],[[27.0646772,38.4792927],[27.0643264,38.4795324],[27.0642798,38.4795742],[27.0639738,38.4800469],[27.063849,38.4801718],[27.0637451,38.4802451],[27.0629788,38.4806399]],[[27.0629788,38.4806399],[27.0628656,38.4807082],[27.062802,38.4807565],[27.062749,38.480808],[27.0626706,38.4809063],[27.0626125,38.4810102],[27.0618859,38.4823222],[27.0618606,38.4823854],[27.0618477,38.4824645],[27.0618602,38.4825568],[27.0618923,38.4826491],[27.0621056,38.4830961],[27.0621426,38.4832008],[27.0621775,38.4833176],[27.0622092,38.4834495],[27.062207,38.4835636]],[[27.062207,38.4835636],[27.0621047,38.4841045],[27.0616783,38.4850689],[27.0614636,38.4855158],[27.0613542,38.4857436],[27.0613274,38.4858234],[27.0613073,38.4858835]],[[27.0613073,38.4858835],[27.0612527,38.4860279],[27.0612023,38.4861613],[27.0611454,38.4862358],[27.0610652,38.4862904],[27.0609689,38.4863198],[27.060878,38.4863243],[27.0607942,38.4863159],[27.0606036,38.4862963]],[[27.0606036,38.4862963],[27.0604603,38.4862814],[27.0597647,38.4862247],[27.0595559,38.4862009]]]}},{"type":"Feature","properties":{"route":"tram","name":"T1: Flamingo → Alaybey","colour":"#50AB43"},"geometry":{"type":"MultiLineString","coordinates":[[[27.0592935,38.4861466],[27.0597637,38.4862],[27.0597695,38.4861686],[27.0592993,38.4861151],[27.0592935,38.4861466]],[[27.0676761,38.4755092],[27.0677213,38.4755359],[27.0679988,38.4752479],[27.0679537,38.4752213],[27.0676761,38.4755092]],[[27.0744181,38.4752982],[27.0744182,38.4752821],[27.0744184,38.4752546],[27.075106,38.4752576],[27.0751056,38.4753117],[27.074418,38.4753088],[27.0744181,38.4752982]],[[27.082143,38.4743091],[27.0821729,38.4743289],[27.0824663,38.4740573],[27.0824364,38.4740375],[27.082143,38.4743091]],[[27.0878892,38.4675869],[27.0879259,38.4676007],[27.0877158,38.4679434],[27.0876792,38.4679296],[27.0878892,38.4675869]],[[27.0861028,38.4639375],[27.0861361,38.4639258],[27.0859813,38.463656],[27.085948,38.4636677],[27.0861028,38.4639375]],[[27.0902939,38.4603677],[27.0902785,38.460352],[27.0898659,38.4606001],[27.0898812,38.4606158],[27.0902939,38.4603677]],[[27.0942985,38.4579459],[27.0944585,38.4582607],[27.094428,38.4582702],[27.0942679,38.4579554],[27.0942985,38.4579459]],[[27.0976749,38.4544247],[27.0976917,38.4544535],[27.0972282,38.4546191],[27.0972114,38.4545902],[27.0976749,38.4544247]],[[27.1036382,38.4515208],[27.10366,38.4515465],[27.1032663,38.4517627],[27.1032397,38.4517333],[27.1036382,38.4515208]],[[27.110256,38.4497867],[27.1102468,38.4497532],[27.1107335,38.4496711],[27.1107427,38.4497047],[27.110256,38.4497867]],[[27.1188703,38.4544534],[27.1188954,38.4544306],[27.1192845,38.4546924],[27.1192593,38.4547153],[27.1188703,38.4544534]],[[27.1269757,38.4599686],[27.1270256,38.4599459],[27.1272705,38.4602762],[27.1272205,38.4602989],[27.1269757,38.4599686]],[[27.0595511,38.4861316],[27.0597788,38.4861588],[27.0604709,38.4862513],[27.0606105,38.4862635]],[[27.0606105,38.4862635],[27.0607989,38.4862831],[27.0608888,38.4862925],[27.0609722,38.4862873],[27.0609905,38.4862814],[27.061051,38.4862619],[27.061125,38.4862065],[27.0611665,38.4861524],[27.061267,38.4858766]],[[27.061267,38.4858766],[27.0612909,38.4858146],[27.0613217,38.4857345],[27.0616457,38.48506],[27.0620668,38.4840971],[27.0621686,38.4835647]],[[27.0621686,38.4835647],[27.0621677,38.4834521],[27.0621372,38.4833283],[27.0621025,38.4832088],[27.0620637,38.4830904],[27.0618551,38.4826546],[27.0618196,38.4825596],[27.0618092,38.4824439],[27.061821,38.482371],[27.0618515,38.4823095],[27.0625696,38.4809979],[27.0626264,38.4809011],[27.0627077,38.4807955],[27.0627649,38.48074],[27.0628368,38.480685],[27.0629518,38.4806115]],[[27.0629518,38.4806115],[27.0637237,38.4802199],[27.0638256,38.4801516],[27.0639449,38.4800319],[27.0642536,38.4795559],[27.064299,38.4795154],[27.0646796,38.4792544]],[[27.0646796,38.4792544],[27.0647453,38.4792166],[27.0649012,38.4791266],[27.0650193,38.479013],[27.0652172,38.4787038]],[[27.0652172,38.4787038],[27.065238,38.4786605],[27.0656075,38.4780618],[27.0659282,38.4776035],[27.0662889,38.4771118],[27.06651,38.4768289],[27.0666683,38.4766406],[27.0674079,38.4758353],[27.0676619,38.4755134],[27.0677841,38.4753728]],[[27.0677841,38.4753728],[27.067935,38.4752163],[27.068044,38.4751506],[27.0681748,38.4751188],[27.0682822,38.4751183],[27.0694947,38.4752366],[27.0698612,38.4752494],[27.0707543,38.4752464],[27.0715718,38.4752436],[27.0733502,38.4752376],[27.0748042,38.4752369],[27.0751074,38.4752367]],[[27.0751074,38.4752367],[27.0756293,38.4752502],[27.0762192,38.4752504],[27.0802385,38.4752479],[27.0806169,38.475203],[27.0808483,38.475139],[27.0810487,38.4750619],[27.0815463,38.4748349],[27.0817316,38.4746842],[27.0819724,38.47445],[27.0821154,38.4742982],[27.0822444,38.4741757],[27.0824067,38.4740224],[27.0829332,38.4735534],[27.0830182,38.4734785],[27.0853115,38.4710236],[27.0854078,38.470912],[27.087238,38.4686517],[27.0872704,38.4686116],[27.0874788,38.4683542],[27.0878496,38.4677774],[27.0880182,38.467517],[27.088032,38.4673892],[27.0880338,38.4673205],[27.0880227,38.4672518],[27.087982,38.4670982],[27.0862105,38.4640963],[27.0861083,38.4639647],[27.0860172,38.4638124],[27.0859147,38.4636298],[27.0858391,38.4634967],[27.0858215,38.4634067],[27.0858634,38.4633294],[27.0859102,38.4632812],[27.0863743,38.4629752],[27.0872688,38.4623586],[27.0900776,38.4605109],[27.0904905,38.4602652],[27.0928509,38.4591208],[27.0936447,38.4588019],[27.0944151,38.4585365],[27.0944903,38.4584827],[27.0945036,38.4584383],[27.0945067,38.4583906],[27.094503,38.4583531],[27.0944864,38.4582628],[27.0943982,38.4580952],[27.0941387,38.4576205],[27.0937926,38.4570417],[27.0936859,38.4568633],[27.0936651,38.4567825],[27.0936703,38.4567295],[27.0937151,38.4566421]],[[27.0937151,38.4566421],[27.0937352,38.4566111],[27.0938927,38.4563222]],[[27.0938927,38.4563222],[27.093987,38.4560944],[27.0941183,38.4558836],[27.0941542,38.4558303],[27.0942022,38.455793],[27.0943052,38.4557486],[27.0966895,38.4548244],[27.0969218,38.4547365],[27.0971178,38.4546655],[27.0974741,38.454541],[27.0977189,38.4544555],[27.0981058,38.4542839],[27.0985594,38.4540561],[27.0993208,38.4537011],[27.1003456,38.4532214],[27.1007057,38.4530188],[27.1022674,38.4522593],[27.1027743,38.451981],[27.1032243,38.4517167],[27.1034409,38.4516002],[27.1036841,38.451481],[27.1042957,38.4512439],[27.1050971,38.4508764],[27.1055339,38.4507359],[27.1058692,38.4506372],[27.1060844,38.4505904],[27.1096073,38.4498907],[27.1101459,38.4497381],[27.1104907,38.4496868],[27.1109741,38.4496146],[27.1112096,38.4495887],[27.1115319,38.4496195],[27.1116567,38.4496437],[27.1119126,38.4497227],[27.1122413,38.4498902],[27.1132784,38.4504608],[27.1152156,38.4514977],[27.1155848,38.451707],[27.1159185,38.4519093],[27.1161295,38.4520836],[27.1162969,38.45224],[27.1167502,38.4526873],[27.1171967,38.4531047],[27.1175446,38.4534354],[27.117951,38.4537251],[27.1183202,38.4539977],[27.1185778,38.4541878],[27.1188568,38.4543608],[27.1191069,38.4545367],[27.1193277,38.4546919],[27.1196188,38.4549802]],[[27.1196188,38.4549802],[27.1198259,38.4551539],[27.1199571,38.4552534],[27.1200326,38.4552972],[27.1203007,38.4554317],[27.120466,38.4554838],[27.1205764,38.4555153],[27.1207072,38.4555386],[27.1208927,38.4555678],[27.1211306,38.455587],[27.1221972,38.4556636],[27.1232106,38.4556652],[27.1233781,38.4556745],[27.1235126,38.4557029],[27.1237031,38.4557596],[27.1238494,38.4558183],[27.1239779,38.4558903],[27.1241152,38.455978],[27.1242411,38.4560797],[27.1243486,38.4561906],[27.1245422,38.4564023]],[[27.1254279,38.4576808],[27.1249776,38.4570145],[27.1245422,38.4564023]],[[27.1254279,38.4576808],[27.126701,38.4594371],[27.126745,38.4595],[27.1269812,38.459845],[27.1271438,38.4600515]]]}},{"type":"Feature","properties":{"route":"light_rail","name":"F1: Taksim - Kabataş Füniküler Hattı","colour":"#7A745A"},"geometry":{"type":"MultiLineString","coordinates":[[[28.9901615,41.0350058],[28.9922806,41.0339309],[28.992421,41.0338592]],[[28.98898,41.0356054],[28.9892627,41.0354369],[28.9898279,41.0351506],[28.9901615,41.0350058]],[[28.9865253,41.0368511],[28.9866658,41.0367798],[28.98898,41.0356054]]]}},{"type":"Feature","properties":{"route":"light_rail","name":"Tünel (F2)","colour":"#7A745A"},"geometry":{"type":"MultiLineString","coordinates":[[[28.9739892,41.0283447],[28.9740079,41.0264717]],[[28.9740079,41.0264717],[28.9739839,41.0262019],[28.9739873,41.0254998],[28.9740228,41.0252256]],[[28.9740228,41.0252256],[28.9740304,41.0243934],[28.9740328,41.023973],[28.9740393,41.0228645]],[[28.9740079,41.0264717],[28.9740591,41.0262021],[28.9740589,41.0254932],[28.9740228,41.0252256]]]}},{"type":"Feature","properties":{"route":"tram","name":"T1 Otogar → Kuruçeşme","colour":null},"geometry":{"type":"MultiLineString","coordinates":[[[29.9756416,40.7758552],[29.975559,40.7755826],[29.9755562,40.7755733],[29.9754412,40.7752017],[29.9754241,40.775152],[29.9753938,40.775068],[29.9753773,40.7749726],[29.9753717,40.7749125],[29.9753661,40.7748523],[29.9753711,40.7747573],[29.9753715,40.7747497],[29.9754136,40.7742979],[29.9754627,40.7734975],[29.9754667,40.7733045],[29.9754587,40.773205],[29.9754511,40.7731619],[29.9750139,40.7716648],[29.9748865,40.7712285],[29.9748832,40.771104],[29.9749107,40.7710475],[29.9749458,40.7709887],[29.9750136,40.7709259],[29.9750624,40.7708808],[29.9751113,40.7708537],[29.9751459,40.7708344],[29.9752905,40.7707908],[29.976685,40.7704495],[29.9767816,40.7704166],[29.9768717,40.7703682],[29.9769631,40.7702709],[29.9769955,40.7701951],[29.9770046,40.7701412],[29.9770079,40.770122],[29.9770051,40.770049],[29.9769958,40.7700071],[29.9769789,40.7699431],[29.9769374,40.7698808],[29.9768946,40.7698199],[29.9765952,40.7694098],[29.976538,40.7693314],[29.9764631,40.7692288],[29.9761674,40.7688239],[29.9753441,40.7677079],[29.9752919,40.7676344],[29.9752305,40.7675694],[29.9751905,40.7675328],[29.9750881,40.7674789],[29.9749521,40.7674605],[29.9745213,40.7674775],[29.9744139,40.7674812],[29.9740453,40.7674939],[29.9736875,40.7675004],[29.9736777,40.7675006],[29.9725271,40.7675381],[29.9713871,40.7675789],[29.9712444,40.767584],[29.9678825,40.7677029],[29.9678175,40.767706],[29.9672646,40.7677143],[29.9671866,40.7677169],[29.9668909,40.7677265],[29.9663277,40.7677389],[29.9659039,40.7677322],[29.9630779,40.7678293],[29.9626141,40.7678449],[29.9625312,40.7678422],[29.9624761,40.7678393],[29.9623646,40.7678268],[29.9586578,40.7673601],[29.9584636,40.7673358],[29.9581937,40.7673007],[29.9580545,40.7672858],[29.9579277,40.7672709],[29.9576377,40.7672379],[29.9573281,40.7672061]],[[29.9573281,40.7672061],[29.957177,40.7671956],[29.9571297,40.7671924],[29.9570802,40.7671911],[29.9570172,40.767191],[29.9566878,40.7671933],[29.956336,40.7671978],[29.9556408,40.7671925],[29.9529921,40.7672573],[29.9527385,40.7672603],[29.9523308,40.7672366],[29.9515942,40.7672015],[29.9514159,40.767156],[29.9513373,40.7671196],[29.9512986,40.7670901],[29.9512563,40.7670578],[29.9511814,40.7669805],[29.9511449,40.7668938],[29.9511472,40.7667672],[29.9511526,40.7665056],[29.9511639,40.7658831],[29.9511796,40.7656535],[29.951182,40.7654899],[29.9511659,40.7653254],[29.9509969,40.7645595],[29.9509524,40.7644493],[29.9508714,40.7643538],[29.9507766,40.7642997],[29.950729,40.7642801],[29.9506933,40.7642704],[29.9506332,40.7642586],[29.9505085,40.7642492],[29.9503798,40.7642596],[29.9495137,40.764384],[29.9482067,40.7645667],[29.9464551,40.7648115],[29.9460404,40.7648684],[29.9446385,40.7650594],[29.9434653,40.7652144],[29.942579,40.7653302],[29.9422567,40.7653794],[29.9419045,40.7654204],[29.9410142,40.765495],[29.9409962,40.7654965],[29.9408884,40.7655009],[29.9407567,40.765504],[29.9406276,40.7655046],[29.9405658,40.7655041],[29.9404715,40.765498],[29.9404212,40.765493],[29.9403534,40.7654862],[29.9400844,40.7654493],[29.9393439,40.7653471],[29.938876,40.7652808],[29.9387128,40.7652529],[29.9386369,40.7652325],[29.9385756,40.7652021],[29.9385216,40.765151],[29.9385008,40.7651123],[29.9384827,40.7650797],[29.9384579,40.7650202],[29.9384549,40.7649886],[29.9384549,40.7649424],[29.9384715,40.7648662],[29.9386913,40.7640691],[29.9387956,40.763691],[29.9389463,40.7630827],[29.938973,40.7629749],[29.9390008,40.7628215],[29.9389959,40.7627544],[29.9389756,40.7626968],[29.9389437,40.7626367],[29.9388972,40.7625893],[29.9388323,40.7625405],[29.938757,40.7625025],[29.9386276,40.7624725],[29.9381236,40.762432],[29.9379087,40.7624179],[29.9373495,40.7623852],[29.9370559,40.7623802],[29.9367905,40.7623752],[29.9364762,40.7623709],[29.9362445,40.7623671],[29.9360439,40.7623624],[29.9357354,40.7623561],[29.935361,40.7623422],[29.9352001,40.7623305],[29.9351872,40.7623292],[29.935084,40.7623191],[29.9350447,40.7623144],[29.9349809,40.7623067],[29.9330756,40.7620767],[29.9329214,40.7620601],[29.9327869,40.7620534],[29.9326981,40.7620589],[29.9325876,40.7620771],[29.9325044,40.7620998],[29.9323081,40.7621712],[29.9320887,40.7622551],[29.9318745,40.7623369],[29.9318298,40.7623539],[29.9316976,40.7623987],[29.9316254,40.7624167],[29.9315591,40.7624249],[29.9314683,40.762422],[29.9313887,40.7624064],[29.9312438,40.7623718],[29.9311359,40.7623467],[29.9309759,40.7623094],[29.9309389,40.7623044],[29.9308066,40.7622865],[29.9306801,40.7622724],[29.9299456,40.7621907],[29.929706,40.762161],[29.929465,40.7621423],[29.9288389,40.762129],[29.9287925,40.7621271],[29.9287444,40.7621274],[29.9276481,40.7621112],[29.9275049,40.7621105],[29.9273597,40.762116],[29.927268,40.7621236],[29.927186,40.7621355],[29.926807,40.7622032],[29.9265908,40.7622287],[29.9264307,40.7622432],[29.9263571,40.7622499],[29.9262768,40.762249],[29.9261664,40.7622477],[29.9257819,40.7622383],[29.9253048,40.762223],[29.9252371,40.7622134],[29.924676,40.7621342],[29.9240944,40.7621002],[29.9235694,40.7620828],[29.9235144,40.7620866],[29.9234667,40.7620932],[29.9233598,40.7621159],[29.9231254,40.7621682],[29.9230377,40.7621879],[29.9229628,40.7622011],[29.9228762,40.7622082],[29.9227823,40.7622044],[29.9226638,40.7621944],[29.922312,40.7621436],[29.9222883,40.7621412],[29.9222187,40.7621412],[29.9221701,40.7621528],[29.9221082,40.7621789],[29.9220534,40.7622188],[29.9220167,40.7622607],[29.9219545,40.7623289],[29.9218957,40.7624017],[29.9218904,40.7624083],[29.9218686,40.7624355],[29.9218427,40.7624649],[29.9218275,40.7624823],[29.9217957,40.762504],[29.9217646,40.7625198],[29.9217304,40.7625339],[29.9216812,40.7625437],[29.9216209,40.7625484],[29.9215637,40.7625465],[29.9214169,40.7625419],[29.9186866,40.7623721],[29.9182716,40.7623403],[29.917833,40.7622869],[29.917783,40.7622809],[29.9177698,40.7622793],[29.9176491,40.7622647],[29.91748,40.7622457],[29.9154174,40.7620206],[29.9151177,40.7620049],[29.914843,40.7620028],[29.9133493,40.7619893],[29.913164,40.7619792],[29.9130082,40.7619574],[29.9128618,40.7619317],[29.9126983,40.7618964],[29.9124645,40.761835],[29.9120202,40.7617116],[29.9113025,40.7615206],[29.9108904,40.761409],[29.9092055,40.7609317],[29.9083285,40.7607547],[29.9076548,40.7606708],[29.9067399,40.7606179],[29.9060434,40.7606363],[29.9043183,40.7608375],[29.902974,40.7610179],[29.9020697,40.7611799],[29.9017706,40.7612077],[29.900472,40.7613282],[29.8990639,40.7615063],[29.8973828,40.7617373],[29.8969971,40.7617824],[29.8963116,40.7618626],[29.8955064,40.7619652]],[[29.8955064,40.7619652],[29.8954007,40.7619787]],[[29.8954007,40.7619787],[29.8924668,40.7622924],[29.892226,40.7623171],[29.8910193,40.7624406],[29.8905407,40.7624902],[29.8881071,40.7627328],[29.8875037,40.7627417],[29.8868718,40.7627448],[29.8864819,40.7627461],[29.885945,40.7627438]],[[29.885945,40.7627438],[29.8851778,40.7627532],[29.8849216,40.7627614],[29.8846158,40.7627887],[29.8844642,40.7628078],[29.8841341,40.7628607],[29.8838126,40.762935],[29.8833495,40.7630529],[29.8825874,40.7633229],[29.882116,40.7635211],[29.8813789,40.7639149],[29.8811001,40.7640412],[29.8808791,40.7641245]],[[29.8808791,40.7641245],[29.8806904,40.7641767],[29.8805072,40.7642166],[29.8803113,40.7642449],[29.8801367,40.7642573],[29.8799162,40.7642564],[29.8794157,40.7642518],[29.8792395,40.7642463],[29.8782596,40.7642159],[29.8780117,40.7642105],[29.8771636,40.7642045],[29.8766669,40.7641954]]]}},{"type":"Feature","properties":{"route":"tram","name":"Başkent Millet Bahçesi Nostaljik Tramvay","colour":null},"geometry":{"type":"MultiLineString","coordinates":[[[32.8344427,39.9488887],[32.8344705,39.9489112],[32.834519,39.9489324],[32.8345613,39.9489425],[32.8345999,39.9489448],[32.8346176,39.9489395],[32.8346222,39.9489277],[32.8346168,39.9489141],[32.8345999,39.9488988],[32.8345629,39.9488769],[32.8345244,39.9488616],[32.8344951,39.9488521],[32.834462,39.9488527],[32.8344435,39.9488551],[32.8344366,39.9488639],[32.8344343,39.9488757],[32.8344427,39.9488887]],[[32.8380871,39.9479823],[32.8380241,39.9479336],[32.8379826,39.9479016],[32.8379518,39.9478778],[32.8381971,39.9476911],[32.8382453,39.9476544],[32.8383806,39.9477589],[32.8380871,39.9479823]],[[32.842047,39.9432452],[32.8420158,39.9432648],[32.8419846,39.9433004],[32.8419685,39.9433321],[32.8419627,39.9433614],[32.8419683,39.9433753],[32.8419833,39.9433797],[32.8420014,39.9433765],[32.8420226,39.9433647],[32.8420537,39.943338],[32.8420764,39.9433096],[32.8420908,39.9432879],[32.8420924,39.9432626],[32.8420907,39.9432483],[32.8420797,39.9432423],[32.8420645,39.9432397],[32.842047,39.9432452]],[[32.8409368,39.9401594],[32.840903,39.9401425],[32.8408494,39.9401303],[32.8408051,39.9401281],[32.8407669,39.9401326],[32.8407513,39.9401409],[32.8407503,39.9401532],[32.8407597,39.9401654],[32.8407807,39.9401774],[32.8408233,39.9401922],[32.8408654,39.9402003],[32.8408976,39.9402031],[32.8409287,39.9401979],[32.840946,39.9401923],[32.8409502,39.9401825],[32.8409488,39.9401706],[32.8409368,39.9401594]],[[32.8366153,39.9424048],[32.8365804,39.9424204],[32.8365424,39.9424517],[32.8365199,39.9424811],[32.8365081,39.9425093],[32.8365108,39.9425237],[32.8365248,39.9425299],[32.8365433,39.9425289],[32.8365666,39.9425198],[32.8366028,39.9424972],[32.8366311,39.9424719],[32.8366498,39.9424522],[32.8366566,39.9424274],[32.8366578,39.9424131],[32.8366482,39.9424059],[32.8366337,39.9424014],[32.8366153,39.9424048]],[[32.8326301,39.9457659],[32.8326113,39.9457933],[32.8326007,39.9458354],[32.832602,39.9458693],[32.8326115,39.9458981],[32.8326237,39.9459092],[32.8326398,39.9459087],[32.8326548,39.9459005],[32.8326683,39.9458832],[32.8326834,39.9458493],[32.8326899,39.9458164],[32.8326922,39.9457922],[32.8326808,39.9457683],[32.8326719,39.9457556],[32.8326587,39.9457535],[32.8326434,39.9457556],[32.8326301,39.9457659]],[[32.8397522,39.9454645],[32.8397166,39.9454789],[32.8396767,39.945509],[32.8396527,39.9455376],[32.8396393,39.9455654],[32.8396412,39.9455799],[32.8396548,39.9455865],[32.8396733,39.9455861],[32.8396972,39.9455778],[32.8397346,39.9455564],[32.8397643,39.9455321],[32.839784,39.945513],[32.8397922,39.9454885],[32.8397942,39.9454742],[32.839785,39.9454667],[32.8397708,39.9454618],[32.8397522,39.9454645]],[[32.8406574,39.9449054],[32.83976,39.9455666],[32.8391453,39.9460148],[32.8390857,39.9460655],[32.8390235,39.9461252],[32.8389424,39.9462242],[32.8386431,39.9466642],[32.8383859,39.9470598],[32.8382196,39.9472978],[32.8381534,39.947383],[32.8380739,39.9474642],[32.8371543,39.9482326],[32.8368236,39.9484962],[32.8367219,39.9485591],[32.8365481,39.9486596],[32.8364022,39.948726],[32.8362331,39.9487843],[32.8361101,39.9488231],[32.8360118,39.948847],[32.8358674,39.9488755],[32.835711,39.9488995],[32.8355325,39.9489301],[32.8354489,39.9489607],[32.8353857,39.948993],[32.8353271,39.9490227],[32.8352844,39.9490384],[32.8352007,39.949052],[32.835128,39.9490534],[32.8350489,39.9490392],[32.8349778,39.9490223],[32.8346867,39.9489143],[32.8345627,39.9488573],[32.834312,39.9487421],[32.8341691,39.9486764],[32.8339582,39.9485464],[32.8338351,39.9484648],[32.8337256,39.9483868],[32.8336857,39.9483512],[32.8336069,39.9482786],[32.8335057,39.9481624],[32.8333543,39.947938],[32.8332329,39.9476754],[32.8331821,39.9475174],[32.833143,39.947396],[32.8326808,39.9460813],[32.8326731,39.9459885],[32.8326841,39.9459008],[32.8326968,39.9458361],[32.832716,39.9457064],[32.8327807,39.9455465],[32.832871,39.9454344],[32.8332518,39.9450995],[32.8346232,39.943974],[32.8349128,39.9437512],[32.8367644,39.9423975],[32.8370505,39.9422033],[32.8374437,39.9419058],[32.8378983,39.9415604],[32.8380977,39.94138],[32.8382153,39.9412646],[32.8384448,39.9410989],[32.8387976,39.9409051],[32.8395466,39.9403768],[32.8397359,39.9402599],[32.8398636,39.9402119],[32.8399822,39.9401767],[32.8401379,39.9401515],[32.8402945,39.9401441],[32.840539,39.9401503],[32.8406864,39.9401701],[32.8408345,39.940213],[32.8409827,39.940256],[32.841164,39.9403282],[32.8412622,39.9403926],[32.8415156,39.9406313],[32.8417183,39.9408226],[32.8423192,39.9413562],[32.842982,39.9419372],[32.8431344,39.9420723],[32.8432007,39.9421586],[32.8432432,39.9422585],[32.8432552,39.9423448],[32.8432437,39.9424546],[32.8432057,39.9425493],[32.8431423,39.9426328],[32.8430919,39.9426688],[32.8430111,39.9427216],[32.8429371,39.9427597],[32.8428531,39.9427855],[32.8427683,39.9428153],[32.8427012,39.9428421],[32.8425992,39.9428956],[32.842272,39.9431674],[32.8422215,39.9432093],[32.8421786,39.9432566],[32.8419692,39.9434876],[32.8419351,39.9435392],[32.8414658,39.9442863],[32.8413883,39.944376],[32.841292,39.9444618],[32.8406574,39.9449054]],[[32.8371543,39.9482326],[32.8373552,39.9481539],[32.8374377,39.9481387],[32.8375132,39.9481314],[32.8375841,39.9481263],[32.8376693,39.9481209],[32.8377178,39.9481133],[32.8377834,39.9480921],[32.8378453,39.9480599],[32.8380241,39.9479336],[32.8383123,39.9477248]],[[32.8371543,39.9482326],[32.8373552,39.9481539],[32.8374377,39.9481387],[32.8375132,39.9481314],[32.8375841,39.9481263],[32.8376693,39.9481209],[32.8377178,39.9481133],[32.8377834,39.9480921],[32.8378453,39.9480599],[32.8380241,39.9479336],[32.8383123,39.9477248]],[[32.8375841,39.9481263],[32.8376763,39.9480946],[32.8377289,39.9480718],[32.8379826,39.9479016],[32.8382696,39.9476917]]]}},{"type":"Feature","properties":{"route":"tram","name":"T2 Kent Meydanı → Terminal Tramvay Hattı","colour":null},"geometry":{"type":"MultiLineString","coordinates":[[[29.0619789,40.1958062],[29.0620524,40.1960951],[29.0621673,40.196548],[29.0622438,40.1967897],[29.0622868,40.196953]],[[29.0622868,40.196953],[29.0623338,40.1971369]],[[29.0623338,40.1971369],[29.0623525,40.1972876],[29.0623706,40.1974341]],[[29.0622356,40.1969623],[29.0621832,40.1968057],[29.0620744,40.1965314],[29.0619573,40.1961063],[29.0618769,40.1958256]],[[29.062288,40.1971463],[29.0622356,40.1969623]],[[29.0624166,40.1976256],[29.0623706,40.1974341],[29.062288,40.1971463]],[[29.0624166,40.1976256],[29.0624395,40.1977248],[29.0624515,40.1978567],[29.0624587,40.1979917],[29.062463,40.1981596],[29.0624514,40.1983537],[29.0623988,40.1986114],[29.0622878,40.1989863],[29.062099,40.1993707],[29.0618305,40.1998019],[29.0614605,40.2002922],[29.0612532,40.2005652],[29.0611304,40.2007563],[29.0610286,40.2009261],[29.0608648,40.201256],[29.0607426,40.2015767],[29.0607009,40.2016984],[29.0606224,40.2020005],[29.0605888,40.2023113],[29.060592,40.2026922],[29.0606147,40.2030093],[29.0606468,40.2034685],[29.0608738,40.2066849],[29.0608905,40.2071729],[29.0609032,40.2074205],[29.0609381,40.2081026],[29.0610747,40.2093862],[29.0614423,40.2153567],[29.0615501,40.2167113],[29.0616039,40.2175486],[29.0617094,40.218379],[29.0619224,40.2217659]],[[29.0619755,40.2224758],[29.0619224,40.2217659]],[[29.0632237,40.2401948],[29.0632082,40.2399295],[29.0631425,40.2392519],[29.0630939,40.2385462],[29.0630696,40.2381927],[29.0628969,40.2356931],[29.0626614,40.2320305],[29.0621507,40.2250234],[29.0620656,40.2238689],[29.0619755,40.2224758]],[[29.0632951,40.2410791],[29.0632237,40.2401948]],[[29.0607789,40.2600651],[29.0615999,40.2585149],[29.0619771,40.2576876],[29.0622519,40.2571116],[29.0624283,40.256769],[29.0626458,40.2563466],[29.0630585,40.2556257],[29.063272,40.2552126],[29.0633995,40.2548475],[29.0635593,40.2543891],[29.0637489,40.2537561],[29.0638459,40.2533282],[29.0639058,40.252855],[29.0639696,40.2518496],[29.064007,40.251261],[29.0639923,40.2509088],[29.0639653,40.2505362],[29.0637327,40.2470892],[29.0636672,40.2464241],[29.063596,40.2454983],[29.0635571,40.2449923],[29.0632951,40.2410791]],[[29.0582719,40.2622589],[29.0587773,40.2621159],[29.059221,40.2619321],[29.0596313,40.2617135],[29.0598379,40.2615483],[29.060075,40.2612905],[29.0602506,40.2610523],[29.0607789,40.2600651]],[[29.0541875,40.2637912],[29.0541823,40.2635864],[29.0541956,40.2633727],[29.0542361,40.2631552],[29.0545135,40.2625672],[29.0545816,40.2624699],[29.0546497,40.2624037],[29.0547526,40.2623516],[29.0548957,40.2623091],[29.055054,40.2623036],[29.0552702,40.2623617],[29.0555625,40.2624255],[29.0560145,40.2624546],[29.0561443,40.2624498],[29.0564555,40.2624384],[29.0576351,40.2623838],[29.0582719,40.2622589]],[[29.0542058,40.2641575],[29.0541875,40.2637912]],[[29.0538577,40.2649517],[29.0540328,40.2646203],[29.0541924,40.2643184],[29.0542095,40.2642323],[29.0542058,40.2641575]],[[29.0542612,40.2641591],[29.0542252,40.2639796],[29.0541875,40.2637912]],[[29.0542612,40.2641591],[29.0542638,40.2642209],[29.0542484,40.2643225],[29.0540771,40.2646431],[29.0539027,40.2649694]]]}},{"type":"Feature","properties":{"route":"tram","name":"T2 Terminal → Kent Meydanı Tramvay Hattı","colour":null},"geometry":{"type":"MultiLineString","coordinates":[[[29.0542612,40.2641591],[29.0542638,40.2642209],[29.0542484,40.2643225],[29.0540771,40.2646431],[29.0539027,40.2649694]],[[29.0542457,40.2637922],[29.0542612,40.2641591]],[[29.0582924,40.2622971],[29.0576368,40.2624139],[29.0564567,40.262471],[29.0559955,40.2624928],[29.0555751,40.262464],[29.0550526,40.2623428],[29.054881,40.2623585],[29.054753,40.2623995],[29.0546633,40.2624542],[29.0545762,40.2625519],[29.0542792,40.2631851],[29.0542459,40.2633708],[29.0542382,40.2636151],[29.0542457,40.2637922]],[[29.0608369,40.2600802],[29.0603012,40.2610726],[29.0600978,40.2613368],[29.0598918,40.2615581],[29.0596778,40.2617329],[29.0592916,40.2619551],[29.0587774,40.2621676],[29.0582924,40.2622971]],[[29.0633565,40.2410672],[29.0635024,40.2432669],[29.0636469,40.2446929],[29.0637077,40.2454947],[29.063773,40.2463564],[29.0637915,40.2471769],[29.0640341,40.2505302],[29.0641249,40.2511452],[29.0641365,40.2514711],[29.0641093,40.2518606],[29.0640589,40.2525821],[29.0639851,40.2531095],[29.063791,40.2538057],[29.0636241,40.2543923],[29.063333,40.2551892],[29.0629797,40.255915],[29.0627745,40.2564197],[29.0625628,40.2568207],[29.0623867,40.2571543],[29.0620054,40.2578643],[29.0615201,40.2587797],[29.0608369,40.2600802]],[[29.0632831,40.2401673],[29.0633565,40.2410672]],[[29.0620395,40.2224787],[29.0621518,40.2238777],[29.0622199,40.2244356],[29.0622722,40.2250268],[29.0627823,40.2320409],[29.0628315,40.2328375],[29.063002,40.235271],[29.063029,40.2356825],[29.0631873,40.2381741],[29.0632148,40.2385618],[29.0632763,40.2394303],[29.0632575,40.2397944],[29.0632831,40.2401673]],[[29.0619796,40.2217564],[29.0620395,40.2224787]],[[29.0624614,40.1976166],[29.0624805,40.1977158],[29.062507,40.1978498],[29.0625222,40.1980008],[29.0625284,40.1981686],[29.0625179,40.1983565],[29.062464,40.1986574],[29.0623645,40.1989801],[29.0621902,40.1993793],[29.0619048,40.1998521],[29.0615803,40.2003099],[29.0612747,40.2007382],[29.0610672,40.2010497],[29.0609152,40.2013866],[29.0607929,40.2016923],[29.0607549,40.2018171],[29.0607262,40.2019669],[29.0606817,40.2022953],[29.0606557,40.2026747],[29.0606958,40.2033636],[29.0609374,40.206553],[29.0610004,40.2070936],[29.0610209,40.2074343],[29.0610968,40.2086987],[29.0615418,40.2153065],[29.0616739,40.216722],[29.0617418,40.2176035],[29.061754,40.2183604],[29.0619796,40.2217564]],[[29.0623338,40.1971369],[29.062418,40.1974312],[29.0624614,40.1976166]],[[29.0622868,40.196953],[29.0623338,40.1971369]],[[29.0619789,40.1958062],[29.0620524,40.1960951],[29.0621673,40.196548],[29.0622438,40.1967897],[29.0622868,40.196953]],[[29.0542058,40.2641575],[29.0542252,40.2639796],[29.0542457,40.2637922]],[[29.0538577,40.2649517],[29.0540328,40.2646203],[29.0541924,40.2643184],[29.0542095,40.2642323],[29.0542058,40.2641575]],[[29.062418,40.1974312],[29.0623525,40.1972876],[29.062288,40.1971463]],[[29.062288,40.1971463],[29.0622356,40.1969623]],[[29.0622356,40.1969623],[29.0621832,40.1968057],[29.0620744,40.1965314],[29.0619573,40.1961063],[29.0618769,40.1958256]]]}},{"type":"Feature","properties":{"route":"light_rail","name":"F4: Boğaziçi Üniversitesi → Aşiyan Füniküler Hattı","colour":null},"geometry":{"type":"MultiLineString","coordinates":[[[29.0539745,41.0815409],[29.0507754,41.0829849]],[[29.0495145,41.0835104],[29.0497074,41.0834051],[29.0505372,41.0830569],[29.0507754,41.0829849]],[[29.0495145,41.0835104],[29.0460846,41.0850008]]]}},{"type":"Feature","properties":{"route":"light_rail","name":"F4: Aşiyan → Boğaziçi Üniversitesi Füniküler Hattı","colour":null},"geometry":{"type":"MultiLineString","coordinates":[[[29.0539745,41.0815409],[29.0507754,41.0829849]],[[29.0507754,41.0829849],[29.0505637,41.0830957],[29.0497556,41.083435],[29.0495145,41.0835104]],[[29.0495145,41.0835104],[29.0460846,41.0850008]]]}},{"type":"Feature","properties":{"route":"subway","name":"M8: Bostancı - Parseller","colour":null},"geometry":{"type":"MultiLineString","coordinates":[[[29.0972023,40.9512324],[29.096213,40.9519484],[29.0963768,40.9520775],[29.0973659,40.9513613],[29.0972023,40.9512324]],[[29.1524423,41.031663],[29.1524942,41.0315831],[29.1528565,41.0310252],[29.152939,41.0308981],[29.1529794,41.0309131],[29.1528976,41.0310392],[29.1529682,41.0310653],[29.152928,41.0311273],[29.1527012,41.0314768],[29.152606,41.0316235],[29.152533,41.0315965],[29.1524806,41.0316771],[29.1524423,41.031663]],[[29.096872,40.9517736],[29.0958012,40.9525614],[29.0954512,40.9528356],[29.0951392,40.9531041],[29.0949731,40.9532795],[29.094814,40.9534655],[29.0946797,40.953641],[29.0945667,40.9538164],[29.0944632,40.9540712],[29.0944128,40.9542485],[29.0943878,40.9544409],[29.0943804,40.9546573],[29.0943884,40.9550698],[29.0944211,40.9553538],[29.094468,40.9555682],[29.0945852,40.955978],[29.094855,40.9568289],[29.0950237,40.9573805],[29.0951544,40.9578687],[29.0952177,40.9581612],[29.0952526,40.9584216],[29.0952638,40.958596],[29.0952679,40.9588933],[29.0952263,40.9591388],[29.0951441,40.9593701],[29.0950124,40.9596015],[29.0949088,40.9597542],[29.0946977,40.9599772],[29.0942997,40.9603514],[29.0937566,40.9608531],[29.0931378,40.9614193],[29.092389,40.961899],[29.0917196,40.9623114],[29.0913468,40.9625234],[29.0908901,40.9627987],[29.0900079,40.9633872],[29.0895515,40.9637117],[29.0892246,40.9640017],[29.0888248,40.964404],[29.0883792,40.9649905],[29.0878983,40.9655365],[29.0873233,40.9664344],[29.0870683,40.9668223],[29.0867584,40.9672853],[29.0865145,40.9677166],[29.086413,40.967919],[29.0862635,40.9682989],[29.0861805,40.968656],[29.0861571,40.9689368],[29.0861881,40.9692404],[29.0862248,40.9694611],[29.0863463,40.9698508],[29.0864923,40.9701174],[29.0868871,40.9706227],[29.087412,40.9712494],[29.0879774,40.971943],[29.0884519,40.972525],[29.0891661,40.9733063],[29.0897336,40.9738705],[29.090239,40.9743173],[29.0908,40.9747019],[29.0910475,40.974837],[29.091295,40.9749721],[29.0915002,40.9750662],[29.0917671,40.975179],[29.0921021,40.9753222],[29.0924987,40.975456],[29.0928769,40.9755536],[29.0941152,40.9758714],[29.0992815,40.9771826]],[[29.0992815,40.9771826],[29.0999581,40.977363],[29.1006138,40.9775378],[29.1023304,40.9780031],[29.103136,40.9781891],[29.1035983,40.9782837],[29.1040668,40.9783691],[29.1048248,40.9784826],[29.1052656,40.9785338],[29.1057063,40.978585],[29.1064881,40.9786599],[29.1073872,40.9787347],[29.108026,40.9787784],[29.1086938,40.9788064],[29.1093992,40.978821],[29.1098789,40.9788082],[29.1111832,40.9787612],[29.1117422,40.9787235],[29.1124407,40.9786754],[29.1137329,40.9786023],[29.1147904,40.9785922],[29.1158829,40.9785911],[29.1162725,40.978594],[29.117507,40.9785518],[29.1188144,40.9785195],[29.120739,40.9783913],[29.1217178,40.978323],[29.1225919,40.9782755],[29.1232021,40.9782888],[29.1237682,40.978327],[29.1241889,40.9783866],[29.124626,40.9784504],[29.1256335,40.9786033],[29.1262993,40.9787331],[29.1268411,40.9788388],[29.1295166,40.9793892],[29.1308019,40.9796587],[29.131299,40.9797778],[29.1317409,40.979926],[29.132271,40.9801382],[29.1325662,40.9802823],[29.1328119,40.9804265],[29.1331602,40.98064],[29.1334354,40.9808503],[29.1338747,40.9811801],[29.1345026,40.9817259],[29.1360882,40.9831024],[29.1365204,40.983527],[29.1369098,40.9838737],[29.1369905,40.9839435],[29.1378132,40.9846547],[29.1386472,40.9853756],[29.1387817,40.9854922],[29.1393135,40.9859044],[29.1396514,40.9861229],[29.1399966,40.9862992],[29.1407618,40.9865916],[29.1414926,40.9868895],[29.1421935,40.9871905],[29.1445242,40.9881455],[29.1462133,40.9888454],[29.1481415,40.9897332],[29.150728,40.9909344],[29.15122,40.9911222],[29.1516908,40.991294],[29.1528199,40.9917519],[29.1534783,40.9920439],[29.1541027,40.9923286],[29.1545999,40.9925518],[29.1550281,40.9927597],[29.1555142,40.993046],[29.1557597,40.9932383],[29.1559336,40.9934073],[29.1560357,40.9935702],[29.1561103,40.9937622],[29.1561504,40.9939992],[29.1561628,40.9942278],[29.1561148,40.994565],[29.1560613,40.9947649],[29.1559323,40.9951397],[29.1557067,40.9957371],[29.1553632,40.9965945],[29.1552847,40.9968803],[29.1552381,40.9971155],[29.1552336,40.9972619],[29.1552449,40.9975409],[29.1552865,40.9977666],[29.1553763,40.9980253],[29.1555197,40.9983457],[29.1556741,40.9986495],[29.1559469,40.9991339],[29.1562306,40.9996473],[29.1564817,41.0000816],[29.1572759,41.0014736],[29.1575232,41.0019241],[29.1578381,41.0023594],[29.1581241,41.002711],[29.1585372,41.0031835],[29.159312,41.0040479],[29.1599296,41.0047085],[29.1603153,41.0050825],[29.1607495,41.0055147],[29.1611909,41.0059524],[29.161814,41.0066777],[29.1622071,41.0072006],[29.1623996,41.0074624],[29.1629629,41.008226],[29.1637021,41.0092663],[29.1643143,41.0100904],[29.1646569,41.0106793],[29.1647779,41.0110223],[29.1647695,41.0113906],[29.1647138,41.0118979],[29.1646186,41.0123319],[29.1644916,41.0128204],[29.1643594,41.0132133],[29.1642355,41.0135592],[29.1641145,41.0138723],[29.1639669,41.0142485],[29.1638216,41.0146094]],[[29.1638216,41.0146094],[29.1635513,41.0152382],[29.1633217,41.0157996]],[[29.1633217,41.0157996],[29.1630755,41.016358],[29.1628696,41.0168096],[29.1626607,41.0172775],[29.1623176,41.0180041],[29.1621417,41.0183574],[29.1619396,41.0187108],[29.1616825,41.0191399],[29.1614123,41.019536],[29.1607565,41.020535],[29.160292,41.0213381],[29.160038,41.0217798],[29.159826,41.0222068],[29.1596341,41.022634],[29.1594322,41.0230658],[29.1591154,41.0238114],[29.1589773,41.0240791],[29.1588065,41.024356],[29.1586419,41.0245959],[29.1584486,41.0248218],[29.1583396,41.0249247],[29.1582142,41.0250307],[29.1578361,41.025314],[29.1569852,41.0259131],[29.1561077,41.0266388],[29.155785,41.0269084],[29.1555482,41.027178],[29.1549887,41.0279286],[29.1531069,41.0306169],[29.1529557,41.0308325],[29.152679,41.0312515]]]}},{"type":"Feature","properties":{"route":"subway","name":"M8: Parseller - Bostancı","colour":null},"geometry":{"type":"MultiLineString","coordinates":[[[29.1523415,41.0316271],[29.152395,41.0315456],[29.1527602,41.0309887],[29.1528417,41.0308645],[29.1528041,41.0308505],[29.1527233,41.0309737],[29.1526477,41.0309454],[29.1524041,41.0313166],[29.1522823,41.0315022],[29.1523633,41.0315324],[29.1523091,41.031615],[29.1523415,41.0316271]],[[29.0972023,40.9512324],[29.096213,40.9519484],[29.0963768,40.9520775],[29.0973659,40.9513613],[29.0972023,40.9512324]],[[29.1526287,41.0312406],[29.152911,41.0308145],[29.1530541,41.0306047],[29.1532804,41.0302711],[29.1542821,41.028861],[29.1550125,41.0278386],[29.1555094,41.0271651],[29.1557571,41.0268972],[29.1560645,41.0266292],[29.1569302,41.0259175],[29.1578152,41.0252967],[29.1581801,41.0250185],[29.1583162,41.02491],[29.1584237,41.0248045],[29.1586202,41.0245798],[29.1587614,41.0243706],[29.1589494,41.024071],[29.1590883,41.0237931],[29.1592058,41.0235152],[29.1592988,41.0232653],[29.1593754,41.0230092],[29.1595352,41.0226131],[29.1597208,41.022158],[29.1599012,41.0217194],[29.1600839,41.0213157],[29.1604442,41.0206858],[29.1606214,41.0204069],[29.1610663,41.019719],[29.161644,41.0188874],[29.1618344,41.0185607],[29.1619374,41.0183463],[29.1620601,41.0180528],[29.1621869,41.0176898],[29.1623005,41.0173301],[29.1625218,41.0168021],[29.1627515,41.0162783],[29.1629882,41.0157157]],[[29.1629882,41.0157157],[29.1630732,41.0155148],[29.1632127,41.015184],[29.1634729,41.0145571]],[[29.1634729,41.0145571],[29.1635653,41.0143265],[29.1637456,41.0138291],[29.1639301,41.0132172],[29.1641066,41.0126235],[29.164228,41.0120157],[29.1643327,41.0114622],[29.1643308,41.0110733],[29.1641999,41.0106696],[29.1639199,41.0102402],[29.1635375,41.0097575],[29.1627785,41.0088221],[29.1622306,41.0080778],[29.1617091,41.0074019],[29.1610903,41.0066201],[29.1607876,41.0061673],[29.1604977,41.0056543],[29.160186,41.0052126],[29.1598399,41.0047606],[29.1591946,41.0040929],[29.1580682,41.0029937],[29.1576585,41.00261],[29.1573256,41.002256],[29.1571053,41.0019935],[29.1568706,41.001698],[29.1565986,41.0013026],[29.1562102,41.0006491],[29.1559677,41.0002187],[29.1555944,40.999556],[29.1554013,40.9991162],[29.1552001,40.9986449],[29.1550609,40.9982457],[29.1550002,40.9979624],[29.1549771,40.9977722],[29.1549695,40.9976193],[29.1549691,40.9974898],[29.1549871,40.9972858],[29.1550115,40.9971272],[29.1550543,40.9969732],[29.1551715,40.9966474],[29.1555599,40.9956176],[29.1557514,40.9950225],[29.1559099,40.9944691],[29.1559266,40.9942297],[29.1559213,40.994007],[29.1558753,40.9937989],[29.1557915,40.9936225],[29.155658,40.9934461],[29.1554321,40.993255],[29.1551589,40.9930939],[29.1548747,40.9929577],[29.153952,40.9925576],[29.1532987,40.9922712],[29.1527271,40.992005],[29.1498994,40.9907214],[29.1477547,40.9897219],[29.1461021,40.988955],[29.1445266,40.9883059],[29.1432415,40.9877862],[29.1420526,40.9873076],[29.1408497,40.9868043],[29.1403813,40.9866074],[29.1398799,40.9863855],[29.1395839,40.9862163],[29.1394358,40.9861108],[29.1392878,40.9860054],[29.1385801,40.9854122],[29.1377376,40.9847078],[29.136922,40.9840054],[29.136034,40.9832332],[29.1350755,40.9824196],[29.1341943,40.9817016],[29.1336739,40.9812968],[29.1331269,40.9808851],[29.1328599,40.9807019],[29.1325048,40.9805021],[29.1322772,40.9803854],[29.1319394,40.9802313],[29.1316861,40.9801484],[29.1313777,40.9800739],[29.1307424,40.9799722],[29.1302455,40.9798849],[29.1296494,40.9797975],[29.1284084,40.9796413],[29.1275424,40.9794997],[29.1266808,40.9793251],[29.1260793,40.9792139],[29.1254406,40.9790958],[29.1239918,40.9787521],[29.1233322,40.9786426],[29.1225972,40.978574],[29.1218674,40.9785308],[29.1211898,40.9785253],[29.1205055,40.9785448],[29.1188097,40.9786076],[29.1174994,40.9786463],[29.1164268,40.9787299],[29.1155441,40.9788085],[29.1146429,40.978913],[29.1137547,40.9790201],[29.1125007,40.9791005],[29.1117752,40.9791413],[29.1111671,40.9791768],[29.1103774,40.9792247],[29.1096246,40.9792405],[29.1086585,40.9792294],[29.1078312,40.9791715],[29.1069747,40.9791081],[29.10598,40.9790076],[29.1050945,40.9788742],[29.1040882,40.9786822],[29.1029016,40.9783869],[29.1004915,40.977782],[29.0998362,40.9776071],[29.0991901,40.9774347]],[[29.0991901,40.9774347],[29.0942237,40.9761827],[29.0938107,40.9760828],[29.0928383,40.9758475],[29.0922956,40.9756861],[29.0919027,40.9755478],[29.0914851,40.9753816],[29.0912538,40.9752728],[29.0910472,40.9751639],[29.0907808,40.9750216],[29.0905636,40.9748886],[29.0901654,40.9746013],[29.0897712,40.9742246],[29.0885639,40.9728112],[29.0878706,40.9719809],[29.0873053,40.9712958],[29.0871546,40.9711131],[29.0862191,40.9700567],[29.0859853,40.9696898],[29.0858125,40.9693517],[29.0857398,40.9691909],[29.0856792,40.968948],[29.0856516,40.9687537],[29.0856482,40.9685869],[29.0856626,40.9684069],[29.0857011,40.9682086],[29.0857927,40.9679823],[29.0859615,40.9676195],[29.0862829,40.9670911],[29.0865803,40.9666465],[29.0868139,40.9662902],[29.087193,40.9657679],[29.0874896,40.9654632],[29.0877361,40.9651668],[29.0882184,40.9646319],[29.0885942,40.9642573],[29.0890416,40.9638747],[29.0893855,40.9635902],[29.0897905,40.963277],[29.0903903,40.9628651],[29.0910242,40.9624538],[29.0917752,40.9619163],[29.0926035,40.9612898],[29.0933503,40.9605812],[29.0941336,40.9598746],[29.0942972,40.959716],[29.0944038,40.9595876],[29.0945213,40.959401],[29.0946389,40.9591984],[29.094714,40.9590019],[29.0947608,40.9587786],[29.0947702,40.9585597],[29.0947257,40.9581213],[29.0946354,40.9575113],[29.0944253,40.9565771],[29.0942267,40.9558356],[29.0941547,40.9554892],[29.0941121,40.9552686],[29.0940979,40.9550586],[29.0940989,40.9547735],[29.0941211,40.9545205],[29.0941451,40.9543457],[29.0941998,40.9541419],[29.0943112,40.9538179],[29.0943747,40.9536913],[29.0944311,40.9535807],[29.0945739,40.953355],[29.0947168,40.9531678],[29.0948455,40.9530234],[29.0951324,40.9527436],[29.0955749,40.9523675],[29.0966099,40.9516023]]]}},{"type":"Feature","properties":{"route":"subway","name":"M11: Arnavutköy Hastane→ Gayrettepe","colour":null},"geometry":{"type":"MultiLineString","coordinates":[[[28.74788,41.1791198],[28.7474752,41.1799601],[28.747174,41.1804728],[28.7469829,41.1807375],[28.7467389,41.1810297],[28.7462878,41.1814642],[28.7457122,41.1818887],[28.7444904,41.1827644],[28.7426427,41.183936],[28.7402489,41.1855549],[28.7389883,41.1863845],[28.7378691,41.1871283],[28.7372599,41.1874923],[28.7366973,41.1877853],[28.7365483,41.1878819],[28.7327906,41.18979],[28.7301077,41.1910138],[28.7276416,41.1921393],[28.7254643,41.1931789],[28.7244032,41.1937183],[28.7224799,41.1947726],[28.7211343,41.1954859],[28.7205238,41.1958192],[28.7200067,41.1961407],[28.7195545,41.1964461],[28.7190711,41.1967867],[28.718651,41.1971594],[28.7183709,41.1975673],[28.7181575,41.1981047],[28.7180064,41.1986186],[28.7174942,41.2006375],[28.7169738,41.2030845],[28.7166524,41.2045519],[28.7162521,41.2063569],[28.7160865,41.2070981],[28.7159529,41.2076986],[28.7158341,41.2082282],[28.7154517,41.2101127],[28.7151962,41.2110672],[28.7148897,41.2118039],[28.7145872,41.2123105],[28.7141914,41.2128289],[28.7138818,41.213153],[28.7134165,41.2135591],[28.7129032,41.2139454],[28.7123433,41.2143551],[28.7119555,41.2145874],[28.7115677,41.2148196],[28.7110718,41.2150784],[28.7106149,41.2153079],[28.7091666,41.2160366],[28.708502,41.2163662],[28.7073806,41.2169186],[28.7062124,41.2175178],[28.7056847,41.2178519],[28.7050948,41.218268],[28.7047567,41.2185557],[28.7044497,41.2189078],[28.7042007,41.2193207],[28.7039984,41.2199326],[28.7038423,41.2205696],[28.7037174,41.2213354],[28.7036948,41.2219387],[28.7036432,41.2226356],[28.7034297,41.2241643]],[[28.7034297,41.2241643],[28.70331,41.2246874]],[[28.70331,41.2246874],[28.7031448,41.2256749],[28.7031938,41.2265951],[28.703379,41.2277869],[28.7036134,41.2288057],[28.7042667,41.2308906],[28.7045119,41.2320404],[28.7047357,41.233273],[28.7049026,41.2345524],[28.7049562,41.2358007],[28.7048414,41.2367762],[28.7045981,41.2378571],[28.7043591,41.2389273],[28.7040569,41.2398706],[28.7037102,41.2408426],[28.7033842,41.2417096],[28.7031675,41.2422861],[28.7024664,41.2440984],[28.7022296,41.2448386],[28.7020488,41.2456046],[28.7019817,41.2465193],[28.7019952,41.2474021],[28.7020882,41.2479867],[28.7022335,41.2486064],[28.702413,41.2493524],[28.7025593,41.2497833],[28.7027363,41.2502219],[28.7030171,41.2507206],[28.7042434,41.2522699],[28.7052141,41.2532558],[28.7058916,41.2537533],[28.7067129,41.2542353],[28.7074027,41.2545682],[28.708154,41.2548934],[28.7090905,41.2551303],[28.7100254,41.255266],[28.7110604,41.2553291],[28.712731,41.2553423]],[[28.712731,41.2553423],[28.7142727,41.2553519],[28.7148194,41.2553652],[28.7194547,41.2554611],[28.7221161,41.2555565]],[[28.7221161,41.2555565],[28.724506,41.2556221]],[[28.724506,41.2556221],[28.7266306,41.2556222],[28.7352492,41.2557761],[28.7413321,41.2558294],[28.7426107,41.2558497],[28.7438574,41.2558695]],[[28.7438574,41.2558695],[28.7439713,41.2558735],[28.7455242,41.2559275],[28.7479263,41.2560112],[28.7545563,41.256242],[28.7683989,41.2563349],[28.7696405,41.2563432],[28.7720658,41.2563595],[28.7723935,41.2563617],[28.7762285,41.2562098],[28.7773801,41.256119],[28.7783314,41.2559597],[28.780048,41.2554516],[28.7813117,41.254989],[28.7824298,41.2545401],[28.7833378,41.254126],[28.784082,41.2537255],[28.7847769,41.253284],[28.7855083,41.2527193],[28.7865665,41.2518581],[28.7871615,41.2513876],[28.7878748,41.2509034],[28.7888242,41.2503377],[28.7911738,41.2491641],[28.7924123,41.2486217],[28.7935234,41.2482162],[28.7947679,41.2478478],[28.7960942,41.2475205],[28.7981501,41.2470829],[28.8010765,41.2465303],[28.8042254,41.2458204],[28.8047288,41.2456818],[28.8052474,41.2454742],[28.8057431,41.2452206],[28.8061929,41.2449555],[28.806769,41.2445542],[28.807195,41.2442111],[28.8079922,41.2435728],[28.8088492,41.2428674],[28.8095738,41.2422709],[28.8109771,41.2411455],[28.812389,41.2402226],[28.815024,41.2380919],[28.8162439,41.2372207],[28.816808,41.2368254],[28.8174103,41.2364703],[28.8184969,41.235878],[28.8195452,41.2353605],[28.8215686,41.2344613],[28.8263966,41.2326056],[28.8270525,41.2323387],[28.8275706,41.2320833],[28.8280186,41.2317814],[28.8283134,41.231537],[28.8292239,41.230583],[28.8319378,41.2275631],[28.8332342,41.2261676],[28.8343486,41.2250293],[28.8355701,41.2237931],[28.8362423,41.2230149],[28.8367003,41.2223634],[28.837203,41.2215554],[28.8383083,41.2196641],[28.840249,41.216223],[28.8405325,41.2156677],[28.8407853,41.2151009],[28.8411838,41.2141286],[28.841661,41.2130986],[28.8420005,41.2123449],[28.8423734,41.2116897],[28.8427385,41.2111847],[28.8431495,41.2107085],[28.8438644,41.2100439],[28.8445289,41.2095093],[28.8453222,41.2089928],[28.8460999,41.2085582],[28.8469542,41.2081697],[28.8480963,41.2077036],[28.850858,41.2065944],[28.8530788,41.2055291],[28.8551313,41.2044407],[28.8572997,41.2031932],[28.8587258,41.2023489],[28.8596799,41.201829],[28.8611137,41.2010556],[28.861974,41.2006771],[28.8629261,41.2002986],[28.8645548,41.1995992],[28.8654487,41.1991489],[28.8662202,41.1986641],[28.8674111,41.1978442],[28.868088,41.19733],[28.8685963,41.1967983],[28.8689392,41.1963131],[28.8692821,41.1957184],[28.8695732,41.1950884],[28.8698097,41.19439],[28.8701145,41.1933157],[28.8706013,41.1918099],[28.8708748,41.1908187],[28.8713849,41.1895671],[28.8719224,41.1887603],[28.8725327,41.1879192],[28.8735713,41.1866069],[28.8759853,41.1841604],[28.8802033,41.1800026],[28.8824195,41.1779615],[28.8836397,41.1768557],[28.884389,41.1761738],[28.8874473,41.1734052],[28.8875897,41.1732761],[28.889053,41.1720556],[28.8911446,41.1704235],[28.8920182,41.1698503],[28.8934812,41.1690813],[28.8944506,41.1686778],[28.8955349,41.168234],[28.8977799,41.1673924],[28.9015199,41.1661357],[28.9048586,41.165155],[28.9061005,41.1647967],[28.9071587,41.1644269],[28.9076819,41.1641632],[28.9081858,41.1638207],[28.9084983,41.1635301],[28.9089698,41.1629333],[28.9092903,41.1623796],[28.9094807,41.1617741],[28.9098826,41.1600911],[28.9101084,41.1590973],[28.9103509,41.1580302],[28.9104969,41.1574273],[28.9109521,41.1556343],[28.9112294,41.1546081],[28.9114005,41.1541928],[28.9115715,41.1538671],[28.9118759,41.1534944],[28.9122502,41.153171],[28.9127103,41.1529141],[28.9141668,41.1522184],[28.9178994,41.1503321],[28.9194008,41.1495214],[28.9207491,41.1487396],[28.9215736,41.1481753],[28.9223215,41.1475937],[28.9228764,41.1470801],[28.9233853,41.1464686],[28.9237937,41.1457594],[28.9241332,41.144958],[28.924426,41.1439353],[28.9250806,41.1414809],[28.9255005,41.1401248],[28.9257526,41.1395102],[28.9260047,41.1390569],[28.9265602,41.1384222],[28.9270545,41.1380065],[28.9276308,41.1375806],[28.9281918,41.137247],[28.9319898,41.1353885],[28.9371228,41.1329421],[28.9411731,41.1311819],[28.942399,41.1306461],[28.943214,41.1302853],[28.9438342,41.1299411],[28.944148,41.129739],[28.9444006,41.129537],[28.9446212,41.1293065],[28.944773,41.1290932],[28.9449057,41.128793],[28.9449844,41.128509],[28.9457102,41.1255711],[28.9460464,41.124182],[28.9465231,41.1222125],[28.9467385,41.1212278],[28.9469951,41.1200546],[28.94824,41.1129709],[28.9484386,41.1123435],[28.9486679,41.111843],[28.9490957,41.1110379],[28.9496913,41.1099583],[28.9513569,41.1069573],[28.9519252,41.1057759],[28.9522946,41.1048251],[28.9526487,41.1039436],[28.9528956,41.1030851],[28.9531258,41.1019549],[28.953356,41.1007901],[28.9536327,41.0995446],[28.9538862,41.0988559],[28.9541243,41.0983114],[28.9544629,41.0975684],[28.9548339,41.0965783],[28.9555181,41.094129],[28.9556875,41.09356],[28.9558377,41.0930927],[28.956035,41.0926045],[28.9562752,41.0921711],[28.9564811,41.0917916],[28.9567143,41.0914945],[28.9570021,41.0911922],[28.9572808,41.0909482],[28.959209,41.0897092],[28.9613633,41.0884984],[28.9667195,41.08534],[28.9707338,41.0832056],[28.9716711,41.0827575],[28.9724668,41.0822938]],[[28.9724668,41.0822938],[28.9729737,41.0820134]],[[28.9729737,41.0820134],[28.973648,41.0816282],[28.9748285,41.0808929],[28.9764623,41.0800228]],[[28.9764623,41.0800228],[28.9800715,41.0781637],[28.9814357,41.0774547],[28.9821015,41.0771247],[28.9828731,41.0767763],[28.984844,41.0759315],[28.9867622,41.0751222],[28.9880021,41.0746932],[28.9888723,41.0744998],[28.9898237,41.0743616],[28.9913002,41.0742447],[28.9929231,41.0741279],[28.9936732,41.0740664],[28.995603,41.0739082],[28.9968905,41.0736996],[28.9978908,41.0734661],[28.9985209,41.073295],[28.9993189,41.0730783],[29.000242,41.0728133],[29.0010513,41.072536],[29.0019776,41.0721595],[29.0029201,41.0718014],[29.0036777,41.0714773],[29.0041799,41.0711641],[29.0045764,41.0708877],[29.0052932,41.0703442],[29.0060978,41.0696923],[29.0068732,41.0690572],[29.0079059,41.0683509],[29.0086636,41.0678495],[29.0093904,41.0673927],[29.0105059,41.0667555]]]}},{"type":"Feature","properties":{"route":"subway","name":"M11: Gayrettepe → Arnavutköy Hastane","colour":null},"geometry":{"type":"MultiLineString","coordinates":[[[29.0097556,41.0675684],[29.0107454,41.0670078]],[[29.0097556,41.0675684],[29.0083945,41.0687017]],[[29.0083945,41.0687017],[29.0079523,41.0689075]],[[29.0079523,41.0689075],[29.0072592,41.0693419],[29.0067185,41.0696915],[29.0062999,41.0699801],[29.0059416,41.0702535],[29.005432,41.0706581]],[[29.005432,41.0706581],[29.0046673,41.0712162],[29.0041178,41.0715561],[29.0036649,41.0717852],[29.0031503,41.0720142],[29.0012037,41.072791],[28.9998181,41.0732533],[28.9986369,41.0735846],[28.997537,41.0738669],[28.9966047,41.0740527],[28.9954323,41.0742175],[28.9937317,41.0743574],[28.9921475,41.0744912],[28.9908929,41.0745724],[28.989801,41.074672],[28.9890466,41.0747753],[28.9883897,41.0749215],[28.9876445,41.0751524],[28.9868587,41.0754323],[28.9850963,41.0761764],[28.9832204,41.0769327],[28.9819221,41.0774994],[28.980388,41.0782622],[28.979011,41.0789455],[28.9766216,41.0801857]],[[28.9766216,41.0801857],[28.974913,41.0810998],[28.9736899,41.0816618],[28.9730025,41.0820535]],[[28.9730025,41.0820535],[28.9725046,41.0823245]],[[28.9725046,41.0823245],[28.971669,41.0828049],[28.9703671,41.0835622],[28.9595771,41.0898411],[28.9576753,41.0910882],[28.9574019,41.0913087],[28.9571102,41.0916047],[28.9568595,41.0919296],[28.9566362,41.0922996],[28.9563267,41.092936],[28.9561397,41.0934287],[28.9559335,41.0941009],[28.9553094,41.0964112],[28.9552533,41.0966328],[28.954993,41.0974232],[28.9546505,41.0982646],[28.9543698,41.0988648],[28.9542179,41.099237],[28.9540041,41.099893],[28.9538385,41.1005732],[28.9536728,41.1013796],[28.9535008,41.1023557],[28.9533287,41.1032251],[28.9531819,41.1037724],[28.9529723,41.1044201],[28.9527001,41.1050785],[28.9523581,41.1058829],[28.951926,41.1067455],[28.951354,41.1078937],[28.950736,41.1090764],[28.9502562,41.109925],[28.9497305,41.1107967],[28.9491589,41.1118414],[28.9488731,41.1124877],[28.9486791,41.1131052],[28.9484762,41.1138489],[28.9482734,41.1148118],[28.9479289,41.1166913],[28.9472559,41.120006],[28.9469769,41.1212528],[28.9467464,41.1222833],[28.9462731,41.1242049],[28.9459331,41.125599],[28.9458633,41.1258849],[28.9458401,41.1260107],[28.9455227,41.1276128],[28.9453307,41.1285787],[28.9451875,41.1290391],[28.9450583,41.1293088],[28.9448208,41.1296029],[28.9444934,41.1299142],[28.9440453,41.1302513],[28.9434204,41.1305946],[28.9426331,41.1309949],[28.9412896,41.1315504],[28.9387671,41.1326075],[28.9369128,41.1333758],[28.9317219,41.1359425],[28.9284975,41.1374939],[28.9275044,41.1380753],[28.926978,41.138486],[28.9265282,41.138989],[28.926183,41.1395339],[28.925823,41.1405272],[28.9255216,41.1415806],[28.9250284,41.1433444],[28.9247038,41.1445076],[28.9245167,41.1451309],[28.9242096,41.1458488],[28.9239259,41.1463403],[28.9236422,41.1467626],[28.9229787,41.1474474],[28.9223306,41.147994],[28.921075,41.1488988],[28.9194992,41.1498159],[28.9179387,41.1506063],[28.9142876,41.1524458],[28.9128806,41.1531694],[28.9123802,41.1534701],[28.9119881,41.15381],[28.9117108,41.1542018],[28.9115629,41.1546475],[28.9111652,41.1558696],[28.9107248,41.1575342],[28.9105882,41.1581344],[28.9103638,41.1591283],[28.9101462,41.1600918],[28.9097811,41.1618549],[28.9095573,41.1624628],[28.9093335,41.1628747],[28.9090637,41.1632694],[28.9086792,41.1637332],[28.9083752,41.1640065],[28.9082714,41.1640842],[28.9079948,41.1642912],[28.9074011,41.1646109],[28.9065282,41.1649474],[28.9055023,41.1652724],[28.9015938,41.1664227],[28.897495,41.1678162],[28.8957247,41.1684945],[28.8939851,41.1691785],[28.8930941,41.1695851],[28.892373,41.169967],[28.8917285,41.1703547],[28.8909413,41.1708684],[28.8877951,41.173353],[28.8876463,41.1734891],[28.8845811,41.1762891],[28.8838343,41.1769737],[28.8829118,41.1778169],[28.8805081,41.1800861],[28.8783286,41.1822384],[28.8766061,41.1839141],[28.8748053,41.1856963],[28.8737299,41.1869378],[28.8730232,41.1878919],[28.87224,41.1889957],[28.8718121,41.1896651],[28.8715219,41.1903173],[28.8713164,41.1908377],[28.871172,41.1913063],[28.8708954,41.192147],[28.8703316,41.1940092],[28.8699974,41.1950307],[28.869727,41.19568],[28.8694707,41.1961829],[28.8691072,41.1967204],[28.8685368,41.1973302],[28.8678903,41.1978774],[28.8670978,41.198469],[28.866313,41.1989857],[28.8650802,41.1997082],[28.8642592,41.2000709],[28.8633464,41.2004565],[28.8614748,41.2012049],[28.8603445,41.2018127],[28.8590077,41.2025703],[28.855839,41.2044347],[28.854694,41.205052],[28.8534112,41.2056808],[28.8522356,41.2062347],[28.8509375,41.2068232],[28.8483327,41.2078989],[28.8466682,41.208631],[28.8455701,41.2092019],[28.8449039,41.2096413],[28.8441305,41.2102189],[28.8436833,41.2106129],[28.8433508,41.2109205],[28.8430183,41.21128],[28.8426858,41.2117316],[28.8412908,41.2148527],[28.8407364,41.2160585],[28.8388476,41.2194217],[28.8375202,41.2218143],[28.836979,41.2226826],[28.8364377,41.2234011],[28.8332855,41.22659],[28.8297664,41.2305373],[28.8286297,41.2317104],[28.8282552,41.232002],[28.827697,41.2323282],[28.8272297,41.2325626],[28.8266246,41.2327971],[28.8215714,41.2347274],[28.819626,41.2356163],[28.8186543,41.2361019],[28.8175907,41.236691],[28.8163985,41.2374732],[28.8151451,41.2383821],[28.8142782,41.2390767],[28.8133806,41.2397829],[28.8125811,41.2403578],[28.8111705,41.2412713],[28.8111045,41.241314],[28.8098258,41.2423143],[28.8090227,41.2429857],[28.8081833,41.2436873],[28.806633,41.2449832],[28.8061135,41.2453094],[28.8053991,41.2457006],[28.8048363,41.2459454],[28.8041003,41.2461902],[28.8014952,41.2467375],[28.7984137,41.2473292],[28.7960382,41.2478397],[28.7948435,41.248134],[28.7936124,41.2484968],[28.79265,41.248831],[28.7916148,41.2492746],[28.7895913,41.250306],[28.7882142,41.2510823],[28.7875897,41.2515164],[28.7870379,41.2519369],[28.7860254,41.2527573],[28.7849772,41.2535339],[28.784284,41.2539546],[28.783435,41.2543872],[28.7823675,41.2549019],[28.7813911,41.2552866],[28.78036,41.2556576],[28.7792738,41.2560202],[28.7780056,41.2563281],[28.7771322,41.2564088],[28.7762041,41.2564621],[28.7723016,41.2565591],[28.7720394,41.256557],[28.769657,41.2565381],[28.7683976,41.2565281],[28.7658189,41.2565076],[28.7548462,41.2563518],[28.7531948,41.256291],[28.7492704,41.2561527],[28.7479085,41.2561021],[28.7455288,41.2560335],[28.7438726,41.2560365]],[[28.7438726,41.2560365],[28.7426028,41.2560325],[28.7412567,41.2560283],[28.7393761,41.2559948],[28.7264263,41.2557643],[28.7244905,41.2557237]],[[28.7244905,41.2557237],[28.7221122,41.2556498]],[[28.7221122,41.2556498],[28.7198584,41.2556474],[28.7140515,41.255544],[28.7127283,41.2555309]],[[28.7127283,41.2555309],[28.7110586,41.2555122],[28.709922,41.255437],[28.7093923,41.2553827],[28.7089447,41.255313],[28.7084149,41.2551971],[28.7079878,41.2550813],[28.707391,41.2548291],[28.7067941,41.2545536],[28.7062486,41.2542514],[28.7057853,41.2539645],[28.7053675,41.2536825],[28.7048675,41.253277],[28.7044599,41.2529027],[28.7040934,41.2525438],[28.7035854,41.2519566],[28.7031391,41.2514312],[28.7025739,41.2506828],[28.7023527,41.250301],[28.7021725,41.2498729],[28.7019729,41.249297],[28.701835,41.2487674],[28.7016102,41.2474078],[28.701602,41.2468964],[28.7015938,41.2465085],[28.7016368,41.2459662],[28.7017003,41.2454626],[28.7018786,41.2447212],[28.7021553,41.244124],[28.7025261,41.2432512],[28.7028472,41.2424812],[28.7031228,41.2418853],[28.7032002,41.2416593],[28.7034506,41.2407975],[28.7036663,41.2401462],[28.7038203,41.2395722],[28.7041081,41.238262],[28.704379,41.236755],[28.7044669,41.235649],[28.7044513,41.2347626],[28.7037835,41.2309799],[28.7030482,41.2284588],[28.70281,41.2268566],[28.7027424,41.2256557]],[[28.7027424,41.2256557],[28.7029816,41.2244906],[28.7031521,41.2234285],[28.7032743,41.2219792],[28.703314,41.2213078],[28.7034504,41.2204734],[28.703618,41.2198029],[28.7038095,41.2193514],[28.7040011,41.2189584],[28.7041982,41.2186702],[28.7045198,41.2182649],[28.7049385,41.2179209],[28.7054117,41.2175885],[28.7065416,41.2169552],[28.7103712,41.2150802],[28.711274,41.2146084],[28.7120421,41.2141328],[28.7125801,41.2137325],[28.7131102,41.2133145],[28.7135446,41.2129327],[28.7138777,41.2125742],[28.7143205,41.2119299],[28.7146013,41.2113933],[28.7147653,41.211044],[28.7149383,41.2104822],[28.7150881,41.2098853],[28.7153252,41.2087735],[28.715443,41.2081411],[28.7156947,41.2070292],[28.7158605,41.2063017],[28.7163472,41.2038827],[28.7166803,41.202192],[28.717085,41.2003393],[28.7175537,41.1985016],[28.7177302,41.1979787],[28.7179222,41.1975611],[28.7182327,41.1971089],[28.7186755,41.196645],[28.7191371,41.1962893],[28.7196455,41.1959688],[28.7202621,41.1956181],[28.7209332,41.1952615],[28.72186,41.1947818],[28.7243319,41.1936108],[28.7253771,41.1930751],[28.7265035,41.1924951],[28.7291919,41.1911031],[28.7334641,41.1891023],[28.7361488,41.1877424],[28.7372368,41.187127],[28.7383866,41.1863817],[28.7409054,41.1846567],[28.7433207,41.1830806],[28.7453666,41.1817136],[28.7459701,41.1812575],[28.7463853,41.1808458],[28.7467377,41.1803912],[28.747083,41.1798786],[28.747501,41.1790253]]]}},{"type":"Feature","properties":{"route":"subway","name":"M7 Yıldız - Mecidiyeköy Metro Hattı","colour":null},"geometry":{"type":"LineString","coordinates":[[29.0098445,41.0540063],[29.010276,41.0564208],[29.0104522,41.0574416],[29.0106365,41.0584687],[29.0107429,41.0590441],[29.0107773,41.0594645],[29.0107539,41.0597527],[29.0106718,41.0600617],[29.0105638,41.0602656],[29.0104495,41.0604506],[29.0102266,41.0607087],[29.0099942,41.0609005],[29.0097366,41.0610922],[29.0093195,41.0613344],[29.0083837,41.0618082],[29.007826,41.0620788],[29.0064946,41.0627191],[29.0043902,41.0636803],[29.0037775,41.0639111],[29.0032125,41.0640901],[29.002691,41.0641903],[29.0021988,41.0642616],[29.0017823,41.064295],[29.000989,41.0643504],[29.0003653,41.0644282],[28.9997163,41.0645107],[28.99893,41.0646482],[28.9955607,41.0653135]]}},{"type":"Feature","properties":{"route":"subway","name":"M7 Mecidiyeköy - Yıldız Metro Hattı","colour":null},"geometry":{"type":"LineString","coordinates":[[28.9954199,41.0649724],[28.9988331,41.0643274],[28.999686,41.0641816],[29.0005456,41.0640624],[29.0012424,41.0640043],[29.0020338,41.0639415],[29.0026033,41.0638731],[29.0031266,41.0637509],[29.0036372,41.0636002],[29.0040448,41.0634439],[29.0044839,41.0632734],[29.0062619,41.0624597],[29.0075671,41.061822],[29.0081785,41.0615385],[29.0089228,41.061169],[29.0092761,41.0609891],[29.0095411,41.0608281],[29.0097589,41.0606543],[29.0099263,41.060509],[29.0100873,41.0603163],[29.0101854,41.06019],[29.0102781,41.0599984],[29.0103203,41.0598544],[29.0103527,41.0596618],[29.0103599,41.0595547],[29.0103619,41.0591873],[29.0102528,41.0585684],[29.0098619,41.0563559],[29.0094506,41.0540017]]}},{"type":"Feature","properties":{"route":"tram","name":"2: Gar → Stadyum","colour":"red"},"geometry":{"type":"MultiLineString","coordinates":[[[36.3405275,41.2867094],[36.3410383,41.2863445],[36.3416444,41.2859114],[36.3418411,41.2857881],[36.3420225,41.2856744],[36.3422006,41.2855627],[36.3423993,41.2854366],[36.3426222,41.2852677],[36.3441288,41.2841261],[36.3448079,41.2836287],[36.3454863,41.2831677],[36.3460632,41.2827719],[36.3463123,41.2825953],[36.3476051,41.2816908],[36.3480737,41.2814104]],[[36.3480737,41.2814104],[36.3482553,41.2813302],[36.3483926,41.2812628],[36.3485482,41.2812139],[36.3486717,41.2811857],[36.3488163,41.2811562],[36.3490513,41.2811287],[36.3495159,41.2810745],[36.3496744,41.2810427],[36.3498154,41.2810167],[36.34999,41.2809605],[36.3501247,41.2809003],[36.350302,41.2808208],[36.35041,41.2807459],[36.3504944,41.2806863],[36.3505882,41.2806062],[36.3510915,41.2800654]],[[36.3510915,41.2800654],[36.3517196,41.2794018],[36.3518467,41.2792795]],[[36.3525854,41.2786431],[36.3518467,41.2792795]],[[36.3525854,41.2786431],[36.3528921,41.2783881],[36.3530959,41.2782379],[36.3533013,41.2780888],[36.3537397,41.2778196],[36.354378,41.2774547],[36.3547455,41.2772633],[36.3552498,41.2770284],[36.3555004,41.2769243],[36.3558174,41.2767919],[36.3565148,41.276524],[36.359847,41.2752271],[36.361388,41.2746365],[36.3634923,41.2738094],[36.3643585,41.2734846],[36.3649406,41.273277],[36.3653141,41.273147],[36.3662874,41.2728176],[36.3666339,41.2727121],[36.3687377,41.2720796],[36.3695847,41.2717787],[36.3704274,41.2714632],[36.3709283,41.2712341]],[[36.3709283,41.2712341],[36.3718323,41.2708194],[36.3723888,41.2706091],[36.3725996,41.2705393],[36.3727927,41.2705051],[36.3731875,41.2704527],[36.3735907,41.2703992],[36.373812,41.2703529],[36.3740064,41.2702833],[36.3742451,41.2701311],[36.3745375,41.2698497],[36.3747729,41.2696183],[36.3749995,41.2694444],[36.3751884,41.2693274],[36.3764727,41.2687124],[36.3769844,41.2684286],[36.3791175,41.2669218],[36.3797078,41.2664994],[36.3806014,41.26586]],[[36.3806014,41.26586],[36.380906,41.2656364]],[[36.380906,41.2656364],[36.3815836,41.2650976],[36.3821575,41.2646482],[36.3825987,41.2642743],[36.3831487,41.2637783],[36.3834316,41.2634257],[36.38378,41.2629154],[36.3839805,41.2625309],[36.3841047,41.262242],[36.3842431,41.2618013],[36.3843579,41.2613556],[36.3844461,41.2606896],[36.3845423,41.2592782],[36.3845723,41.2587722],[36.3846347,41.2577196],[36.3846454,41.2574464],[36.3847084,41.2570512],[36.3848387,41.2566959],[36.3851787,41.2562015],[36.3855678,41.2557973],[36.3860061,41.2555029],[36.3864639,41.2552858],[36.3868099,41.2551346],[36.3885343,41.2543378]],[[36.3885343,41.2543378],[36.3887087,41.2542574]],[[36.3887087,41.2542574],[36.3894003,41.2539383],[36.390338,41.2535057],[36.3906168,41.2533771],[36.3916545,41.2529101],[36.3925372,41.2525129],[36.3928822,41.2523116],[36.3934435,41.25185],[36.3936328,41.2516274]],[[36.3936328,41.2516274],[36.3939483,41.251225],[36.3944371,41.2504924],[36.3947493,41.2500752],[36.3949464,41.2498544],[36.3952073,41.2496114],[36.3954507,41.2494208],[36.3957243,41.2492292],[36.3961293,41.2489872],[36.3964881,41.2487876]],[[36.4103908,41.2399384],[36.4092506,41.2406883],[36.4089905,41.2408628],[36.4079193,41.2415723],[36.4075417,41.2418223],[36.4074167,41.2418998],[36.405051,41.2434532],[36.4028737,41.2448994],[36.4026041,41.2450859],[36.4021777,41.2453481],[36.4019388,41.2455055],[36.4015164,41.2457868],[36.4005033,41.2464382],[36.3975096,41.248221],[36.3971894,41.2483999],[36.3964881,41.2487876]],[[36.4103908,41.2399384],[36.4107633,41.2397]],[[36.4107633,41.2397],[36.4130783,41.2382091],[36.4131881,41.2381395],[36.4136374,41.2378419],[36.4160017,41.2362741]],[[36.4160017,41.2362741],[36.4164408,41.2359976]],[[36.4164408,41.2359976],[36.4196509,41.2338931],[36.4200719,41.2336153],[36.4201643,41.2335556],[36.4232746,41.2315279],[36.4253531,41.2301728],[36.426449,41.2294584],[36.4272389,41.2289228],[36.4274991,41.2287483],[36.4276224,41.2286747],[36.4277257,41.2286162],[36.4278893,41.2285435],[36.4280409,41.228485],[36.4281709,41.2284487],[36.4283426,41.2284114],[36.4285009,41.2283922],[36.4286645,41.2283852],[36.4288442,41.2283872],[36.4289984,41.2284003],[36.429162,41.2284316],[36.4293914,41.2284931],[36.4296174,41.2285631],[36.4298379,41.2286565],[36.4300069,41.2287453],[36.4301464,41.2288391],[36.4303301,41.2289934],[36.4305561,41.2291945],[36.4308719,41.2294755],[36.4309846,41.2295703],[36.4310637,41.2296308],[36.4312823,41.2297418],[36.4315639,41.2298124],[36.4317839,41.2298497],[36.4318955,41.2298585],[36.4321111,41.2298467],[36.4322989,41.2298053],[36.4328621,41.2296157],[36.4331263,41.229533],[36.4334214,41.2294493],[36.435083,41.2290831],[36.4354867,41.2290075],[36.4358139,41.2289732],[36.4360808,41.228949],[36.4392364,41.2287513],[36.4395368,41.22872],[36.4398614,41.2286696],[36.4399513,41.2286465],[36.440206,41.2285809],[36.4406311,41.2284144],[36.4409359,41.2282691],[36.4413084,41.2281199],[36.4414868,41.2280564],[36.4417309,41.2279837],[36.442105,41.2278849],[36.4427716,41.2277255],[36.4430062,41.227664],[36.4432235,41.2275964],[36.4433469,41.227549],[36.4434837,41.2274835],[36.4436325,41.2273987],[36.443768,41.2273049],[36.4438552,41.2272202],[36.4439504,41.2271224],[36.4440772,41.226956]],[[36.4440772,41.226956],[36.4444132,41.2264574],[36.4445089,41.2263135],[36.4446554,41.2261684],[36.4447917,41.2260627],[36.4449483,41.2259773],[36.4451156,41.2259236],[36.4453133,41.2258825],[36.4454558,41.2258573],[36.4466561,41.2256382],[36.4470049,41.2255745],[36.4476874,41.225482],[36.4484067,41.225425],[36.4486952,41.2253614],[36.4489633,41.2252977],[36.4492545,41.2251971],[36.4500408,41.2248864],[36.4503327,41.2247955],[36.4505245,41.2247709],[36.4507535,41.2247704],[36.4515535,41.2248636],[36.4517822,41.2248909],[36.4532873,41.2250612],[36.4545652,41.2252157],[36.4548079,41.2252546],[36.4550655,41.2253337],[36.4552168,41.2253851],[36.4553037,41.2254539],[36.4553826,41.2255269],[36.4554583,41.225685],[36.455515,41.2258838],[36.4555723,41.2261549],[36.45561,41.2264239],[36.4555955,41.2288537]]]}},{"type":"Feature","properties":{"route":"tram","name":"1: OMÜ Rektörlük → Gar","colour":"green"},"geometry":{"type":"MultiLineString","coordinates":[[[36.2253076,41.3713404],[36.2255159,41.3711094],[36.225675,41.3709379],[36.2259186,41.3705219],[36.2261027,41.3701765],[36.2262156,41.3698986],[36.2268993,41.3676442],[36.227101,41.3670501],[36.2272043,41.3667285],[36.2274183,41.3661305],[36.2274572,41.3659906],[36.2274921,41.3658174],[36.2275256,41.3656081],[36.2276232,41.3650122],[36.2276852,41.3646851],[36.2278408,41.3639906],[36.2279186,41.3637007],[36.2280768,41.3632015],[36.2281495,41.3630524],[36.228219,41.3629438],[36.2283453,41.3628159],[36.2294394,41.3618225],[36.229664,41.3616184],[36.2298826,41.3614197],[36.2303567,41.360982],[36.2305391,41.3608008],[36.2307795,41.3605652],[36.2309012,41.3604334],[36.2310187,41.3602747],[36.231223,41.3599519],[36.2312901,41.3598526],[36.2313766,41.3597407]],[[36.2313766,41.3597407],[36.2314779,41.3596402],[36.231603,41.3595416],[36.2318473,41.3593882],[36.2321752,41.3591762],[36.23232,41.3590714],[36.2324559,41.3589558]],[[36.2324559,41.3589558],[36.2325727,41.3588362],[36.2326912,41.3586949],[36.2330765,41.3581947],[36.2332194,41.3579971]],[[36.2332194,41.3579971],[36.2346957,41.3555332],[36.2350373,41.3550013],[36.2353745,41.3545602],[36.23626,41.3534045],[36.2366753,41.3527807],[36.2375209,41.3516947],[36.2376985,41.3514665],[36.2378277,41.3513073],[36.2379069,41.3512105],[36.2380361,41.3510611],[36.2385776,41.3504348],[36.2391464,41.3497614],[36.2394688,41.3493734],[36.2403396,41.3483729],[36.2407691,41.347868],[36.2409699,41.3476708],[36.2441323,41.3444897],[36.2448359,41.3438579],[36.2450584,41.3436374],[36.2451366,41.34356],[36.2452864,41.3434237],[36.2476121,41.3411705],[36.2485682,41.340287],[36.2489653,41.3400131],[36.2495302,41.3397039],[36.2504842,41.3393979],[36.2517484,41.3390734],[36.2520728,41.3389902],[36.2545361,41.3383512],[36.2563443,41.3377908],[36.2572159,41.3374649],[36.2587123,41.3368019],[36.2589989,41.3366746],[36.2592156,41.3365687],[36.2593543,41.3364886],[36.259564,41.3363716],[36.2617097,41.3351006],[36.2627158,41.334502],[36.2637145,41.3339295],[36.263984,41.3338061],[36.2643694,41.3336454],[36.2647499,41.3335018],[36.2653135,41.3333158],[36.2655601,41.3332319],[36.2658989,41.3331554],[36.2675566,41.3328073],[36.2692986,41.3324413],[36.2697076,41.3323554],[36.2702234,41.3322504],[36.27032,41.3322277],[36.2704864,41.3321887],[36.2705908,41.3321643],[36.2726238,41.3316439],[36.2742158,41.331246],[36.274889,41.3311136],[36.2787892,41.3304267],[36.2795823,41.3301999],[36.2813122,41.329627],[36.2817012,41.3294975],[36.2818984,41.3294118],[36.2822446,41.329251],[36.2849799,41.3278822],[36.2855686,41.3275922],[36.2862091,41.3272664],[36.2864909,41.3271226],[36.286727,41.3270068],[36.2868931,41.3269213],[36.2899897,41.3252002],[36.2904411,41.3249852],[36.2909261,41.324825],[36.2913238,41.3247315],[36.2945149,41.3240485],[36.294746,41.3240158],[36.2949326,41.3240174],[36.2951917,41.3240568],[36.295376,41.3240984],[36.2957053,41.3241852],[36.2961094,41.3243062],[36.2963403,41.3243806],[36.2963988,41.324396],[36.2969856,41.3245605],[36.2973026,41.3246322],[36.2976259,41.3246801],[36.2979356,41.3247174],[36.2982185,41.3247298],[36.2985551,41.3247325],[36.2989063,41.324713],[36.2992401,41.3246691],[36.3011292,41.3243836],[36.3014608,41.3243161],[36.3017788,41.32424],[36.3023111,41.3240785],[36.3028868,41.3238901],[36.3030435,41.3238328],[36.3051474,41.3231888],[36.3055045,41.3230771],[36.3058688,41.3229748],[36.3061438,41.3228909],[36.3069744,41.3226562]],[[36.3069744,41.3226562],[36.3076388,41.3224691]],[[36.3076388,41.3224691],[36.3083496,41.3222837],[36.3089837,41.3221159],[36.309262,41.3220437],[36.3094799,41.3219981],[36.3097709,41.3219779]],[[36.3097709,41.3219779],[36.3104875,41.3219375],[36.3107227,41.3219242]],[[36.3107227,41.3219242],[36.3110171,41.3219103],[36.3116026,41.3218828]],[[36.3116026,41.3218828],[36.3118477,41.3218712],[36.3124617,41.3218423]],[[36.3124617,41.3218423],[36.3128295,41.3218612],[36.3134688,41.3218849],[36.3138569,41.3219],[36.3142979,41.3219253],[36.3144549,41.321926],[36.3162423,41.3217307],[36.3173084,41.3215856],[36.317986,41.32149],[36.3196252,41.3212099],[36.3206607,41.3210144],[36.3209275,41.3209531],[36.3216823,41.3207669],[36.3219207,41.3206976],[36.3237107,41.3201841],[36.3240575,41.3200912],[36.3262509,41.3195358],[36.3289411,41.31894],[36.3292901,41.3188604],[36.3295932,41.3187686],[36.3298454,41.3186848],[36.3301138,41.318574],[36.330379,41.3184495],[36.3306582,41.3182978],[36.3309813,41.3180992],[36.3338854,41.3162695],[36.3341619,41.3160748],[36.3343987,41.3158849],[36.3345983,41.3157082],[36.3348293,41.3154676],[36.3350428,41.3152151],[36.3352209,41.3149894],[36.3353592,41.3147758],[36.3354734,41.3145763],[36.3356605,41.3141685],[36.3357424,41.3139443],[36.3358196,41.3136565],[36.3358758,41.3133496],[36.335894,41.3131171],[36.335902,41.3128666],[36.335878,41.3118173],[36.3358368,41.3115158],[36.3358007,41.311313],[36.3357611,41.3111485],[36.3356818,41.3109479],[36.335455,41.3104725],[36.3353362,41.3102282],[36.3352489,41.3100486],[36.3351036,41.3098147],[36.3339154,41.3079869],[36.3323346,41.3057852],[36.3320139,41.3053362],[36.3318547,41.3051171],[36.3314601,41.3045484]],[[36.3314601,41.3045484],[36.3313553,41.304318],[36.3310777,41.303636],[36.3310238,41.3035068],[36.3310079,41.3034103],[36.3310227,41.3033156],[36.3310711,41.3032155],[36.3311447,41.3031151],[36.331258,41.3029889],[36.3313835,41.3028311],[36.3314633,41.3026891],[36.331539,41.3025328],[36.3315842,41.302374],[36.3320192,41.3005975]],[[36.3320192,41.3005975],[36.3322481,41.299816],[36.332337,41.2995335],[36.332746,41.298131],[36.3328936,41.2976494],[36.3330476,41.2972176],[36.3333952,41.2963153],[36.3336257,41.2957276],[36.3336939,41.2955538],[36.3339295,41.294953],[36.33398,41.2948241],[36.3340469,41.2946287],[36.3341304,41.2943668],[36.3342481,41.2940221],[36.334358,41.2937379],[36.3345163,41.2934437],[36.3347044,41.2931214],[36.3353293,41.2921278],[36.3360882,41.2911985],[36.3364534,41.2907514],[36.3366357,41.2905303],[36.3375255,41.2893371],[36.3380278,41.2888424],[36.3382768,41.2885973],[36.3384739,41.2884164],[36.3389855,41.2879349],[36.3398553,41.287183],[36.3405275,41.2867094]]]}},{"type":"Feature","properties":{"route":"tram","name":"3: Yurtlar → OMÜ Rektörlük","colour":"orange"},"geometry":{"type":"MultiLineString","coordinates":[[[36.1968801,41.3714456],[36.1963404,41.3713995],[36.1956543,41.3713409]],[[36.1956543,41.3713409],[36.1952649,41.3713035],[36.1947222,41.3712513],[36.1943802,41.3712151],[36.1941335,41.3711728],[36.1938746,41.3711104],[36.1936359,41.371039],[36.19342,41.3709575],[36.1931558,41.3708357],[36.1912809,41.369954],[36.1908478,41.3697487],[36.1905299,41.3695726],[36.1903623,41.3694639],[36.1895737,41.3689275],[36.1892178,41.3686902],[36.1877391,41.3677046],[36.1875071,41.3675506],[36.1873676,41.3674188],[36.1872643,41.3672819],[36.1871812,41.3671058],[36.187157,41.3669608],[36.1871597,41.3668189],[36.1871879,41.3666891],[36.1872348,41.3665723],[36.1873113,41.3664576],[36.1873944,41.3663569],[36.187499,41.3662623],[36.187899,41.3659606],[36.1882742,41.3656775],[36.1884364,41.3655719],[36.1886215,41.3654863],[36.1888213,41.3654299],[36.1890011,41.3654007],[36.189221,41.3653967],[36.1893819,41.3654048],[36.1896059,41.3654551],[36.191116,41.3658959],[36.1913989,41.3660036],[36.1917423,41.3661496],[36.1923659,41.3664395],[36.1927065,41.3666055],[36.1930861,41.3667726],[36.1942133,41.3672398],[36.1944745,41.3673481],[36.1952795,41.3676833],[36.1955138,41.3677564],[36.1957195,41.3678052],[36.1959606,41.3678277],[36.1962151,41.3678297],[36.1963673,41.3678168],[36.1965719,41.3677994],[36.2007415,41.3672946],[36.2012107,41.3672561],[36.2016562,41.3672399],[36.2022053,41.367246],[36.2039503,41.3672876],[36.2049074,41.3673104],[36.2054593,41.3673347],[36.2066388,41.3674387],[36.2068559,41.3674813],[36.2070077,41.3675298],[36.2071442,41.3675957],[36.2072519,41.3676576],[36.2073866,41.3677626]],[[36.2073866,41.3677626],[36.2075304,41.3679172],[36.2075878,41.3679971],[36.2076752,41.3681544],[36.2076996,41.3682576],[36.2077023,41.368351]],[[36.2077023,41.368351],[36.2076941,41.3684741],[36.2076761,41.3685667],[36.2076521,41.3686463],[36.2074101,41.3691033],[36.2073,41.369384],[36.2072529,41.369558],[36.2072411,41.3697421],[36.207249,41.3699624],[36.2072568,41.3700514],[36.2073081,41.3702685],[36.2073956,41.3704731],[36.2074593,41.3705836],[36.207491,41.3706387],[36.2074985,41.3706489],[36.2075786,41.3707574],[36.2077956,41.3709962],[36.2083046,41.3715328],[36.208599,41.3718371],[36.208852,41.3721018],[36.2091982,41.372457],[36.2093573,41.3725992],[36.209488,41.3727032],[36.2096877,41.3728422],[36.209875,41.3729508],[36.2126988,41.3745708]],[[36.2126988,41.3745708],[36.2133435,41.3749178],[36.2136225,41.3750725],[36.2138523,41.3752166],[36.2140721,41.3753664],[36.2142004,41.3754586]],[[36.2142004,41.3754586],[36.2144334,41.3756304],[36.2151267,41.3762049],[36.2153951,41.3763994],[36.2156059,41.3765307],[36.2158045,41.37664],[36.2160634,41.3767625],[36.2162739,41.3768499],[36.216594,41.3769606],[36.2168026,41.37702],[36.2171835,41.3771027],[36.2178412,41.3771988],[36.2181145,41.3772256],[36.2183947,41.3772405],[36.2187152,41.3772306],[36.2189366,41.3772138],[36.2191804,41.3771762],[36.2194952,41.3771067],[36.2198197,41.3769957],[36.2200635,41.376887],[36.2203081,41.3767509],[36.2205608,41.376588],[36.2207687,41.37642],[36.2208596,41.3763209],[36.221019,41.376143],[36.2211801,41.3759334],[36.2213989,41.3756858]],[[36.2213989,41.3756858],[36.2219025,41.3750174],[36.222114,41.3747603],[36.2223203,41.3745256],[36.2225231,41.3743055],[36.222739,41.3740719],[36.2229537,41.3738564],[36.223172,41.3736227],[36.2233677,41.3734139]],[[36.2233677,41.3734139],[36.2247013,41.3719639],[36.2249579,41.3717009],[36.2253076,41.3713404]]]}},{"type":"Feature","properties":{"route":"tram","name":"2: Stadyum → Gar","colour":"red"},"geometry":{"type":"MultiLineString","coordinates":[[[36.4555592,41.2288601],[36.4555495,41.2264257],[36.4555178,41.2261633],[36.45546,41.2258831],[36.4554059,41.2256925],[36.4553552,41.2255679],[36.4552826,41.2254942],[36.4551508,41.2254065],[36.4548737,41.225329],[36.4547146,41.2252918],[36.4544807,41.2252429],[36.4541079,41.2251908],[36.4539175,41.2251756],[36.453723,41.2251635],[36.4532947,41.2251194],[36.4528902,41.2250778],[36.4524409,41.2249991],[36.4517766,41.2249229],[36.4515631,41.2248968],[36.4508055,41.224808],[36.4506127,41.2248019],[36.4504889,41.2248156],[36.4503318,41.2248359],[36.4501578,41.2248969],[36.4493078,41.2252235],[36.449002,41.225329],[36.4486827,41.2254091],[36.4484039,41.2254624],[36.4477032,41.2255205],[36.4470251,41.225606],[36.4462776,41.2257517],[36.4459623,41.2258132],[36.4451073,41.2259721],[36.4449062,41.2260394],[36.4447609,41.2261246],[36.4446291,41.2262427],[36.4445564,41.2263266],[36.4441107,41.2269781],[36.4439904,41.2271463],[36.4439021,41.2272394],[36.4438098,41.2273261],[36.4436688,41.227426],[36.4435467,41.2274986],[36.4433925,41.2275773],[36.443253,41.2276297],[36.4429834,41.2277144],[36.4420179,41.2279605],[36.4417255,41.2280533],[36.4414224,41.2281603],[36.4409728,41.2283368],[36.4406848,41.2284729],[36.4405078,41.2285395],[36.4402288,41.2286202],[36.4401462,41.2286381],[36.4398748,41.2286968],[36.4395491,41.2287507],[36.4392418,41.2287816],[36.4360747,41.2289816],[36.4358152,41.2289994],[36.4354947,41.2290378],[36.435087,41.2291164],[36.4334321,41.2294816],[36.4331478,41.2295602],[36.432893,41.2296389],[36.4323165,41.2298404],[36.4321205,41.2298769],[36.4319396,41.229893],[36.4317822,41.229886],[36.431562,41.2298475],[36.431268,41.2297731],[36.4310369,41.2296651],[36.4308465,41.2295461],[36.4305105,41.2292468],[36.430076,41.2288602],[36.4299607,41.228774],[36.4298252,41.2286981],[36.4296158,41.2286065],[36.4293766,41.2285274],[36.4291473,41.2284649],[36.428981,41.2284376],[36.4288388,41.2284225],[36.4286605,41.2284213],[36.4284995,41.2284286],[36.4283466,41.2284467],[36.4281924,41.228481],[36.4280543,41.2285193],[36.4279094,41.2285708],[36.4277364,41.2286505],[36.4275286,41.2287735],[36.4269945,41.2291469],[36.4262988,41.2295991],[36.4258549,41.2299122],[36.4253908,41.2302188],[36.4248316,41.230588],[36.4245714,41.2307494],[36.4240068,41.2311145],[36.4236527,41.2313379],[36.4225792,41.2320152],[36.4202117,41.2335955],[36.4201196,41.2336559],[36.4196938,41.2339435],[36.4193917,41.2341399],[36.4190602,41.2343278],[36.4164805,41.2360265]],[[36.4164805,41.2360265],[36.4160401,41.236311]],[[36.4160401,41.236311],[36.4143321,41.237438],[36.413974,41.2377113],[36.4137105,41.2378757],[36.4132347,41.2381794],[36.4131255,41.2382496],[36.4107842,41.2397425]],[[36.4107842,41.2397425],[36.4104404,41.2399555]],[[36.4104404,41.2399555],[36.4092842,41.2407155],[36.4090227,41.24089],[36.4085841,41.2411875],[36.4084044,41.2413196],[36.4079773,41.2416171],[36.4075894,41.2418604],[36.4074671,41.2419425],[36.4066808,41.2424345],[36.4059147,41.2429374],[36.4053396,41.2433149],[36.4037567,41.244368],[36.4026242,41.2451112],[36.4022326,41.2453945],[36.4019859,41.2455558],[36.4015621,41.2458281],[36.4013556,41.24594],[36.4005254,41.2464694],[36.3975535,41.2482673],[36.3972263,41.2484518],[36.3968414,41.2486414],[36.3964753,41.2488379]],[[36.3964753,41.2488379],[36.3961507,41.2490205],[36.3957551,41.2492494],[36.3954842,41.2494379],[36.3952361,41.2496346],[36.3949907,41.2498685],[36.3947989,41.2501004],[36.3944824,41.2505168],[36.3939875,41.2512489],[36.3936624,41.2516441]],[[36.3936624,41.2516441],[36.3934465,41.251898],[36.3928852,41.2523596],[36.3925402,41.252561],[36.3906198,41.2534252],[36.3890317,41.254154],[36.3887246,41.2542949]],[[36.3887246,41.2542949],[36.3885507,41.2543747]],[[36.3885507,41.2543747],[36.3868234,41.2551699],[36.3864854,41.2553201],[36.3860433,41.2555309],[36.385776,41.2557153],[36.3856257,41.2558303],[36.3852341,41.2562164],[36.3848923,41.2567067],[36.3848063,41.2569554],[36.3847701,41.2570774],[36.3847259,41.2572387],[36.3847031,41.2574585],[36.3846266,41.2587762],[36.384581,41.2596989],[36.3845152,41.2607019],[36.3844134,41.2614117],[36.3843326,41.2617432],[36.3841437,41.2623278],[36.3838909,41.2628223],[36.3836239,41.2632514],[36.3832321,41.2637553],[36.3826878,41.2642746],[36.3818288,41.2649662],[36.3809266,41.2656727]],[[36.3809266,41.2656727],[36.380632,41.2658965]],[[36.380632,41.2658965],[36.3803203,41.2661127],[36.380083,41.2663158],[36.3799918,41.2664065],[36.3798214,41.2665335],[36.3795827,41.2667079],[36.3793494,41.2668672],[36.3790221,41.2670607],[36.3771996,41.2683606],[36.3765286,41.2687347],[36.375165,41.2693881],[36.3749131,41.2695602],[36.3745241,41.2699406],[36.3742572,41.2701835],[36.3741419,41.2702601],[36.3740171,41.2703257],[36.3736644,41.2704627],[36.3732031,41.2705192],[36.3726345,41.2706008],[36.3724011,41.2706593],[36.3722389,41.2707207],[36.371863,41.2708631],[36.3712977,41.2711077],[36.3704548,41.2715174],[36.3696479,41.2718061],[36.3687965,41.2720996],[36.3676616,41.27243],[36.3663061,41.2728638]],[[36.3663061,41.2728638],[36.3658592,41.2730411],[36.3656527,41.2731258],[36.365355,41.2732245],[36.3650653,41.2733253],[36.3649847,41.273352],[36.3648882,41.2733818],[36.3644055,41.2735229],[36.3642043,41.2735914],[36.3638127,41.2737406],[36.3623428,41.2743111],[36.3613808,41.2746878],[36.3601939,41.2751393],[36.3568396,41.2764297],[36.3565855,41.2765416],[36.3562931,41.2766822],[36.3558754,41.276854],[36.3555411,41.2769801],[36.3551887,41.2771065],[36.3548675,41.2772411],[36.354667,41.2773348],[36.3543914,41.2774789],[36.3537564,41.2778448],[36.3533655,41.2780826],[36.3531543,41.2782267],[36.3529107,41.2784203],[36.3526251,41.2786699]],[[36.3526251,41.2786699],[36.3518822,41.2792991]],[[36.3518822,41.2792991],[36.3517454,41.2794392],[36.3511245,41.2800882]],[[36.3511245,41.2800882],[36.3506227,41.2806265],[36.3505039,41.2807279],[36.3504134,41.2807946],[36.350291,41.280867],[36.350182,41.2809239],[36.3500771,41.2809704],[36.3499323,41.2810172],[36.3498031,41.2810492],[36.3496871,41.2810798],[36.349532,41.2811082],[36.3490067,41.2811642],[36.3488387,41.2811867],[36.3487435,41.281207],[36.3485796,41.2812453],[36.3484245,41.2812939],[36.3482788,41.2813586],[36.3481214,41.2814355]],[[36.3481214,41.2814355],[36.3476349,41.2817152],[36.3467283,41.2823817],[36.3463688,41.2826256],[36.3461149,41.2828075],[36.3459478,41.2829232],[36.3458593,41.2829756],[36.3456313,41.2831127],[36.3454449,41.2832377],[36.3448347,41.2836549],[36.3443138,41.2840355],[36.3441561,41.2841507],[36.343897,41.2843478],[36.3428873,41.2851132],[36.3424261,41.2854628],[36.3422299,41.2855834],[36.3420457,41.2856987],[36.3418785,41.2858033],[36.3416726,41.2859323],[36.3408428,41.286526],[36.3405526,41.2867336]]]}},{"type":"Feature","properties":{"route":"tram","name":"SSK - Batıkent","colour":null},"geometry":{"type":"MultiLineString","coordinates":[[[30.4661031,39.7813318],[30.4665071,39.7813489],[30.4668088,39.7813468],[30.4669738,39.7813437],[30.4671012,39.7813458],[30.467238,39.7813716],[30.4718053,39.7829596],[30.4721399,39.7830818],[30.4736344,39.7836301],[30.4737148,39.7836446],[30.4737866,39.7836482],[30.4738496,39.7836441],[30.4739106,39.7836265],[30.4739695,39.7836011],[30.4739985,39.7835807],[30.4740501,39.7835384],[30.4740997,39.7834787],[30.4745551,39.7827528],[30.4745678,39.7827327],[30.4757896,39.7807213],[30.4765392,39.7794283],[30.4765781,39.7793608],[30.4766271,39.7792845],[30.4766609,39.7792374],[30.4766789,39.7792124],[30.4767102,39.779182],[30.4767672,39.7791315],[30.4768341,39.7790891],[30.4769642,39.7790427],[30.4770822,39.7790303],[30.4771935,39.7790355],[30.4773115,39.7790633],[30.4774121,39.7791025],[30.4775717,39.7791932],[30.4791354,39.7800827],[30.4794249,39.7802417],[30.4801439,39.7806371],[30.4802579,39.7807154],[30.4803102,39.780767],[30.4803773,39.7808484],[30.4804054,39.7809267],[30.4804215,39.7810422],[30.4804349,39.7814652],[30.4804376,39.7815621],[30.4804551,39.781627],[30.4804873,39.7816961],[30.4805409,39.7817775]],[[30.4805409,39.7817775],[30.4808765,39.7822639]],[[30.4808765,39.7822639],[30.4810791,39.7825675],[30.4812021,39.7828071],[30.4813258,39.7830749],[30.4816594,39.783797],[30.4822669,39.7850772],[30.4822937,39.7851434],[30.4822968,39.7851647],[30.4822971,39.7851932],[30.4822743,39.7852643],[30.4822488,39.7853148],[30.4821817,39.7853756],[30.4821241,39.7854024],[30.4820034,39.7854395],[30.4807555,39.7858089],[30.4804524,39.7859027],[30.4803505,39.7859316],[30.480274,39.7859511],[30.4802003,39.7859614],[30.4800675,39.7859717],[30.4799857,39.7859924],[30.4799213,39.786015],[30.4798663,39.7860439],[30.4798382,39.7860779],[30.4798092,39.7861307],[30.4797993,39.7862077],[30.4798087,39.7862892],[30.4798395,39.7863613],[30.4798677,39.7864108],[30.4799846,39.7865894],[30.4800889,39.7867488],[30.4801962,39.7869023],[30.4802982,39.7870425],[30.4803813,39.7871528],[30.4806352,39.7875298],[30.4821998,39.7900866],[30.4822448,39.7901577],[30.482287,39.7902041],[30.4823359,39.7902376],[30.4823732,39.7902525],[30.4824772,39.7902724],[30.4825862,39.7902742],[30.4848928,39.7900939],[30.4849706,39.7900846],[30.4850282,39.7900738],[30.4850846,39.7900562],[30.485135,39.7900303],[30.4851851,39.789981],[30.485206,39.7899363],[30.4852146,39.7898888],[30.4851972,39.789785],[30.4851858,39.78975]],[[30.4851858,39.78975],[30.4850915,39.7895544],[30.4849899,39.7893567],[30.4849832,39.7892959],[30.4849952,39.7892341],[30.4850207,39.789162],[30.4850864,39.7890929],[30.4852554,39.7889682],[30.4859367,39.7884839],[30.4863926,39.7881295],[30.4868669,39.7877095],[30.4875407,39.787105],[30.4876359,39.7870381],[30.4876929,39.7870149],[30.4877351,39.7870087],[30.4878089,39.7870061],[30.4878719,39.787016],[30.4879349,39.7870386],[30.4879913,39.7870685],[30.4880771,39.7871303],[30.4881873,39.7872193],[30.4893947,39.7881454],[30.4894752,39.7882227],[30.4895342,39.7882999],[30.4895919,39.788403],[30.4896187,39.7884865],[30.4896348,39.7885679],[30.4896442,39.7887019],[30.4896531,39.7894432]],[[30.4896531,39.7894432],[30.4896446,39.789526],[30.4896345,39.789582],[30.4896219,39.7896179],[30.4895776,39.7896841],[30.4895462,39.7897101],[30.4895007,39.7897417],[30.4894518,39.789762],[30.4892983,39.7897942]],[[30.4892983,39.7897942],[30.4856772,39.7900605]],[[30.4856772,39.7900605],[30.4825841,39.790302],[30.4824674,39.790303],[30.4823796,39.7902897],[30.4823091,39.790268],[30.4822665,39.7902447],[30.4822206,39.7901825],[30.480611,39.7875547],[30.4805536,39.7874629],[30.4802385,39.7870281],[30.4801057,39.7868353],[30.4798053,39.7864025],[30.4797679,39.7863328],[30.4797517,39.7862871],[30.4797503,39.786215],[30.479755,39.7861531],[30.4797706,39.7860982],[30.4797758,39.78608],[30.479808,39.7860274],[30.4798576,39.7859862],[30.4799273,39.7859511],[30.4800038,39.7859316],[30.4801392,39.7859171],[30.4802412,39.7859048],[30.480323,39.7858903],[30.4805402,39.7858275],[30.4820704,39.7853689],[30.4821328,39.7853408],[30.4821757,39.7853109],[30.4822146,39.7852625],[30.4822347,39.785214],[30.4822406,39.7851805],[30.48224,39.7851142],[30.4822293,39.7850717],[30.4815892,39.7837384],[30.481131,39.7827607],[30.4810399,39.782591],[30.4808398,39.78228]],[[30.4808398,39.78228],[30.480494,39.7817919]],[[30.480494,39.7817919],[30.4804363,39.7816981],[30.4804108,39.7816353],[30.4803934,39.7815652],[30.480384,39.7810566],[30.4803746,39.7809731],[30.4803545,39.7808948],[30.4803303,39.7808443],[30.4802767,39.7807783],[30.4802016,39.7807123],[30.4801278,39.7806629],[30.4794029,39.7802661],[30.4791164,39.7801072],[30.4774014,39.7791365],[30.4773082,39.7790973],[30.4772129,39.7790736],[30.4771264,39.7790633],[30.4770379,39.7790654],[30.4769528,39.7790808],[30.4768622,39.7791107],[30.4767751,39.7791653],[30.476717,39.7792319],[30.4767013,39.7792499],[30.4766611,39.779303],[30.4765974,39.7793869],[30.4758239,39.7807366],[30.4746141,39.7827373],[30.4745899,39.7827757],[30.4741747,39.7834473],[30.4741517,39.7834847],[30.474122,39.7835292],[30.4741041,39.7835469],[30.4740568,39.7835869],[30.4740142,39.7836167],[30.4739971,39.7836286],[30.4739495,39.7836518],[30.4738811,39.7836703],[30.4738098,39.7836789],[30.4737457,39.7836827],[30.4736552,39.7836703],[30.473562,39.7836415],[30.4721322,39.7831132],[30.4717813,39.7829892],[30.4672518,39.7814068],[30.4671486,39.7813831],[30.4670493,39.7813728],[30.4669447,39.7813749],[30.4666577,39.7813811],[30.4665585,39.7813811],[30.4664653,39.78138],[30.4658659,39.7813602],[30.4657094,39.7813553],[30.464518,39.7813161],[30.4643383,39.7813223],[30.4636758,39.7813646],[30.4634934,39.7813728],[30.4632882,39.781378],[30.4631367,39.7813759],[30.4629315,39.7813635],[30.4627182,39.781345],[30.4620812,39.7812893],[30.4609574,39.7811749],[30.4602881,39.7811059],[30.4596122,39.7810255],[30.4594564,39.7810055],[30.4591139,39.7809474],[30.4588805,39.7808974],[30.4585802,39.780835],[30.4581939,39.7807536],[30.4579472,39.7806959],[30.4576937,39.7806279],[30.4564666,39.7802991],[30.4556311,39.7800734],[30.4550879,39.7799394],[30.4541559,39.7797363],[30.4539252,39.7796941],[30.4538179,39.7796601],[30.4535493,39.7795626]],[[30.4535493,39.7795626],[30.4531682,39.7794012],[30.453128,39.7793889],[30.4530915,39.779381],[30.4530413,39.7793731],[30.4529903,39.7793726],[30.4529411,39.7793767],[30.4528899,39.7793862],[30.4528375,39.7794113],[30.4528076,39.7794282],[30.4527732,39.7794578],[30.4526842,39.7795584],[30.4525221,39.7797619],[30.4523001,39.780035],[30.4521851,39.780168],[30.4521449,39.7802262],[30.4520979,39.780305],[30.4520617,39.7803607],[30.4520255,39.7804189],[30.4519605,39.7805065],[30.4516406,39.7809023],[30.4515343,39.7810167],[30.451468,39.7810816],[30.4513929,39.781144],[30.4513084,39.7812125],[30.4511803,39.7813089],[30.4510197,39.781416],[30.4505202,39.7817506],[30.4498305,39.782203],[30.4497232,39.782273],[30.4496146,39.7823493],[30.4495207,39.7824276],[30.4494268,39.7825142],[30.4493168,39.7826173],[30.4491948,39.7827451],[30.4490848,39.7828698],[30.4489641,39.783014],[30.4488743,39.7831418],[30.4487804,39.783283],[30.4484062,39.7839117],[30.4483874,39.7839581],[30.4483821,39.7840106],[30.4483899,39.7840783],[30.4484532,39.7841727],[30.4484941,39.7842073],[30.4485356,39.7842298],[30.4485695,39.7842419],[30.4486681,39.7842697],[30.4489756,39.7843515],[30.4543369,39.7857365],[30.4547395,39.7858396],[30.4550587,39.785918],[30.4555093,39.7860138],[30.4557131,39.7860488],[30.4559928,39.7860942],[30.4575377,39.786289],[30.4594334,39.7865291],[30.4604573,39.7866548],[30.461097,39.7867259],[30.4612459,39.7867584],[30.4613216,39.7867852],[30.4614125,39.7868408],[30.4614956,39.7869109],[30.4615564,39.7869858],[30.4615949,39.7870634],[30.4616096,39.7871727],[30.4616029,39.7872458],[30.4615815,39.7873221],[30.4615493,39.787386],[30.4614863,39.7874695],[30.4614024,39.7875581],[30.4609528,39.7880136],[30.46047,39.7885185],[30.4604043,39.788569],[30.4603279,39.7885948],[30.4602461,39.7886061],[30.4601696,39.7885999],[30.4600959,39.7885824],[30.460002,39.7885381],[30.4598773,39.788466],[30.4598048,39.7884412],[30.4597177,39.7884351],[30.4596599,39.7884384],[30.4596064,39.7884443],[30.4595339,39.788466],[30.4594682,39.7884959],[30.4593676,39.7885556],[30.4589184,39.788838],[30.4582586,39.7892883],[30.4574163,39.7898438],[30.456381,39.7905321],[30.4559274,39.7908253],[30.4557966,39.7909273],[30.4557309,39.7909778],[30.4556692,39.7910479],[30.4555995,39.7911571],[30.4555692,39.7912147],[30.4552964,39.7917332],[30.4552159,39.7918682],[30.4551641,39.7919327],[30.4551109,39.7919812],[30.4550255,39.7920176],[30.4549718,39.792031],[30.4548947,39.7920392],[30.4538701,39.7920073],[30.4531489,39.7919834],[30.4524087,39.791965],[30.4514471,39.7919393],[30.4500896,39.7918991],[30.4494593,39.7918796],[30.4490183,39.7918697],[30.4489406,39.7918687],[30.4482266,39.7918375],[30.4480676,39.7918328],[30.4479096,39.791834],[30.4477494,39.7918406],[30.4476357,39.7918506],[30.4474843,39.7918665],[30.4466419,39.7920043],[30.44645,39.7920385],[30.443433,39.7925204],[30.4433166,39.7925289],[30.4432374,39.7925217],[30.4432007,39.7925077],[30.4431009,39.7924478],[30.4430564,39.792396],[30.443047,39.7923476],[30.4430457,39.7922899],[30.4430805,39.7920508],[30.4431208,39.7918086],[30.4431382,39.7915922],[30.4431462,39.7914325],[30.4431476,39.7912903],[30.4431409,39.7910935],[30.4431516,39.790942],[30.443243,39.7902352],[30.4432864,39.7898878],[30.4433052,39.7897961],[30.44334,39.7897095],[30.4433937,39.7896312],[30.4434688,39.7895426],[30.4435305,39.7894859],[30.4460249,39.787597],[30.4460947,39.7875351],[30.4461563,39.7874599],[30.4462382,39.7873414],[30.4474152,39.7854919],[30.4476111,39.7851752],[30.4476674,39.7850618],[30.4477318,39.7849454],[30.4477801,39.7848485],[30.4478968,39.7846527],[30.4481727,39.784216],[30.4482399,39.7841143],[30.4487088,39.7833425],[30.4488107,39.7831715],[30.4489153,39.7830262],[30.4489985,39.7829169],[30.4490937,39.7828066],[30.449205,39.7826891],[30.4493177,39.7825737],[30.4494317,39.7824645],[30.449551,39.7823645],[30.4496918,39.7822614],[30.4497884,39.7821965],[30.450663,39.78162],[30.4508371,39.7815044],[30.4511536,39.7812947],[30.4512636,39.7812133],[30.4513964,39.7811041],[30.4514889,39.7810185],[30.4515721,39.7809299],[30.4518121,39.7806361],[30.4519516,39.7804568],[30.4520086,39.78038],[30.452083,39.780261],[30.452138,39.7801744],[30.4523905,39.7798709],[30.4526472,39.7795467],[30.452778,39.77942],[30.4528176,39.7793937],[30.4528833,39.7793638],[30.4529158,39.7793557],[30.4529411,39.7793502],[30.4529672,39.7793453],[30.4530202,39.779342],[30.453067,39.7793437],[30.4531119,39.7793517],[30.4531654,39.7793663],[30.4532556,39.7794058]],[[30.4532556,39.7794058],[30.4536717,39.7795663],[30.4538018,39.7796158],[30.4538903,39.7796508],[30.4540244,39.7796786],[30.4544992,39.7797817],[30.455108,39.7799116],[30.4556311,39.7800414],[30.4564854,39.7802682],[30.457974,39.780665],[30.458214,39.7807196],[30.4585989,39.7808],[30.4588807,39.7808608],[30.4591381,39.7809164],[30.4594577,39.7809696],[30.4602861,39.781071],[30.4620375,39.7812524],[30.4629253,39.7813287],[30.4631828,39.7813431],[30.4633706,39.7813431],[30.4636549,39.7813349],[30.464355,39.7812936],[30.4645213,39.7812895],[30.4657059,39.7813203],[30.4658695,39.7813249],[30.4661031,39.7813318]]]}},{"type":"Feature","properties":{"route":"tram","name":"SSK - Çamlıca","colour":null},"geometry":{"type":"MultiLineString","coordinates":[[[30.4892983,39.7897942],[30.4856772,39.7900605]],[[30.4856772,39.7900605],[30.4825841,39.790302],[30.4824674,39.790303],[30.4823796,39.7902897],[30.4823091,39.790268],[30.4822665,39.7902447],[30.4822206,39.7901825],[30.480611,39.7875547],[30.4805536,39.7874629],[30.4802385,39.7870281],[30.4801057,39.7868353],[30.4798053,39.7864025],[30.4797679,39.7863328],[30.4797517,39.7862871],[30.4797503,39.786215],[30.479755,39.7861531],[30.4797706,39.7860982],[30.4797758,39.78608],[30.479808,39.7860274],[30.4798576,39.7859862],[30.4799273,39.7859511],[30.4800038,39.7859316],[30.4801392,39.7859171],[30.4802412,39.7859048],[30.480323,39.7858903],[30.4805402,39.7858275],[30.4820704,39.7853689],[30.4821328,39.7853408],[30.4821757,39.7853109],[30.4822146,39.7852625],[30.4822347,39.785214],[30.4822406,39.7851805],[30.48224,39.7851142],[30.4822293,39.7850717],[30.4815892,39.7837384],[30.481131,39.7827607],[30.4810399,39.782591],[30.4808398,39.78228]],[[30.4808398,39.78228],[30.480494,39.7817919]],[[30.480494,39.7817919],[30.4804363,39.7816981],[30.4804108,39.7816353],[30.4803934,39.7815652],[30.480384,39.7810566],[30.4803746,39.7809731],[30.4803545,39.7808948],[30.4803303,39.7808443],[30.4802767,39.7807783],[30.4802016,39.7807123],[30.4801278,39.7806629],[30.4794029,39.7802661],[30.4791164,39.7801072],[30.4774014,39.7791365],[30.4773082,39.7790973],[30.4772129,39.7790736],[30.4771264,39.7790633],[30.4770379,39.7790654],[30.4769528,39.7790808],[30.4768622,39.7791107],[30.4767751,39.7791653],[30.476717,39.7792319],[30.4767013,39.7792499],[30.4766611,39.779303],[30.4765974,39.7793869],[30.4758239,39.7807366],[30.4746141,39.7827373],[30.4745899,39.7827757],[30.4741747,39.7834473],[30.4741517,39.7834847],[30.474122,39.7835292],[30.4741041,39.7835469],[30.4740568,39.7835869],[30.4740142,39.7836167],[30.4739971,39.7836286],[30.4739495,39.7836518],[30.4738811,39.7836703],[30.4738098,39.7836789],[30.4737457,39.7836827],[30.4736552,39.7836703],[30.473562,39.7836415],[30.4721322,39.7831132],[30.4717813,39.7829892],[30.4672518,39.7814068],[30.4671486,39.7813831],[30.4670493,39.7813728],[30.4669447,39.7813749],[30.4666577,39.7813811],[30.4665585,39.7813811],[30.4664653,39.78138],[30.4658659,39.7813602],[30.4657094,39.7813553],[30.464518,39.7813161],[30.4643383,39.7813223],[30.4636758,39.7813646],[30.4634934,39.7813728],[30.4632882,39.781378],[30.4631367,39.7813759],[30.4629315,39.7813635],[30.4627182,39.781345],[30.4620812,39.7812893],[30.4609574,39.7811749],[30.4602881,39.7811059],[30.4596122,39.7810255],[30.4594564,39.7810055],[30.4591139,39.7809474],[30.4588805,39.7808974],[30.4585802,39.780835],[30.4581939,39.7807536],[30.4579472,39.7806959],[30.4576937,39.7806279],[30.4564666,39.7802991],[30.4556311,39.7800734],[30.4550879,39.7799394],[30.4541559,39.7797363],[30.4539252,39.7796941],[30.4538179,39.7796601],[30.4535493,39.7795626]],[[30.4535493,39.7795626],[30.4533593,39.7794652],[30.4532556,39.7794058],[30.4531675,39.7793468],[30.4531065,39.7792929],[30.4530725,39.7792362],[30.4530631,39.7791824],[30.4530944,39.7790828],[30.4531818,39.7789525],[30.4534855,39.7786617],[30.45384,39.7783568],[30.4541927,39.7781074],[30.4543845,39.7779816],[30.4546232,39.7778332],[30.4548955,39.7776982],[30.4551771,39.7775632],[30.4554359,39.7774591],[30.4556264,39.777388],[30.4560904,39.7772241],[30.4562822,39.7771344],[30.4564673,39.7770313],[30.4566805,39.7768984],[30.4568374,39.7767768],[30.4569836,39.7766459],[30.4570936,39.7765191],[30.4572156,39.7763727],[30.4574329,39.7760615],[30.458006,39.7751219],[30.4580598,39.7750441],[30.4581262,39.774973],[30.4582114,39.7749122],[30.4583059,39.7748674],[30.4584052,39.774839],[30.458501,39.7748261],[30.4586177,39.7748231],[30.4596879,39.7748292],[30.4599293,39.7748375],[30.4613182,39.7749496],[30.4656418,39.7753075],[30.4657884,39.7753316],[30.4658523,39.7753621],[30.4659128,39.7754028],[30.4659571,39.7754422],[30.4659851,39.7754879],[30.4659971,39.7755415],[30.4659958,39.7756043],[30.4659797,39.7757105],[30.4657571,39.776834],[30.4657397,39.7769577],[30.4657356,39.7771123],[30.4657544,39.7774699],[30.4657694,39.7777206],[30.4658062,39.7783348],[30.4658241,39.7786346],[30.4658322,39.7789252],[30.4657745,39.7811133],[30.4657893,39.781187],[30.4658243,39.7812407],[30.4658695,39.7812725],[30.4660052,39.7813132],[30.4661031,39.7813318]],[[30.4661031,39.7813318],[30.4665071,39.7813489],[30.4668088,39.7813468],[30.4669738,39.7813437],[30.4671012,39.7813458],[30.467238,39.7813716],[30.4718053,39.7829596],[30.4721399,39.7830818],[30.4736344,39.7836301],[30.4737148,39.7836446],[30.4737866,39.7836482],[30.4738496,39.7836441],[30.4739106,39.7836265],[30.4739695,39.7836011],[30.4739985,39.7835807],[30.4740501,39.7835384],[30.4740997,39.7834787],[30.4745551,39.7827528],[30.4745678,39.7827327],[30.4757896,39.7807213],[30.4765392,39.7794283],[30.4765781,39.7793608],[30.4766271,39.7792845],[30.4766609,39.7792374],[30.4766789,39.7792124],[30.4767102,39.779182],[30.4767672,39.7791315],[30.4768341,39.7790891],[30.4769642,39.7790427],[30.4770822,39.7790303],[30.4771935,39.7790355],[30.4773115,39.7790633],[30.4774121,39.7791025],[30.4775717,39.7791932],[30.4791354,39.7800827],[30.4794249,39.7802417],[30.4801439,39.7806371],[30.4802579,39.7807154],[30.4803102,39.780767],[30.4803773,39.7808484],[30.4804054,39.7809267],[30.4804215,39.7810422],[30.4804349,39.7814652],[30.4804376,39.7815621],[30.4804551,39.781627],[30.4804873,39.7816961],[30.4805409,39.7817775]],[[30.4805409,39.7817775],[30.4808765,39.7822639]],[[30.4808765,39.7822639],[30.4810791,39.7825675],[30.4812021,39.7828071],[30.4813258,39.7830749],[30.4816594,39.783797],[30.4822669,39.7850772],[30.4822937,39.7851434],[30.4822968,39.7851647],[30.4822971,39.7851932],[30.4822743,39.7852643],[30.4822488,39.7853148],[30.4821817,39.7853756],[30.4821241,39.7854024],[30.4820034,39.7854395],[30.4807555,39.7858089],[30.4804524,39.7859027],[30.4803505,39.7859316],[30.480274,39.7859511],[30.4802003,39.7859614],[30.4800675,39.7859717],[30.4799857,39.7859924],[30.4799213,39.786015],[30.4798663,39.7860439],[30.4798382,39.7860779],[30.4798092,39.7861307],[30.4797993,39.7862077],[30.4798087,39.7862892],[30.4798395,39.7863613],[30.4798677,39.7864108],[30.4799846,39.7865894],[30.4800889,39.7867488],[30.4801962,39.7869023],[30.4802982,39.7870425],[30.4803813,39.7871528],[30.4806352,39.7875298],[30.4821998,39.7900866],[30.4822448,39.7901577],[30.482287,39.7902041],[30.4823359,39.7902376],[30.4823732,39.7902525],[30.4824772,39.7902724],[30.4825862,39.7902742],[30.4848928,39.7900939],[30.4849706,39.7900846],[30.4850282,39.7900738],[30.4850846,39.7900562],[30.485135,39.7900303],[30.4851851,39.789981],[30.485206,39.7899363],[30.4852146,39.7898888],[30.4851972,39.789785],[30.4851858,39.78975]],[[30.4851858,39.78975],[30.4850915,39.7895544],[30.4849899,39.7893567],[30.4849832,39.7892959],[30.4849952,39.7892341],[30.4850207,39.789162],[30.4850864,39.7890929],[30.4852554,39.7889682],[30.4859367,39.7884839],[30.4863926,39.7881295],[30.4868669,39.7877095],[30.4875407,39.787105],[30.4876359,39.7870381],[30.4876929,39.7870149],[30.4877351,39.7870087],[30.4878089,39.7870061],[30.4878719,39.787016],[30.4879349,39.7870386],[30.4879913,39.7870685],[30.4880771,39.7871303],[30.4881873,39.7872193],[30.4893947,39.7881454],[30.4894752,39.7882227],[30.4895342,39.7882999],[30.4895919,39.788403],[30.4896187,39.7884865],[30.4896348,39.7885679],[30.4896442,39.7887019],[30.4896531,39.7894432]],[[30.4896531,39.7894432],[30.4896446,39.789526],[30.4896345,39.789582],[30.4896219,39.7896179],[30.4895776,39.7896841],[30.4895462,39.7897101],[30.4895007,39.7897417],[30.4894518,39.789762],[30.4892983,39.7897942]]]}},{"type":"Feature","properties":{"route":"tram","name":"3: OMÜ Rektörlük → Yurtlar","colour":"orange"},"geometry":{"type":"MultiLineString","coordinates":[[[36.225347,41.3713525],[36.2251734,41.3715351],[36.2247287,41.3719931],[36.2245931,41.3721401],[36.2233934,41.3734415]],[[36.2233934,41.3734415],[36.2232117,41.3736375],[36.2229873,41.3738713],[36.2227752,41.3740961],[36.2225628,41.3743261],[36.2223525,41.3745524],[36.2221582,41.3747764],[36.2219427,41.3750416],[36.2214402,41.3756996]],[[36.2214402,41.3756996],[36.2212229,41.3759481],[36.2210602,41.3761615],[36.2208979,41.3763426],[36.220804,41.3764443],[36.2205934,41.3766143],[36.2203373,41.3767794],[36.2200892,41.3769173],[36.2198411,41.377028],[36.2195112,41.3771407],[36.219192,41.3772111],[36.2189439,41.3772493],[36.2187186,41.3772664],[36.218394,41.3772765],[36.2181097,41.3772614],[36.2178335,41.3772342],[36.2171723,41.3771376],[36.2167874,41.3770541],[36.2165755,41.3769937],[36.2162523,41.376882],[36.2160391,41.3767935],[36.2157775,41.3766697],[36.2155764,41.376559],[36.2153631,41.3764262],[36.2150922,41.3762299],[36.2143989,41.3756553],[36.2141669,41.3754842]],[[36.2141669,41.3754842],[36.2140395,41.3753926],[36.2138209,41.3752437],[36.2135929,41.3751008],[36.2133153,41.3749468],[36.2126702,41.3745996]],[[36.2126702,41.3745996],[36.2098458,41.3729793],[36.2096567,41.3728696],[36.2094542,41.3727288],[36.2093215,41.3726231],[36.2091605,41.3724792],[36.2088132,41.3721229],[36.2085601,41.371858],[36.208266,41.371553],[36.2077564,41.3710168],[36.2075378,41.3707763],[36.2074479,41.3706545],[36.2074153,41.3705979],[36.2073507,41.3704857],[36.2072615,41.3702771],[36.2072092,41.3700557],[36.2072012,41.3699641],[36.2071931,41.3697417],[36.2072052,41.3695535],[36.2072535,41.3693753],[36.2073648,41.3690915],[36.2076062,41.3686356],[36.207629,41.3685601],[36.2076464,41.3684705],[36.2076545,41.3683518]],[[36.2076545,41.3683518],[36.2076518,41.3682612],[36.207629,41.3681646],[36.2075445,41.3680126],[36.2074895,41.3679361],[36.2073474,41.3677831]],[[36.2073474,41.3677831],[36.20722,41.3676845],[36.2071167,41.3676251],[36.2069853,41.3675617],[36.2068404,41.3675154],[36.2066299,41.3674741],[36.2054551,41.3673705],[36.2049052,41.3673463],[36.2039476,41.3673235],[36.2022042,41.3672819],[36.2016571,41.3672759],[36.2012145,41.367292],[36.2007478,41.3673302],[36.1965785,41.367835],[36.1962175,41.3678656],[36.1959574,41.3678636],[36.1957093,41.3678405],[36.1954974,41.3677902],[36.1952586,41.3677157],[36.1944513,41.3673795],[36.1941934,41.3672725],[36.1930713,41.3668068],[36.1926851,41.3666367],[36.1917187,41.3661809],[36.1913763,41.3660353],[36.1910959,41.3659286],[36.1895906,41.3654892],[36.1893734,41.3654404],[36.18922,41.3654327],[36.1890068,41.3654366],[36.1888349,41.3654645],[36.1886427,41.3655187],[36.1884649,41.3656009],[36.1883069,41.3657038],[36.1879321,41.3659865],[36.1875345,41.3662865],[36.1874334,41.366378],[36.1873531,41.3664751],[36.1872795,41.3665856],[36.1872346,41.3666972],[36.1872075,41.3668221],[36.187205,41.3669588],[36.187228,41.3670974],[36.1873081,41.3672669],[36.1874074,41.3673986],[36.1875419,41.3675258],[36.1877708,41.3676777],[36.1892412,41.3686578],[36.1896057,41.3689007],[36.190394,41.369437],[36.1905598,41.3695445],[36.1908748,41.3697191],[36.1913064,41.3699236],[36.193181,41.3708052],[36.1934433,41.3709261],[36.1936556,41.3710062],[36.1938908,41.3710766],[36.1941461,41.3711382],[36.1943889,41.3711797],[36.1947288,41.3712158],[36.1952951,41.3712645]],[[36.1956543,41.3713409],[36.1954638,41.3713004],[36.1952951,41.3712645]],[[36.1968801,41.3714456],[36.1963404,41.3713995],[36.1956543,41.3713409]]]}},{"type":"Feature","properties":{"route":"tram","name":"1: Gar → OMÜ Rektörlük","colour":"green"},"geometry":{"type":"MultiLineString","coordinates":[[[36.3405526,41.2867336],[36.3399155,41.2871921],[36.3391431,41.287839],[36.3383055,41.2886182],[36.338062,41.2888659],[36.3378113,41.2891209],[36.3375686,41.2893597],[36.3366763,41.2905429],[36.3364907,41.2907742],[36.3361329,41.2912193],[36.3353679,41.2921711],[36.3347427,41.293134],[36.3345548,41.2934559],[36.3343976,41.2937482],[36.3342884,41.2940304],[36.334171,41.2943743],[36.3340875,41.2946362],[36.3340203,41.2948325],[36.3339693,41.2949625],[36.333734,41.2955627],[36.3336661,41.2957359],[36.3334354,41.2963242],[36.3330879,41.297226],[36.3329342,41.297657],[36.3327868,41.298138],[36.3323779,41.2995403],[36.3322898,41.29982],[36.3320603,41.3006034]],[[36.3320603,41.3006034],[36.3316252,41.3023802],[36.3315793,41.3025415],[36.3315022,41.3027006],[36.3314209,41.3028453],[36.3312933,41.3030057],[36.3311805,41.3031315],[36.3311093,41.3032285],[36.3310637,41.3033229],[36.3310501,41.3034102],[36.3310649,41.3035001],[36.3311175,41.3036263],[36.3313943,41.3043066],[36.3315032,41.3045328]],[[36.3315032,41.3045328],[36.3318941,41.3051051],[36.3320565,41.3053199],[36.3323772,41.3057688],[36.3325784,41.3060569],[36.3339574,41.3079697],[36.3349507,41.3094907],[36.3351462,41.3097984],[36.3352932,41.3100348],[36.3353809,41.3102153],[36.3355,41.3104603],[36.3357273,41.3109367],[36.3358077,41.3111402],[36.335848,41.3113074],[36.3358843,41.3115116],[36.3359258,41.3118151],[36.3359499,41.3128668],[36.3359418,41.3131186],[36.3359235,41.3133531],[36.3358667,41.3136626],[36.335789,41.3139527],[36.3357062,41.3141791],[36.3355181,41.3145893],[36.3354027,41.3147907],[36.3352631,41.3150064],[36.3350835,41.3152339],[36.334869,41.3154878],[36.334636,41.3157303],[36.3344344,41.3159088],[36.3341957,41.3161002],[36.3339171,41.3162964],[36.3310119,41.3181268],[36.3306874,41.3183262],[36.3304058,41.3184793],[36.330138,41.318605],[36.3298666,41.3187171],[36.3296118,41.3188017],[36.3293061,41.3188943],[36.3289545,41.3189745],[36.3262655,41.31957],[36.3240731,41.3201251],[36.3237271,41.3202178],[36.3219396,41.3207185],[36.3216977,41.3207915],[36.3209499,41.3209849],[36.3205408,41.3210736],[36.319628,41.3212437],[36.3179823,41.321524],[36.3173274,41.3216211],[36.3162411,41.3217646],[36.3144608,41.3219536],[36.3142881,41.3219556],[36.3138528,41.321934],[36.3134639,41.3219174],[36.3130795,41.3218977],[36.3124568,41.3218659]],[[36.3124568,41.3218659],[36.3116224,41.3219077]],[[36.3116224,41.3219077],[36.3107248,41.3219527]],[[36.3107248,41.3219527],[36.3102167,41.3219848],[36.3097697,41.3220131]],[[36.3097697,41.3220131],[36.309501,41.3220344],[36.3092717,41.3220787],[36.3089904,41.3221521],[36.3083709,41.3223167],[36.3076531,41.3225068]],[[36.3076531,41.3225068],[36.3069814,41.3226754]],[[36.3069814,41.3226754],[36.3065504,41.3228187],[36.3061709,41.3229565],[36.305906,41.3230549],[36.3055413,41.3231641],[36.3051678,41.3232763],[36.303259,41.3238499],[36.3029072,41.3239466],[36.302334,41.3241046],[36.3017971,41.3242701],[36.3014744,41.3243529],[36.3011297,41.324411],[36.2992775,41.3246911],[36.2989104,41.3247414],[36.2985511,41.3247648],[36.2982139,41.3247609],[36.2979261,41.3247489],[36.2976153,41.3247124],[36.2972899,41.3246633],[36.2969752,41.3245951],[36.2963957,41.3244437],[36.2963395,41.3244241],[36.2960891,41.32434],[36.2956898,41.3242119],[36.2953602,41.3241248],[36.2951688,41.3240779],[36.2949243,41.3240484],[36.2947431,41.3240483],[36.2945097,41.3240822],[36.2913069,41.3247639],[36.2909483,41.3248524],[36.2904623,41.3250166],[36.2900213,41.3252289],[36.2872274,41.3267813],[36.2869236,41.3269501],[36.286747,41.3270388],[36.2865196,41.3271546],[36.285342,41.3277443],[36.2852944,41.3277682],[36.2826374,41.3291023],[36.28227,41.3292875],[36.2819202,41.3294445],[36.2817191,41.3295267],[36.2813365,41.3296554],[36.2795996,41.3302358],[36.2787934,41.3304641],[36.2748994,41.3311437],[36.2742943,41.3312639],[36.2726479,41.3316724],[36.2710929,41.332083],[36.2706102,41.3322033],[36.2705128,41.3322274],[36.2703459,41.3322704],[36.2702445,41.3322946],[36.2696704,41.3324416],[36.2695299,41.332471],[36.2674222,41.332913],[36.2671523,41.3329696],[36.2666748,41.3330285],[36.2659078,41.3331904],[36.2653711,41.3333408],[36.2647628,41.3335264],[36.2643864,41.3336818],[36.2640002,41.3338319],[36.2637365,41.3339645],[36.2630544,41.3343468],[36.2598935,41.3362385],[36.2596102,41.3364134],[36.259387,41.3365352],[36.2592526,41.3366125],[36.259025,41.3367112],[36.2572289,41.3375126],[36.2563814,41.3378349],[36.2545896,41.3383907],[36.2520764,41.339019],[36.2517599,41.3391001],[36.2505006,41.3394228],[36.2495455,41.3397355],[36.2490106,41.340034],[36.2483653,41.340525],[36.2478074,41.3410324],[36.2454686,41.3433117],[36.2453266,41.3434473],[36.2451855,41.3435819],[36.2450958,41.3436607],[36.2445781,41.3441154],[36.2441633,41.3444954],[36.2410039,41.3476786],[36.2408074,41.347879],[36.2397378,41.3491193],[36.2394647,41.3494405],[36.238909,41.3501058],[36.2388391,41.3501873],[36.2382636,41.3508577],[36.2380717,41.3510807],[36.2379431,41.3512301],[36.2378656,41.3513302],[36.2377424,41.3514877],[36.236994,41.3524284],[36.2363142,41.3533899],[36.2357337,41.3541578],[36.2351435,41.3549379],[36.2347352,41.3555405],[36.2332883,41.3579612],[36.2331502,41.3581706],[36.2327345,41.3587071],[36.2326097,41.3588541],[36.2324931,41.3589789]],[[36.2324931,41.3589789],[36.2323616,41.3590856],[36.2322128,41.3591983],[36.2318762,41.3594157],[36.2316401,41.3595677],[36.2315154,41.3596644],[36.2314242,41.359752]],[[36.2314242,41.359752],[36.2313357,41.3598627],[36.23127,41.3599633],[36.2310581,41.3602925],[36.2309481,41.3604405],[36.2308207,41.3605774],[36.230578,41.3608189],[36.2303862,41.3610072],[36.2299282,41.361425],[36.229693,41.3616396],[36.2294716,41.3618416],[36.2283812,41.3628361],[36.2282632,41.3629529],[36.2281935,41.3630606],[36.2281278,41.3632115],[36.2279695,41.3636977],[36.2278864,41.3639936],[36.2277295,41.3646881],[36.2276638,41.3650676],[36.2275739,41.3656101],[36.2275404,41.3658195],[36.2275042,41.3659996],[36.2274626,41.3661325],[36.2272624,41.3667051],[36.2271385,41.3670593],[36.2269476,41.3676523],[36.2262623,41.3698967],[36.226151,41.3701755],[36.2258491,41.3707227],[36.2257165,41.3709595],[36.2255535,41.3711275],[36.225347,41.3713525]]]}},{"type":"Feature","properties":{"route":"tram","name":"Tram T1","colour":null},"geometry":{"type":"MultiLineString","coordinates":[[[32.4942931,37.8953789],[32.4938332,37.8956076]],[[32.4920653,37.8743658],[32.4919053,37.8743705],[32.4917823,37.8743911],[32.4917206,37.8744062],[32.4916636,37.8744309],[32.4916144,37.8744599],[32.4915702,37.8744917],[32.4915176,37.8745335],[32.4914704,37.8745796],[32.4914262,37.8746338],[32.4913801,37.8747048],[32.4906587,37.8757556],[32.4905914,37.8758339],[32.4905315,37.8758934],[32.4904752,37.8759396],[32.4903623,37.8760119],[32.4895876,37.8764509],[32.4894796,37.8765033],[32.4893946,37.8765397],[32.4893243,37.876565],[32.4892395,37.8765912],[32.4891784,37.8766094],[32.4891186,37.8766224],[32.4890422,37.8766368],[32.4889842,37.8766457],[32.488917,37.8766532],[32.4884955,37.8766872],[32.4879299,37.8767311],[32.4878583,37.8767406],[32.4877871,37.8767549],[32.4877162,37.8767722],[32.4876885,37.8767834],[32.4876481,37.8767998],[32.4875955,37.8768293],[32.4875428,37.8768645],[32.4874946,37.8769125],[32.4874525,37.8769655],[32.4874149,37.8770173],[32.4873859,37.8770808],[32.4873694,37.8771299],[32.4873649,37.8771839],[32.4873645,37.8772385],[32.4873675,37.8772863],[32.4873711,37.8773246],[32.487376,37.8773656],[32.4873856,37.8774185],[32.4875637,37.8783376],[32.4876825,37.8789715],[32.4876953,37.8790395],[32.4877101,37.879104],[32.4877294,37.8791753],[32.4877473,37.8792415],[32.4877681,37.8793049],[32.4877926,37.8793722],[32.4878224,37.8794427],[32.4878528,37.8795093],[32.4878792,37.8795596],[32.487918,37.8796326],[32.4879514,37.8796903],[32.4879883,37.8797505],[32.4880243,37.8798055],[32.4891637,37.8813301],[32.4894614,37.8817152],[32.4895506,37.881831],[32.4917067,37.8846723],[32.4917405,37.8847172],[32.4917829,37.8847676],[32.491825,37.8848148],[32.4918669,37.8848599],[32.4919052,37.8848991],[32.4919488,37.8849421],[32.4919967,37.8849856],[32.4937737,37.8865503],[32.4940998,37.8868474],[32.4943563,37.8871174],[32.4946064,37.8873932],[32.494916,37.8877463],[32.4949999,37.887842],[32.4950627,37.8879189],[32.4951444,37.8880311],[32.4953929,37.8883722],[32.495882,37.8890709],[32.4960007,37.8892946],[32.4978535,37.8928841],[32.4978663,37.8929124],[32.4978788,37.8929404],[32.4978909,37.8929694],[32.497902,37.8929957],[32.4979129,37.893022],[32.4979206,37.8930485],[32.4979287,37.8930788],[32.497935,37.8931048],[32.4979436,37.8931348],[32.4979472,37.8931647],[32.4979497,37.8931934],[32.49795,37.8932214],[32.4979493,37.8932495],[32.4979469,37.8932773],[32.4979442,37.8933056],[32.4979397,37.8933321],[32.4979337,37.8933573],[32.4979205,37.8933938],[32.4979025,37.8934344],[32.4978847,37.8934636],[32.497864,37.893495],[32.4978403,37.8935244],[32.4978161,37.8935508],[32.4977867,37.8935804],[32.4977511,37.893612],[32.4977183,37.8936372],[32.4976763,37.8936655],[32.4976329,37.8936919],[32.4975122,37.8937542],[32.4942931,37.8953789]],[[32.4939935,37.8729371],[32.4939686,37.8730575],[32.4939264,37.8731938],[32.493904,37.8732654],[32.4938429,37.873395],[32.4937548,37.873557],[32.4936315,37.8737406],[32.4934981,37.8739302],[32.4934204,37.8740248],[32.4933755,37.8740682],[32.4933258,37.8741191],[32.4932327,37.8741811],[32.4931702,37.8742245],[32.4930903,37.8742668],[32.4929985,37.8743041],[32.4928862,37.8743381],[32.4927627,37.8743623],[32.4926428,37.8743798],[32.4924949,37.8743938],[32.4923539,37.874397],[32.4922107,37.8743894],[32.4920653,37.8743658]],[[32.4938972,37.8721534],[32.4939518,37.8723078],[32.4939907,37.8724348],[32.4940115,37.8725409],[32.4940216,37.8725824],[32.4940192,37.8727089],[32.494012,37.87278],[32.4939935,37.8729371]],[[32.49109,37.874032],[32.4910456,37.8739939],[32.490964,37.8739221],[32.4908904,37.8738546],[32.4907956,37.8737462],[32.490709,37.8736349],[32.4906468,37.8735514],[32.4905826,37.8734591],[32.4905216,37.873355],[32.4904835,37.8732767],[32.4904414,37.8731694],[32.4904007,37.8730409],[32.4903658,37.8729107],[32.4903298,37.8727763],[32.4903063,37.8726889],[32.4902776,37.8725634],[32.4902596,37.8724355],[32.4902476,37.8723144],[32.4902403,37.8721789],[32.4902374,37.8720494],[32.4902441,37.8718678],[32.4902596,37.8717314],[32.4902754,37.8716456],[32.490295,37.8715835],[32.4903141,37.8715274],[32.4903374,37.8714659],[32.4903641,37.8714065],[32.4903966,37.8713442],[32.4904285,37.8712873],[32.4904673,37.8712225],[32.490512,37.8711618],[32.4905713,37.8711016],[32.4906234,37.8710524],[32.4906782,37.8710113],[32.4907295,37.8709722],[32.4907879,37.8709361],[32.490856,37.8709028],[32.4909495,37.8708689],[32.4910285,37.8708433],[32.4911114,37.8708243],[32.4912358,37.8708013],[32.4913417,37.8707875],[32.4914538,37.8707786],[32.4915586,37.8707748],[32.4916664,37.8707738],[32.4917745,37.8707799],[32.4918939,37.8707884],[32.4920196,37.8708105],[32.4921361,37.8708314],[32.4922804,37.8708717],[32.4923951,37.8709086],[32.4925044,37.8709486],[32.4925918,37.8709822],[32.492687,37.8710229],[32.4927736,37.8710589],[32.4928675,37.8711065],[32.4929548,37.8711509],[32.4930383,37.8712006],[32.4931471,37.8712631],[32.4932359,37.8713265],[32.4933239,37.8713988],[32.4934173,37.8714867],[32.4935498,37.8716343],[32.4936585,37.8717614],[32.4937338,37.8718616],[32.4937972,37.8719568],[32.4938587,37.8720663],[32.4938972,37.8721534]],[[32.4942589,37.8953507],[32.4974934,37.8937296],[32.4976141,37.8936702],[32.4976548,37.893645],[32.4976957,37.8936188],[32.497728,37.8935939],[32.4977607,37.8935633],[32.4977864,37.8935359],[32.4978109,37.8935085],[32.497831,37.89348],[32.4978473,37.8934513],[32.4978638,37.8934218],[32.4978711,37.8934059],[32.4978811,37.893384],[32.4978921,37.8933516],[32.4978985,37.8933268],[32.4979022,37.8933013],[32.4979056,37.8932745],[32.4979086,37.893248],[32.4979089,37.89322],[32.4979078,37.8931923],[32.4979053,37.8931658],[32.4979026,37.893137],[32.4978982,37.8931089],[32.4978918,37.8930836],[32.4978835,37.893055],[32.4978747,37.8930282],[32.4978648,37.8930023],[32.497855,37.8929774],[32.4978437,37.8929508],[32.4978301,37.8929223],[32.4978159,37.8928953],[32.4977155,37.8927037],[32.4959517,37.8893187],[32.4958344,37.8890976],[32.4953528,37.8883902],[32.4951077,37.8880478],[32.495027,37.8879351],[32.4949647,37.887858],[32.4948814,37.8877611],[32.4945792,37.8874097],[32.4943236,37.8871376],[32.4940676,37.8868649],[32.4937468,37.8865669],[32.4919608,37.8850071],[32.491913,37.8849649],[32.4918684,37.8849193],[32.4918288,37.884879],[32.4917861,37.8848345],[32.4917433,37.8847877],[32.4917011,37.8847369],[32.4916702,37.884694],[32.4898134,37.8822292],[32.4895145,37.8818455],[32.4894264,37.8817325],[32.4879906,37.8798193],[32.4879542,37.8797642],[32.4879172,37.8797036],[32.487883,37.8796466],[32.4878499,37.8795856],[32.4878166,37.8795195],[32.487785,37.879451],[32.487754,37.8793804],[32.487728,37.8793139],[32.4877075,37.8792487],[32.4876879,37.8791819],[32.487671,37.8791096],[32.4876566,37.8790445],[32.487642,37.8789764],[32.4874955,37.8781709],[32.4873444,37.8773848],[32.4873354,37.8773373],[32.4873267,37.8772838],[32.4873241,37.8772287],[32.4873229,37.8771833],[32.4873278,37.8771258],[32.4873406,37.8770808],[32.4873572,37.8770365],[32.487368,37.8770201],[32.4874082,37.8769588],[32.4874314,37.8769318],[32.4874876,37.8768665],[32.4875031,37.8768538],[32.4875541,37.8768123],[32.487614,37.876772],[32.487628,37.8767655],[32.4876848,37.8767391],[32.4877504,37.8767189],[32.4878149,37.8767058],[32.487891,37.8766993],[32.4884936,37.8766597],[32.4889171,37.8766279],[32.4889884,37.8766206],[32.4890455,37.8766102],[32.4891044,37.8765981],[32.4891816,37.8765771],[32.489379,37.8765146],[32.489443,37.8764865],[32.490345,37.8759856],[32.4904335,37.8759316],[32.4904832,37.8758956],[32.4905485,37.8758361],[32.4906207,37.8757556],[32.4913177,37.8747243],[32.4913447,37.8746781],[32.4913622,37.8746297],[32.4913706,37.8745826],[32.4913727,37.8745399],[32.49137,37.8744816],[32.4913525,37.8744034],[32.4913409,37.8743528],[32.4913084,37.8742706],[32.491283,37.8742265],[32.4912298,37.8741582],[32.4911675,37.8740971],[32.49109,37.874032]],[[32.4938,37.8955817],[32.4942589,37.8953507]],[[32.5195686,38.0023063],[32.518882,37.9968962],[32.518859,37.9967429],[32.518845,37.9966501],[32.5188291,37.9965578],[32.5186115,37.9954619],[32.5185453,37.9950965],[32.5184929,37.9946803],[32.5184818,37.9945991],[32.51847,37.9945133],[32.5184483,37.9943548],[32.5184363,37.9942749],[32.5184241,37.9941939],[32.5177988,37.9893929],[32.5177547,37.9890586],[32.5168545,37.9823498],[32.5168099,37.9820084],[32.5164631,37.9793181],[32.5164324,37.9790799],[32.5161558,37.9769131],[32.5161059,37.9765362],[32.5154794,37.9719169],[32.5154256,37.9715516],[32.5146662,37.9655422],[32.5146173,37.9651514],[32.5138125,37.9591996],[32.5137359,37.958634],[32.5137083,37.958436],[32.5136807,37.9582375],[32.5136565,37.9580633],[32.5131356,37.9541969],[32.5130993,37.9538857],[32.5130593,37.9535523],[32.5130491,37.9534632],[32.5130428,37.9533827],[32.5129625,37.9523513],[32.5129544,37.9522217],[32.5129471,37.9521276],[32.5129371,37.9520012],[32.5129234,37.9518618],[32.5129071,37.9517185],[32.5127261,37.9501997],[32.5126468,37.949544],[32.5126433,37.9495153],[32.5126301,37.9494057],[32.5125029,37.9483856],[32.5124977,37.9483451],[32.5124405,37.9479179],[32.5119345,37.9441395],[32.5116215,37.9419997],[32.5115342,37.94138],[32.5114392,37.940753],[32.5109081,37.9372323],[32.5108804,37.937051],[32.5107407,37.9361026],[32.5106799,37.9357063],[32.5106359,37.9354164],[32.510453,37.9342371],[32.5103998,37.9339312],[32.5101873,37.9330531],[32.5091755,37.9293545],[32.5089683,37.9286048],[32.5089539,37.9285528],[32.508925,37.9284483],[32.5088896,37.92832],[32.5088742,37.9282644],[32.5088309,37.9281077],[32.5080048,37.9251193],[32.507988,37.925052],[32.5079244,37.924774],[32.5078772,37.9245572],[32.5078705,37.9245244],[32.5078636,37.9244883],[32.5078513,37.9243907],[32.5078475,37.9243387],[32.5078327,37.9242203],[32.5078117,37.9239518],[32.5078082,37.9239055],[32.5078045,37.9238585],[32.5078018,37.9238084],[32.5077974,37.9237587],[32.5077715,37.9232419],[32.5077673,37.9231913],[32.5077612,37.9231397],[32.5077544,37.9230895],[32.5077487,37.9230406],[32.5077401,37.922982],[32.5077305,37.9229177],[32.5077205,37.9228533],[32.5077093,37.9227945],[32.5076986,37.9227389],[32.5076857,37.922674],[32.5076693,37.9226086],[32.5076549,37.9225451],[32.5076389,37.9224809],[32.5076212,37.9224161],[32.5071987,37.9208311],[32.506834,37.9195038],[32.5065918,37.918629],[32.5063126,37.9176074],[32.5061054,37.9168447],[32.5060761,37.9167401],[32.5059608,37.9163912],[32.505944,37.9163463],[32.5059247,37.9162981],[32.5059036,37.9162447],[32.5058922,37.9162172],[32.5058774,37.9161821],[32.5058496,37.9161234],[32.5058192,37.9160626],[32.5057971,37.9160164],[32.5057706,37.9159699],[32.5057323,37.9159068],[32.5057107,37.9158738],[32.5056811,37.9158321],[32.5056512,37.9157903],[32.5056236,37.9157536],[32.5055935,37.9157155],[32.5055602,37.9156761],[32.5055299,37.9156402],[32.5055025,37.9156073],[32.5054667,37.9155681],[32.5054344,37.9155333],[32.5053991,37.915498],[32.5053689,37.9154682],[32.5053332,37.9154318],[32.5052879,37.9153895],[32.5052501,37.9153544],[32.5052098,37.9153191],[32.5037661,37.9141649],[32.5034674,37.913914],[32.5005172,37.9115599],[32.4976057,37.9092283],[32.4975575,37.9091873],[32.4974901,37.9091299],[32.4974148,37.9090654],[32.4973561,37.9090156],[32.4972931,37.9089607],[32.4972223,37.9088954],[32.4971767,37.9088513],[32.4971238,37.9087998],[32.4970514,37.908729],[32.496988,37.9086615],[32.4969266,37.9085975],[32.4968631,37.9085275],[32.4967957,37.9084501],[32.4967345,37.9083774],[32.4966819,37.9083105],[32.4966382,37.9082499],[32.4965853,37.9081772],[32.4965384,37.9081083],[32.496487,37.9080316],[32.4964399,37.9079619],[32.4963952,37.9078958],[32.4963607,37.9078434],[32.4963114,37.9077651],[32.4962707,37.9077012],[32.4962319,37.907632],[32.4961903,37.9075576],[32.4961558,37.9074953],[32.4961313,37.9074498],[32.4960983,37.9073919],[32.4960705,37.9073374],[32.4960357,37.9072668],[32.4960003,37.9071915],[32.4959712,37.9071278],[32.4959387,37.9070525],[32.4959073,37.9069713],[32.4958764,37.9068879],[32.4958481,37.9068087],[32.4955985,37.9060226],[32.4950402,37.9042712],[32.4950244,37.9042329],[32.4949811,37.904118],[32.494949,37.9040497],[32.4949196,37.9039899],[32.4948907,37.9039384],[32.4948644,37.9038898],[32.4948207,37.9038221],[32.4947678,37.9037397],[32.4947132,37.9036767],[32.4946597,37.9036138],[32.4945972,37.9035476],[32.4945326,37.9034863],[32.4944673,37.9034246],[32.4943983,37.9033671],[32.4943267,37.9033086],[32.4942466,37.9032467],[32.4941717,37.9031901],[32.4927604,37.9021924],[32.490308,37.9004525],[32.4902656,37.90042],[32.4902232,37.9003836],[32.4901848,37.9003474],[32.4901425,37.9003055],[32.490104,37.9002641],[32.4900748,37.9002228],[32.4900664,37.9002113],[32.490047,37.9001851],[32.4900199,37.9001443],[32.4899949,37.9001005],[32.4899743,37.9000613],[32.4899543,37.9000191],[32.4899443,37.8999882],[32.4899403,37.8999756],[32.489934,37.8999572],[32.4899255,37.8999258],[32.4899233,37.8999106],[32.489919,37.8998823],[32.4899167,37.8998524],[32.4899156,37.8998156],[32.4899161,37.8997836],[32.4899188,37.8997478],[32.489924,37.899707],[32.4899305,37.8996675],[32.4899463,37.8996017],[32.4899595,37.8995623],[32.4899611,37.8995584],[32.4899718,37.8995337],[32.4899848,37.899507],[32.4899967,37.8994849],[32.4900187,37.8994472],[32.4900434,37.8994114],[32.4900812,37.8993591],[32.4901784,37.8992375],[32.4923007,37.8965778],[32.4923421,37.8965328],[32.4923892,37.8964832],[32.4924368,37.8964347],[32.4924864,37.8963821],[32.4925362,37.8963343],[32.4925864,37.8962882],[32.4926443,37.8962422],[32.4927145,37.8961912],[32.4927775,37.8961468],[32.4928501,37.8960987],[32.4929421,37.8960407],[32.4930417,37.8959848],[32.4938,37.8955817]],[[32.5195887,38.0024561],[32.5195686,38.0023063]],[[32.5176955,38.0122866],[32.5185674,38.009813],[32.5187309,38.0093489],[32.5188123,38.0091056],[32.5188624,38.0089405],[32.518886,38.0088491],[32.5189075,38.0087664],[32.5195162,38.0062942],[32.5195384,38.0061853],[32.5195573,38.0060769],[32.5195712,38.0059757],[32.5195896,38.0058326],[32.5196048,38.0056879],[32.519622,38.0055006],[32.5196374,38.005312],[32.5196467,38.0051575],[32.5196527,38.0050118],[32.5196584,38.0048437],[32.5196617,38.0040782],[32.5196483,38.0033286],[32.5196469,38.0032661],[32.5196459,38.0032014],[32.5196429,38.003125],[32.5196405,38.0030741],[32.5196389,38.0030247],[32.5196372,38.0029639],[32.5196345,38.0029042],[32.5196299,38.0028409],[32.5196255,38.0027783],[32.5196194,38.0027164],[32.5196126,38.0026596],[32.5196074,38.0026149],[32.5195887,38.0024561]],[[32.5174227,38.013115],[32.5176955,38.0122866]],[[32.5170449,38.0143731],[32.5171303,38.0140965],[32.5172453,38.0137239],[32.5173507,38.0133624],[32.5174227,38.013115]],[[32.5168216,38.0151501],[32.5170449,38.0143731]],[[32.5144688,38.0197821],[32.5143711,38.0197596],[32.514326,38.0197469],[32.5142725,38.0197277],[32.5142291,38.0197073],[32.5141896,38.0196841],[32.5141623,38.0196653],[32.5135234,38.0191734],[32.5134974,38.0191422],[32.5134745,38.0191129],[32.5134567,38.0190849],[32.5134413,38.0190577],[32.5134259,38.0190275],[32.5134144,38.0189998],[32.5134027,38.0189648],[32.5133969,38.018936],[32.5133929,38.0189071],[32.5133924,38.0188773],[32.5133939,38.0188479],[32.5133979,38.0188141],[32.5134027,38.0187851],[32.5134113,38.0187515],[32.5134235,38.0187191],[32.5134384,38.0186844],[32.5134568,38.0186482],[32.5134792,38.0186078],[32.5135051,38.0185732],[32.5135362,38.0185394],[32.5135709,38.0185055],[32.5136103,38.018474],[32.5136509,38.0184451],[32.5136899,38.0184231],[32.5137334,38.0183999],[32.513781,38.0183791],[32.5138251,38.018362],[32.5138726,38.0183458],[32.5141594,38.0182758],[32.5147631,38.0181756],[32.5149577,38.018121],[32.5150277,38.0180958],[32.5150953,38.0180719],[32.5151653,38.0180442],[32.5152354,38.0180125],[32.5152962,38.0179826],[32.5153606,38.0179482],[32.5154169,38.0179184],[32.5154764,38.017887],[32.5155286,38.0178564],[32.515585,38.0178212],[32.5156303,38.0177918],[32.5156698,38.0177632],[32.5157139,38.0177298],[32.5157569,38.0176961],[32.5158044,38.0176556],[32.5158492,38.0176155],[32.5158917,38.017576],[32.5159347,38.0175308],[32.515986,38.0174764],[32.5160227,38.0174316],[32.5160544,38.0173929],[32.5160873,38.0173484],[32.5161198,38.0173011],[32.5161522,38.0172508],[32.5161789,38.0172091],[32.5162131,38.0171485],[32.5163134,38.0169454],[32.5168216,38.0151501]],[[32.5144688,38.0197821],[32.5143716,38.019734],[32.5143397,38.0197157],[32.5143058,38.0196938],[32.5142645,38.0196639],[32.5135576,38.0191177],[32.5135355,38.01909],[32.5135183,38.0190621],[32.5135061,38.0190381],[32.513494,38.0190056],[32.5134828,38.0189679],[32.5134762,38.01893],[32.5134724,38.0188992],[32.5134712,38.0188671],[32.5134724,38.0188284],[32.513478,38.018795],[32.5134869,38.0187625],[32.5135019,38.0187267],[32.5135206,38.0186929],[32.513538,38.0186642],[32.5135597,38.0186332],[32.5135831,38.0186027],[32.5136085,38.0185753],[32.5136368,38.0185472],[32.5136732,38.0185178],[32.5137037,38.0184949],[32.5137422,38.0184692],[32.5137775,38.018446],[32.5138238,38.0184193],[32.5138546,38.0184033],[32.5138861,38.0183881],[32.5139166,38.018375],[32.5139543,38.0183592],[32.5141594,38.0182758]],[[32.5152424,38.0195415],[32.5150829,38.0197039],[32.5150569,38.0197359],[32.5150314,38.019764],[32.5150085,38.0197907],[32.5149823,38.0198237],[32.5149607,38.0198546],[32.514938,38.0198906],[32.5149196,38.0199236],[32.5149057,38.0199547],[32.514884,38.0200175],[32.5148719,38.02008],[32.514818,38.0204318],[32.5148095,38.0204713],[32.5148,38.0205043],[32.5147894,38.0205356],[32.514777,38.0205666],[32.5147593,38.0206014],[32.5147421,38.0206328],[32.5147211,38.0206644],[32.5146989,38.0206936],[32.5146739,38.0207234],[32.5146482,38.0207496],[32.5146226,38.0207741],[32.5145909,38.0208009],[32.5125138,38.0224458],[32.5122081,38.0226951],[32.5121429,38.0227457],[32.510365,38.0241649],[32.5102249,38.0243236],[32.5102108,38.0243482],[32.5101434,38.0244662],[32.5101177,38.0245368],[32.5100818,38.0246879],[32.510076,38.0248246],[32.5100869,38.0249094],[32.5101067,38.0249951],[32.5101118,38.025017],[32.5101368,38.0250885],[32.5101665,38.0251517],[32.5102308,38.025257],[32.5102976,38.0253387],[32.5104116,38.0254451],[32.511172,38.0260313],[32.5112487,38.0260993],[32.5112842,38.0261382],[32.511305,38.0261674],[32.5113302,38.0262037],[32.5113561,38.0262518],[32.5113769,38.026301],[32.5113905,38.0263421],[32.511401,38.0263872],[32.5114055,38.0264258],[32.5114087,38.0264759],[32.5114082,38.0265279],[32.5114029,38.0266126],[32.5113972,38.0267028],[32.5113901,38.0267749],[32.511383,38.0268644],[32.5113777,38.0269376],[32.5113696,38.0270268],[32.5113651,38.0270811],[32.5113565,38.0271301],[32.5113406,38.0271856],[32.5113243,38.0272321],[32.5113074,38.0272712],[32.5112781,38.0273161],[32.5112543,38.027351],[32.5112183,38.0273967],[32.5111863,38.027431],[32.511115,38.0274896],[32.5105454,38.0279167],[32.5104766,38.0279597],[32.5104197,38.0279898],[32.5103222,38.0280264],[32.5102454,38.0280513],[32.5101401,38.0280751],[32.5100301,38.0280876],[32.5098982,38.0280859],[32.5098211,38.0280794],[32.5097026,38.0280599],[32.5096173,38.0280347],[32.5095326,38.0280042],[32.5094679,38.0279738],[32.5094152,38.0279447],[32.509365,38.027912],[32.508417,38.027172],[32.5083067,38.0270821],[32.507876,38.0266762],[32.5075679,38.0263646],[32.5067886,38.0257473],[32.5067483,38.0257108],[32.5067172,38.0256811],[32.5066744,38.0256315],[32.5066592,38.0256105],[32.50663,38.0255702],[32.5066083,38.0255333],[32.506587,38.0254898],[32.5065704,38.0254503],[32.5065575,38.025408],[32.5065478,38.0253698],[32.5065385,38.0253209],[32.5065347,38.0252665],[32.5065354,38.0252196],[32.5065396,38.0251715],[32.5065485,38.0251218],[32.5065547,38.0251002],[32.5065762,38.02503],[32.5065918,38.024995],[32.5066151,38.0249514],[32.5066382,38.0249161],[32.5066705,38.024863],[32.506708,38.024825],[32.5069231,38.0246374],[32.5076258,38.0240769],[32.5076654,38.0240496],[32.5077075,38.0240247],[32.5077604,38.0239965],[32.5078065,38.0239772],[32.5078407,38.0239653],[32.5078826,38.0239531],[32.5079229,38.0239429],[32.5079681,38.0239349],[32.5080371,38.0239271],[32.5081028,38.0239238],[32.5081687,38.0239259],[32.5082291,38.0239326],[32.5082749,38.0239406],[32.5083229,38.0239515],[32.5083765,38.0239677],[32.5084186,38.0239829],[32.5084653,38.0240052],[32.5085118,38.0240311],[32.5089897,38.0243912],[32.5090338,38.0244178],[32.5090738,38.024438],[32.5091251,38.0244626],[32.5091854,38.0244866],[32.5092244,38.0244986],[32.5093454,38.0245248],[32.5094369,38.0245343],[32.5094873,38.0245366],[32.5095816,38.0245338],[32.5096468,38.0245257],[32.5097101,38.0245145],[32.5097737,38.0244984],[32.5098279,38.0244818],[32.5098916,38.0244561],[32.5099302,38.0244365],[32.5099737,38.0244132],[32.510012,38.0243891],[32.5100608,38.0243551],[32.512072,38.0227574],[32.5121163,38.0227247],[32.5121804,38.0226783],[32.5144122,38.0208935],[32.5145041,38.0207985],[32.514575,38.0206854],[32.5146027,38.0205925],[32.5146133,38.0204936],[32.5146122,38.0204257],[32.5146083,38.0203579],[32.514595,38.0202951],[32.5145749,38.0202392],[32.5145546,38.0201854],[32.5145336,38.020138],[32.5145167,38.0201097],[32.5144963,38.0200801],[32.5144494,38.0200221],[32.5144208,38.0199933],[32.5143951,38.0199707],[32.5143645,38.019942],[32.5143296,38.0199121],[32.5142893,38.0198807],[32.5142461,38.0198476],[32.513529,38.01928],[32.5134951,38.0192499],[32.513467,38.0192207],[32.5134451,38.0191942],[32.5134278,38.019171],[32.5134094,38.0191454],[32.5133898,38.0191177],[32.5133761,38.019091],[32.5133623,38.0190626],[32.513349,38.0190341],[32.5133389,38.0190061],[32.5133307,38.018973],[32.5133237,38.0189435],[32.5133185,38.0189079],[32.5133162,38.0188749],[32.5133152,38.0188414],[32.5133154,38.0188128],[32.5133181,38.0187827],[32.5133207,38.018759],[32.5133259,38.0187287],[32.5133324,38.0187036],[32.5133424,38.0186739],[32.5133544,38.0186433],[32.5133658,38.0186172],[32.5133828,38.0185871],[32.5134013,38.0185544],[32.5134202,38.0185272],[32.5134356,38.0185059],[32.5134576,38.018477],[32.5134848,38.0184498],[32.5135105,38.0184251],[32.513544,38.0183987],[32.5135838,38.0183698],[32.5136139,38.0183518],[32.513651,38.0183325],[32.5136926,38.0183132],[32.5137355,38.0182929],[32.5137806,38.0182764],[32.5138153,38.0182647],[32.5138661,38.0182502],[32.5139146,38.0182398],[32.5139674,38.0182314],[32.5140229,38.0182258],[32.5140756,38.0182204],[32.5141237,38.0182171],[32.5141827,38.0182143],[32.5147631,38.0181756],[32.5150695,38.0181584],[32.5151169,38.0181563],[32.5151634,38.0181548],[32.5152093,38.0181539],[32.5152584,38.0181543],[32.5153054,38.0181553],[32.5153528,38.0181579],[32.5154065,38.0181658],[32.5154493,38.0181729],[32.5154969,38.0181848],[32.5155415,38.0181996],[32.5155854,38.0182178],[32.5156233,38.0182362],[32.515663,38.0182596],[32.5156998,38.0182838],[32.5157306,38.0183069],[32.5157575,38.0183293],[32.5157808,38.0183499],[32.5158035,38.0183728],[32.5158237,38.0183962],[32.5158437,38.0184213],[32.5158611,38.0184465],[32.5158771,38.0184742],[32.5158918,38.0185022],[32.5159034,38.0185313],[32.5159138,38.0185607],[32.5159215,38.0185896],[32.5159279,38.0186226],[32.5159319,38.0186549],[32.5159336,38.0186949],[32.5159333,38.0187344],[32.51593,38.0187703],[32.515922,38.0188042],[32.5159097,38.0188423],[32.5158923,38.0188803],[32.5158778,38.0189095],[32.5158609,38.0189382],[32.5158415,38.0189665],[32.5158215,38.0189924],[32.5154917,38.0193425]],[[32.5168593,38.0151595],[32.5164646,38.0165792],[32.5164467,38.0166536],[32.5164273,38.016734],[32.5164032,38.0168471],[32.5163864,38.0169376],[32.5163702,38.0170261],[32.5163589,38.0171032],[32.5163486,38.0171729],[32.5163192,38.0173949],[32.5163074,38.0175029],[32.5162948,38.01761],[32.5162817,38.0177318],[32.5162727,38.0178204],[32.5162653,38.0179062],[32.5162541,38.0179956],[32.5162446,38.0180905],[32.516237,38.0181659],[32.5162282,38.018247],[32.5162174,38.018324],[32.5162064,38.0184],[32.5161857,38.0184913],[32.5161609,38.0185835],[32.5161403,38.0186503],[32.5161206,38.0186986],[32.5160993,38.0187388],[32.5160755,38.018781],[32.5160512,38.0188203],[32.5160215,38.0188596],[32.5159601,38.0189376],[32.5159326,38.0189672],[32.5159028,38.0189961],[32.5158732,38.0190237],[32.5156355,38.019229],[32.5154917,38.0193425],[32.5152424,38.0195415],[32.5150808,38.0196665],[32.5150361,38.0196991],[32.514988,38.0197285],[32.5149341,38.0197566],[32.5148769,38.019778],[32.514795,38.0197987],[32.5147406,38.019805],[32.514678,38.0198084],[32.5146222,38.0198086],[32.5145666,38.0198038],[32.5144688,38.0197821]],[[32.517088,38.0143779],[32.5168593,38.0151595]],[[32.5174604,38.0131232],[32.5173854,38.013369],[32.5172755,38.0137295],[32.5171675,38.0141029],[32.517088,38.0143779]],[[32.5177361,38.0122979],[32.5174604,38.0131232]],[[32.5196243,38.0024522],[32.5196427,38.0026123],[32.5196478,38.0026568],[32.5196534,38.0027145],[32.5196595,38.0027762],[32.5196642,38.0028388],[32.5196687,38.0029037],[32.5196724,38.0029626],[32.5196746,38.0030246],[32.5196775,38.0030732],[32.5196794,38.0031238],[32.5196837,38.0032004],[32.5196851,38.0032667],[32.5196864,38.0033291],[32.5196938,38.0048449],[32.5196909,38.005013],[32.519683,38.0051582],[32.5196722,38.0053141],[32.5196603,38.0055021],[32.5196432,38.0056909],[32.519626,38.0058351],[32.5196096,38.0059802],[32.5195951,38.0060809],[32.519577,38.0061902],[32.5195562,38.0062996],[32.5189439,38.0087736],[32.5189227,38.008856],[32.5188956,38.0089484],[32.5188421,38.0091124],[32.5187598,38.0093553],[32.5185977,38.0098222],[32.5177361,38.0122979]],[[32.519605,38.0023042],[32.5196243,38.0024522]],[[32.4938332,37.8956076],[32.4930622,37.8960096],[32.4929659,37.896065],[32.4928737,37.8961224],[32.4928,37.8961685],[32.4927377,37.896213],[32.4926737,37.896265],[32.4926163,37.8963119],[32.492566,37.8963572],[32.492515,37.8964022],[32.4924653,37.8964525],[32.4924185,37.8965023],[32.492373,37.8965532],[32.4923321,37.896599],[32.4902141,37.8992569],[32.4901084,37.8993911],[32.4900805,37.8994326],[32.4900576,37.8994685],[32.4900389,37.8995019],[32.490027,37.899525],[32.4900159,37.8995499],[32.4900064,37.8995739],[32.4899953,37.8996118],[32.4899771,37.8996781],[32.4899704,37.8997203],[32.489968,37.8997622],[32.4899688,37.8998088],[32.489972,37.8998495],[32.4899753,37.8998799],[32.4899808,37.8999087],[32.4899911,37.8999517],[32.4899992,37.8999811],[32.4900017,37.89999],[32.4900169,37.9000273],[32.4900397,37.9000696],[32.4900453,37.9000798],[32.4900707,37.9001224],[32.4901065,37.900171],[32.4901368,37.9002084],[32.4901803,37.90026],[32.4902119,37.9002968],[32.4902547,37.900343],[32.4902907,37.9003823],[32.4903315,37.9004232],[32.4903687,37.9004537],[32.4928145,37.9021816],[32.4941951,37.90317],[32.4942734,37.9032255],[32.4943573,37.9032863],[32.4944297,37.9033417],[32.4945017,37.9034],[32.4945688,37.9034587],[32.4946385,37.9035251],[32.4947016,37.9035899],[32.4947561,37.9036515],[32.4948095,37.9037178],[32.4948627,37.9038012],[32.4949018,37.9038744],[32.4949274,37.9039232],[32.4949562,37.9039772],[32.494981,37.9040286],[32.4950123,37.9040941],[32.4950529,37.9042134],[32.4950744,37.9042705],[32.4956344,37.9060147],[32.4959137,37.9068782],[32.4959436,37.9069603],[32.4959755,37.9070426],[32.4960064,37.9071155],[32.4960321,37.9071799],[32.4960674,37.9072551],[32.4961006,37.9073262],[32.4961296,37.9073811],[32.4961608,37.9074387],[32.4961853,37.9074835],[32.4962202,37.9075452],[32.4962604,37.9076191],[32.4963013,37.9076879],[32.49634,37.9077531],[32.4963867,37.9078307],[32.4964212,37.9078817],[32.4964641,37.9079509],[32.496511,37.9080196],[32.4965622,37.9080961],[32.4966093,37.9081638],[32.4966606,37.9082375],[32.4967069,37.9082992],[32.4967597,37.908364],[32.4968204,37.9084355],[32.4968904,37.9085126],[32.4969535,37.9085814],[32.4970133,37.9086469],[32.4970775,37.9087122],[32.4971498,37.9087833],[32.4972031,37.9088351],[32.4972483,37.9088808],[32.4973202,37.908943],[32.4973839,37.908999],[32.4974391,37.9090464],[32.4975158,37.9091107],[32.5005429,37.9115389],[32.5034761,37.9138761],[32.5038189,37.914158],[32.5052332,37.9153011],[32.5052742,37.9153369],[32.5053138,37.9153701],[32.5053376,37.9153908],[32.5053603,37.9154115],[32.5053987,37.9154482],[32.50543,37.9154798],[32.5054654,37.9155142],[32.5054997,37.9155498],[32.5055347,37.9155887],[32.505563,37.9156191],[32.5055945,37.915655],[32.5056281,37.9156966],[32.5056593,37.9157348],[32.5056877,37.9157717],[32.5057178,37.9158125],[32.505748,37.9158555],[32.5057736,37.9158953],[32.505808,37.915951],[32.5058352,37.9159995],[32.50586,37.916045],[32.5058927,37.916108],[32.5059197,37.9161692],[32.5059357,37.9162062],[32.5059459,37.9162306],[32.5059679,37.9162866],[32.5059861,37.9163354],[32.5060033,37.916382],[32.5061201,37.9167527],[32.5061767,37.9169762],[32.5061995,37.9170533],[32.506355,37.9176041],[32.5066292,37.9186224],[32.5068711,37.9194925],[32.5071759,37.9206262],[32.5071944,37.9206937],[32.5076617,37.9224089],[32.5076782,37.9224735],[32.5076947,37.9225401],[32.5077094,37.9226032],[32.5077237,37.9226689],[32.5077374,37.9227326],[32.5077482,37.9227906],[32.507758,37.9228486],[32.5077684,37.9229139],[32.5077781,37.9229796],[32.5077865,37.9230389],[32.5077926,37.9230882],[32.507798,37.9231399],[32.5078032,37.9231896],[32.5078071,37.9232411],[32.5078338,37.9237558],[32.5078363,37.9238059],[32.5078407,37.9238563],[32.5078435,37.9239035],[32.5078462,37.9239509],[32.5078697,37.9242029],[32.5078923,37.9244128],[32.5079032,37.9244847],[32.5079109,37.924522],[32.5079161,37.9245521],[32.5079639,37.9247685],[32.5080282,37.9250453],[32.5080452,37.9251127],[32.5080616,37.9251778],[32.5088587,37.9280737],[32.5089116,37.9282658],[32.5089264,37.9283198],[32.5089597,37.9284408],[32.5089912,37.9285552],[32.5090101,37.9286236],[32.5092095,37.9293482],[32.5102252,37.9330459],[32.5104291,37.9339311],[32.5104818,37.9342317],[32.5106764,37.9354491],[32.5107146,37.9357035],[32.5107732,37.9360998],[32.5109153,37.937024],[32.510945,37.937246],[32.5114727,37.9407506],[32.511562,37.9413358],[32.5116679,37.9420307],[32.511974,37.9441369],[32.5125239,37.94831],[32.5125322,37.9483747],[32.5126749,37.949521],[32.5126803,37.949565],[32.5127331,37.9499877],[32.5127558,37.9501804],[32.5129372,37.9517176],[32.5129516,37.9518598],[32.5129677,37.9520003],[32.512978,37.9521253],[32.5129841,37.95222],[32.5129924,37.9523482],[32.5130755,37.9533832],[32.513082,37.9534622],[32.5130927,37.9535489],[32.513134,37.9538832],[32.5131722,37.9541943],[32.5136899,37.9580311],[32.5137178,37.9582358],[32.5137452,37.9584353],[32.5137761,37.9586616],[32.5138481,37.9591963],[32.5146582,37.9651487],[32.5147052,37.9655379],[32.515463,37.9715485],[32.515517,37.9719145],[32.5161454,37.9765336],[32.5161939,37.9769103],[32.5164632,37.9790561],[32.516498,37.9793273],[32.5168413,37.982006],[32.5168889,37.9823471],[32.5177904,37.989056],[32.5178325,37.9893904],[32.5184551,37.9941732],[32.5184704,37.9942739],[32.5184828,37.9943558],[32.5185052,37.9945161],[32.5185169,37.9945998],[32.5185315,37.9947045],[32.5185761,37.9950932],[32.518642,37.9954585],[32.5188615,37.9965523],[32.5188779,37.9966461],[32.5188919,37.9967393],[32.5189134,37.9968934],[32.519605,38.0023042]]]}},{"type":"Feature","properties":{"route":"tram","name":"Tram T2","colour":null},"geometry":{"type":"MultiLineString","coordinates":[[[32.4938972,37.8721534],[32.4939412,37.8722391],[32.493981,37.8722981],[32.4940253,37.8723421],[32.4940787,37.8723813],[32.4941531,37.8724259],[32.4942312,37.8724535],[32.4943637,37.8724813],[32.4944441,37.8724927],[32.4945245,37.8724885],[32.4976995,37.8720205],[32.5003139,37.8716512],[32.5003914,37.8716391],[32.5005001,37.8716208],[32.500606,37.8716027],[32.5007183,37.871579],[32.5016207,37.8713885],[32.5016994,37.8713718],[32.5027118,37.8711493],[32.5027644,37.8711332],[32.5028161,37.8711124],[32.5028656,37.8710884],[32.5029111,37.8710585],[32.5029535,37.8710257],[32.502989,37.8709919],[32.5030235,37.8709563],[32.5035256,37.8701739],[32.5035578,37.8701334],[32.5035909,37.8701009],[32.5036324,37.8700693],[32.5036804,37.8700392],[32.5037294,37.8700143],[32.503778,37.8699976],[32.503824,37.8699846],[32.5038825,37.8699785],[32.5039445,37.8699782],[32.5039982,37.8699809],[32.5040543,37.8699898],[32.5041192,37.8700088],[32.5045952,37.8701733],[32.5046468,37.8701895],[32.5046961,37.8702046],[32.5047502,37.8702193],[32.5048043,37.8702314],[32.5048613,37.8702436],[32.5049255,37.8702564],[32.5066495,37.870549],[32.5074882,37.8706933],[32.5075743,37.8707071],[32.5076642,37.8707218],[32.5077432,37.8707347],[32.5078263,37.8707474],[32.5079127,37.8707571],[32.5080047,37.8707651],[32.5080977,37.8707681],[32.5081845,37.8707687],[32.5082795,37.8707678],[32.5102777,37.8706999],[32.510832,37.8706795],[32.5122094,37.8705882],[32.5126514,37.8705645],[32.5129708,37.8705558],[32.5140045,37.8705303],[32.5145669,37.8705142],[32.5146712,37.8705113],[32.5148222,37.8705108],[32.5149861,37.8705069],[32.5189924,37.8704111],[32.5199223,37.8703692],[32.5224272,37.8702584],[32.5253129,37.8700856],[32.5259563,37.8700378],[32.5261496,37.8700259],[32.526767,37.8699282],[32.5328602,37.8690755],[32.5335295,37.8690105],[32.5351651,37.8689],[32.5357252,37.8688823],[32.5358303,37.8688789],[32.5364435,37.8688636],[32.5422142,37.8688219],[32.5428336,37.8688392],[32.5429056,37.8688374],[32.5429719,37.8688306],[32.5430301,37.8688203],[32.5430857,37.8688051],[32.5431361,37.8687846],[32.5431931,37.868754],[32.5432418,37.8687207],[32.543288,37.8686799],[32.5433222,37.868638],[32.5433564,37.8685868],[32.543378,37.8685507],[32.5433965,37.8685037],[32.5434042,37.8684496],[32.5434068,37.8684017],[32.5434072,37.868353],[32.5433591,37.8671287],[32.5433518,37.8670365],[32.5432106,37.8648074],[32.5431583,37.8641385],[32.5431432,37.8638902],[32.5429633,37.8613614],[32.5429341,37.8609148]],[[32.49109,37.874032],[32.4910456,37.8739939],[32.490964,37.8739221],[32.4908904,37.8738546],[32.4907956,37.8737462],[32.490709,37.8736349],[32.4906468,37.8735514],[32.4905826,37.8734591],[32.4905216,37.873355],[32.4904835,37.8732767],[32.4904414,37.8731694],[32.4904007,37.8730409],[32.4903658,37.8729107],[32.4903298,37.8727763],[32.4903063,37.8726889],[32.4902776,37.8725634],[32.4902596,37.8724355],[32.4902476,37.8723144],[32.4902403,37.8721789],[32.4902374,37.8720494],[32.4902441,37.8718678],[32.4902596,37.8717314],[32.4902754,37.8716456],[32.490295,37.8715835],[32.4903141,37.8715274],[32.4903374,37.8714659],[32.4903641,37.8714065],[32.4903966,37.8713442],[32.4904285,37.8712873],[32.4904673,37.8712225],[32.490512,37.8711618],[32.4905713,37.8711016],[32.4906234,37.8710524],[32.4906782,37.8710113],[32.4907295,37.8709722],[32.4907879,37.8709361],[32.490856,37.8709028],[32.4909495,37.8708689],[32.4910285,37.8708433],[32.4911114,37.8708243],[32.4912358,37.8708013],[32.4913417,37.8707875],[32.4914538,37.8707786],[32.4915586,37.8707748],[32.4916664,37.8707738],[32.4917745,37.8707799],[32.4918939,37.8707884],[32.4920196,37.8708105],[32.4921361,37.8708314],[32.4922804,37.8708717],[32.4923951,37.8709086],[32.4925044,37.8709486],[32.4925918,37.8709822],[32.492687,37.8710229],[32.4927736,37.8710589],[32.4928675,37.8711065],[32.4929548,37.8711509],[32.4930383,37.8712006],[32.4931471,37.8712631],[32.4932359,37.8713265],[32.4933239,37.8713988],[32.4934173,37.8714867],[32.4935498,37.8716343],[32.4936585,37.8717614],[32.4937338,37.8718616],[32.4937972,37.8719568],[32.4938587,37.8720663],[32.4938972,37.8721534]],[[32.4920653,37.8743658],[32.491848,37.8743306],[32.4917055,37.8742964],[32.4915914,37.8742665],[32.4914701,37.8742267],[32.4913766,37.8741868],[32.4912824,37.8741455],[32.4911826,37.8740913],[32.49109,37.874032]],[[32.4939935,37.8729371],[32.4939686,37.8730575],[32.4939264,37.8731938],[32.493904,37.8732654],[32.4938429,37.873395],[32.4937548,37.873557],[32.4936315,37.8737406],[32.4934981,37.8739302],[32.4934204,37.8740248],[32.4933755,37.8740682],[32.4933258,37.8741191],[32.4932327,37.8741811],[32.4931702,37.8742245],[32.4930903,37.8742668],[32.4929985,37.8743041],[32.4928862,37.8743381],[32.4927627,37.8743623],[32.4926428,37.8743798],[32.4924949,37.8743938],[32.4923539,37.874397],[32.4922107,37.8743894],[32.4920653,37.8743658]],[[32.5429745,37.8609126],[32.5430065,37.8613611],[32.5431688,37.8636457],[32.5434029,37.8670361],[32.5434076,37.8671292],[32.5434486,37.8683526],[32.5434481,37.8684053],[32.5434427,37.8684621],[32.5434325,37.8685123],[32.5434105,37.8685633],[32.5433763,37.8686215],[32.5433404,37.8686686],[32.5432956,37.8687153],[32.5432521,37.8687535],[32.5431991,37.8687907],[32.5431506,37.8688166],[32.5430987,37.8688407],[32.5430476,37.8688568],[32.5429797,37.8688684],[32.5429099,37.8688737],[32.5428335,37.868874],[32.5422129,37.8688553],[32.537079,37.868877],[32.5364466,37.868896],[32.5358306,37.8689119],[32.5357274,37.8689155],[32.5351669,37.8689256],[32.5334479,37.8690469],[32.53287,37.8691064],[32.5295557,37.8695592],[32.5267713,37.8699605],[32.5261726,37.8700607],[32.5259837,37.8700767],[32.5253179,37.8701243],[32.5224795,37.8702885],[32.5199648,37.8704028],[32.5189959,37.8704519],[32.5171777,37.8704889],[32.515587,37.8705318],[32.5149913,37.8705457],[32.5148303,37.8705495],[32.5146741,37.8705522],[32.5145701,37.8705543],[32.51401,37.8705655],[32.5126522,37.8706006],[32.5121802,37.8706252],[32.5108196,37.8707119],[32.5102592,37.8707327],[32.5082782,37.8707992],[32.5081818,37.8708005],[32.5080959,37.8707989],[32.5080013,37.8707951],[32.5079053,37.8707874],[32.5078165,37.8707774],[32.5077315,37.8707647],[32.5076523,37.8707527],[32.5075628,37.870738],[32.5074783,37.870723],[32.5066411,37.8705813],[32.5049149,37.8702879],[32.5048503,37.8702758],[32.5047913,37.8702635],[32.5047359,37.8702511],[32.5046801,37.8702373],[32.5046303,37.8702238],[32.5045778,37.870208],[32.5041015,37.8700469],[32.5040544,37.870032],[32.5040082,37.8700243],[32.5039582,37.8700237],[32.5039093,37.8700253],[32.5038468,37.8700317],[32.503793,37.8700466],[32.5037376,37.8700666],[32.5036855,37.8700909],[32.5036366,37.8701244],[32.5035991,37.8701558],[32.503567,37.8701915],[32.5035403,37.8702298],[32.5030463,37.8709868],[32.5030231,37.8710149],[32.5029825,37.8710497],[32.5029373,37.8710864],[32.5028885,37.8711185],[32.5028347,37.8711447],[32.5027794,37.8711651],[32.5027238,37.8711813],[32.5017076,37.8714007],[32.5016299,37.8714168],[32.5007306,37.8716218],[32.5006219,37.8716422],[32.5005028,37.8716633],[32.5004019,37.8716801],[32.5003182,37.8716922],[32.4977061,37.8720516],[32.4945298,37.8725114],[32.4944244,37.8725307],[32.4943415,37.8725559],[32.4942721,37.8725876],[32.4942126,37.872626],[32.4941539,37.8726716],[32.4941141,37.8727185],[32.4940811,37.8727646],[32.4940504,37.8728136],[32.4940355,37.8728433],[32.4940191,37.8728822],[32.4939935,37.8729371]]]}},{"type":"Feature","properties":{"route":"tram","name":"T3: Adliye → Burç Kavşağı","colour":"#0D0DFF"},"geometry":{"type":"MultiLineString","coordinates":[[[37.3506704,37.0854823],[37.3503561,37.0855053],[37.350194,37.0855031],[37.3500717,37.0854973],[37.3497595,37.0854684],[37.3493638,37.085437],[37.3491694,37.0854294],[37.3490149,37.085441],[37.3489675,37.0854673],[37.3489179,37.0854948],[37.3488356,37.085564],[37.3487693,37.0856615],[37.3485484,37.0863519],[37.3484923,37.0865065],[37.3484036,37.0866704],[37.3482518,37.0868194],[37.3481001,37.0869461],[37.3458152,37.0887445],[37.3453163,37.0891339],[37.3447775,37.0894028],[37.3442994,37.0896068],[37.3436484,37.0898117],[37.3410939,37.0905211],[37.3405372,37.0907162],[37.3396473,37.0911288],[37.3395792,37.0911423],[37.3395122,37.0911409],[37.3394765,37.0911403],[37.3394147,37.0911403],[37.3393334,37.0911331],[37.3392478,37.0910974],[37.338741,37.0906679],[37.338395,37.0903923],[37.3382243,37.0902222],[37.338213,37.0902108],[37.3380233,37.0900211],[37.3377771,37.0897802],[37.3376837,37.0896558],[37.3376128,37.0895277],[37.3372717,37.088777],[37.3368007,37.0877405],[37.3361995,37.0866242],[37.3358643,37.0860013],[37.3357881,37.085866],[37.3354919,37.0853144],[37.3345506,37.0836095],[37.3345097,37.0835404],[37.3335741,37.0818281],[37.3330865,37.0809359],[37.3323172,37.079528],[37.3320014,37.0789498],[37.3319409,37.078839],[37.3316273,37.0782494],[37.330989,37.0771529],[37.3307594,37.0767499],[37.3290299,37.0736723],[37.3288039,37.0732811],[37.3286275,37.0729546],[37.3285515,37.0728075],[37.3283279,37.0723748],[37.327294,37.070551],[37.3272807,37.0704757],[37.3272885,37.0704],[37.3273119,37.070341],[37.3273172,37.0703275],[37.3273654,37.0702619],[37.3273809,37.0702457],[37.3274306,37.0702064],[37.3275096,37.0701639],[37.3275984,37.0701364],[37.3320955,37.0695943],[37.3321783,37.0695836],[37.3331311,37.0694551],[37.3378517,37.0686928],[37.3379847,37.0686572],[37.3381349,37.0686128],[37.3395623,37.0681999],[37.3396195,37.0681727],[37.3396712,37.0681392],[37.3397163,37.0681001],[37.3397462,37.0680664],[37.3397711,37.0680301],[37.3397868,37.0679908],[37.3398604,37.067616],[37.3399332,37.0670261],[37.3399585,37.0668692],[37.340003,37.0665992],[37.3403044,37.064834],[37.3403866,37.064495],[37.3405652,37.0638212]],[[37.3405652,37.0638212],[37.3405714,37.0637579],[37.3405704,37.0636922],[37.340562,37.063628],[37.3405464,37.0635656],[37.3405199,37.0635102],[37.3404772,37.0634633],[37.3404237,37.0634204],[37.3403571,37.0633748],[37.3402893,37.0633343],[37.3402086,37.0632941],[37.3401239,37.0632594],[37.3400346,37.0632301]],[[37.3400346,37.0632301],[37.3376182,37.0625285],[37.3364809,37.0621938],[37.3362677,37.0621347],[37.3359931,37.0620439],[37.3356897,37.0619731],[37.3346047,37.06178],[37.3342894,37.0617177],[37.3340644,37.0616591],[37.3339465,37.0615907],[37.3338212,37.061449],[37.3334759,37.0608849],[37.3310186,37.0568708],[37.3309351,37.0567267],[37.3306422,37.0562463],[37.3268429,37.0497951],[37.3260919,37.0484807],[37.3259152,37.048145],[37.3238029,37.0444334],[37.3237646,37.0443661],[37.3236573,37.0441723],[37.3235958,37.0440533],[37.3234823,37.0438359],[37.3234372,37.0437362],[37.3228636,37.0424675],[37.3225031,37.0417049],[37.322195,37.0411939],[37.3219552,37.0407929],[37.3210038,37.0390572],[37.3199651,37.0372111],[37.319241,37.0362204],[37.3185215,37.0354884],[37.3180717,37.0350366]],[[37.3180717,37.0350366],[37.3177278,37.0347344],[37.3171787,37.0341705],[37.3151322,37.0320219],[37.3148896,37.0316962],[37.3145579,37.0312109],[37.3135695,37.0297741],[37.3129986,37.0289963],[37.3125486,37.0284667],[37.3121016,37.0279405],[37.3120071,37.0278293],[37.3117109,37.0274945],[37.3115979,37.0273617]]]}},{"type":"Feature","properties":{"route":"tram","name":"T3: Burç Kavşağı → Adliye","colour":"#0D0DFF"},"geometry":{"type":"MultiLineString","coordinates":[[[37.3116769,37.0273322],[37.3117898,37.0274651],[37.3120396,37.0278115],[37.3123239,37.0281471],[37.3123777,37.0282106],[37.31303,37.0289806],[37.3136037,37.0297585],[37.3145923,37.0311956],[37.3149239,37.0316806],[37.3151651,37.0320046],[37.3172044,37.0341546],[37.3177544,37.0347129],[37.3179908,37.0349291],[37.3180831,37.035026]],[[37.3180831,37.035026],[37.3192685,37.0362085],[37.3195866,37.0366509],[37.3199964,37.0372003],[37.3210449,37.0390424],[37.3219871,37.040782],[37.322225,37.0411804],[37.3225343,37.041683],[37.3229115,37.0424681],[37.3233297,37.0433772],[37.323628,37.0440255],[37.3236902,37.0441492],[37.3239536,37.044612],[37.3259562,37.0481302],[37.330672,37.0562274],[37.3309708,37.0567026],[37.3310572,37.0568517],[37.3333348,37.0605942],[37.3338504,37.0614414],[37.3339769,37.0615639],[37.3340203,37.0615891],[37.3340851,37.0616267],[37.3343018,37.0616832],[37.334615,37.061745],[37.3357009,37.0619382],[37.3360081,37.0620099],[37.3362847,37.0621014],[37.3366907,37.0622188],[37.3380469,37.0626173],[37.3400474,37.0632051]],[[37.3400474,37.0632051],[37.3401381,37.0632349],[37.3402253,37.0632706],[37.3402732,37.0632945],[37.3403084,37.063312],[37.3403869,37.0633589],[37.3404454,37.0633998],[37.3405031,37.0634459],[37.3405505,37.063498],[37.340579,37.0635581],[37.3405954,37.0636239],[37.3405987,37.0636843],[37.340603,37.0638279]],[[37.340603,37.0638279],[37.3404197,37.0645003],[37.3403378,37.0648383],[37.3401985,37.0656805],[37.3400808,37.0666052],[37.3400354,37.0668843],[37.3400067,37.0670475],[37.3398939,37.0676192],[37.3398198,37.067997],[37.3398023,37.0680408],[37.3397749,37.0680807],[37.3397533,37.0681011],[37.3397216,37.0681354],[37.3396944,37.0681589],[37.3396389,37.0681949],[37.3395768,37.0682244],[37.3381472,37.0686379],[37.3379993,37.0686819],[37.3378611,37.0687188],[37.3331367,37.0694816],[37.3321866,37.0696095],[37.3321051,37.0696199],[37.3307608,37.0697899],[37.3276071,37.0701627],[37.3275254,37.070188],[37.3274517,37.0702276],[37.3274342,37.0702415],[37.3273941,37.0702762],[37.3273483,37.0703385],[37.3273309,37.0703826],[37.3273219,37.0704053],[37.3273147,37.0704749],[37.3273268,37.0705435],[37.3283491,37.0723633],[37.3285854,37.0728023],[37.3286594,37.0729457],[37.3288287,37.0732732],[37.3290518,37.0736643],[37.3292972,37.0740823],[37.3307917,37.076738],[37.3310264,37.0771353],[37.3316537,37.0782416],[37.3319683,37.0788289],[37.3320289,37.0789402],[37.332345,37.0795206],[37.3332474,37.0811591],[37.3336088,37.0818153],[37.334551,37.083526],[37.3345916,37.0835946],[37.3355333,37.0853002],[37.3358294,37.0858517],[37.3359053,37.0859864],[37.3362405,37.0866094],[37.3368426,37.0877273],[37.3373143,37.0887654],[37.3376543,37.0895136],[37.3377203,37.0896349],[37.3378063,37.0897423],[37.3380535,37.0900009],[37.3382428,37.0901916],[37.3384216,37.0903717],[37.3387561,37.0906475],[37.3392749,37.0910682],[37.3393504,37.0910996],[37.3394154,37.0911076],[37.3394982,37.0911108],[37.3395648,37.0911082],[37.339629,37.0910958],[37.3405323,37.0906802],[37.3410869,37.0904976],[37.3436262,37.0897867],[37.3442837,37.0895722],[37.3447394,37.0893505],[37.3450827,37.0891994],[37.3452947,37.0890931],[37.3457841,37.0887185],[37.3480813,37.0869235],[37.3482248,37.086806],[37.3483647,37.0866516],[37.3484769,37.0864648],[37.3487679,37.0855893],[37.3487995,37.0855422],[37.3488884,37.0854674],[37.3489219,37.0854488],[37.3489418,37.0854378],[37.3489989,37.0854061],[37.349169,37.0853933],[37.3493681,37.0854012],[37.3497638,37.0854327],[37.3500749,37.0854615],[37.3501957,37.0854671],[37.3503544,37.0854694],[37.3506662,37.0854465]]]}},{"type":"Feature","properties":{"route":"tram","name":"T1: Gar → İbn-i Sina","colour":"#FF2B0A"},"geometry":{"type":"MultiLineString","coordinates":[[[37.3799511,37.0708768],[37.3797018,37.0702874],[37.3795694,37.0699742],[37.3788992,37.0683137],[37.3780943,37.0662332],[37.3780438,37.0661691],[37.3779967,37.066128],[37.377946,37.0660836],[37.3778628,37.0660449],[37.3777971,37.0660281],[37.3777191,37.0660179],[37.3776582,37.0660208],[37.3775089,37.0660415],[37.3769767,37.0661638],[37.3760057,37.066399],[37.375869,37.0664347],[37.3757647,37.0664762],[37.3756309,37.0665365],[37.3755415,37.0666054],[37.3732835,37.0683998],[37.373133,37.0685067],[37.3729813,37.0685847],[37.3729098,37.0686161],[37.3728631,37.0686333],[37.3727291,37.0686695],[37.372331,37.0687162],[37.3720528,37.0687431],[37.3718433,37.0687671],[37.3714387,37.0688044],[37.3708717,37.0688566],[37.3705804,37.0688632],[37.3694837,37.0688138],[37.3691092,37.068775],[37.3685431,37.0687008],[37.368238,37.0686343],[37.3681318,37.0685972],[37.3679393,37.0685338],[37.3672654,37.0682952],[37.3667147,37.0680611],[37.3665428,37.0679965],[37.3661501,37.0678687],[37.3654299,37.0676494],[37.3652743,37.0676013],[37.3651004,37.0675481],[37.364724,37.067454],[37.3623194,37.0668895],[37.3615231,37.0667161],[37.361403,37.06669],[37.3606532,37.0665266],[37.3602343,37.0664414],[37.3595254,37.066289],[37.3592992,37.0662238],[37.3589137,37.0660824],[37.3584763,37.0659159],[37.3580759,37.0657122],[37.3572796,37.0653791],[37.3568748,37.065233],[37.3563138,37.0650777],[37.3559024,37.0649914],[37.3553589,37.064929],[37.3549685,37.0648699],[37.3546259,37.064818],[37.3543704,37.0648066],[37.3541707,37.0648017],[37.3538973,37.0647924],[37.3537719,37.064787],[37.3536687,37.064777],[37.3530256,37.0646792],[37.3527257,37.0646336],[37.3524733,37.0646081],[37.3521844,37.0645794],[37.3517593,37.0645634],[37.351376,37.0645624],[37.3508941,37.0645773],[37.3503949,37.0646147],[37.350001,37.0646414],[37.349688,37.0646692],[37.3491514,37.0647227],[37.3487915,37.0647528],[37.3485147,37.0647615],[37.3481699,37.0647517],[37.3478275,37.0647119],[37.347088,37.0646414],[37.3466629,37.0646017],[37.3462094,37.0645641],[37.3460831,37.0645537],[37.3456742,37.0645194],[37.3453434,37.0644925],[37.3447634,37.0644193],[37.3443877,37.0643395],[37.3434896,37.0641199],[37.3413897,37.0635954]],[[37.3413897,37.0635954],[37.3410956,37.0635163],[37.3402732,37.0632945],[37.3400346,37.0632301]],[[37.3400346,37.0632301],[37.3376182,37.0625285],[37.3364809,37.0621938],[37.3362677,37.0621347],[37.3359931,37.0620439],[37.3356897,37.0619731],[37.3346047,37.06178],[37.3342894,37.0617177],[37.3340644,37.0616591],[37.3339465,37.0615907],[37.3338212,37.061449],[37.3334759,37.0608849],[37.3310186,37.0568708],[37.3309351,37.0567267],[37.3306422,37.0562463],[37.3268429,37.0497951],[37.3260919,37.0484807],[37.3259152,37.048145],[37.3238029,37.0444334],[37.3237646,37.0443661],[37.3236573,37.0441723],[37.3235958,37.0440533],[37.3234823,37.0438359],[37.3234372,37.0437362],[37.3228636,37.0424675],[37.3225031,37.0417049],[37.322195,37.0411939],[37.3219552,37.0407929],[37.3210038,37.0390572],[37.3199651,37.0372111],[37.319241,37.0362204],[37.3185215,37.0354884],[37.3180717,37.0350366]],[[37.3180717,37.0350366],[37.3179908,37.0349291],[37.3179607,37.0348213],[37.317956,37.034779],[37.3179601,37.0346914],[37.3179743,37.0346443],[37.3180292,37.0345648],[37.3181044,37.0344999],[37.318206,37.0344415],[37.3183741,37.0343625],[37.3196218,37.0337766],[37.3197875,37.0336886],[37.3221761,37.0323084],[37.3222403,37.0322741],[37.3244531,37.0311282],[37.3249568,37.0308544],[37.3253486,37.0306275],[37.325858,37.0303057],[37.3266686,37.0297807],[37.3270002,37.0295674],[37.3274158,37.0292973],[37.3276754,37.0291247],[37.3278299,37.0290243],[37.3281061,37.0288824],[37.3339174,37.0257101]],[[37.3339174,37.0257101],[37.334287,37.0255058],[37.3347142,37.0252651]],[[37.3347142,37.0252651],[37.3357205,37.0247034],[37.3361134,37.0245043],[37.336493,37.0243297],[37.338569,37.0234999],[37.3387017,37.0234346],[37.3387145,37.023425],[37.3387533,37.0233957],[37.3388225,37.0233436],[37.3388922,37.0232922],[37.3389485,37.0232098],[37.3390679,37.0230139],[37.3396995,37.0219173],[37.3399114,37.0215493],[37.3407928,37.0200189],[37.3410763,37.0195583],[37.3411397,37.0194586],[37.3414179,37.0190196],[37.3419927,37.0180718],[37.3427761,37.0167798],[37.3428359,37.016688],[37.3429088,37.0165956],[37.3429859,37.0165208],[37.343114,37.0164479],[37.3431652,37.0164284],[37.343224,37.0164061],[37.3433407,37.0163783],[37.3434305,37.0163663],[37.3436344,37.0163568],[37.3474659,37.0164036],[37.3476081,37.0163986],[37.347747,37.0163713],[37.3478709,37.0163183],[37.3479729,37.0162585],[37.3490428,37.0153761],[37.3491476,37.0153212],[37.349262,37.015271],[37.3493574,37.0152494],[37.3494393,37.015235],[37.3495644,37.015222],[37.349964,37.0152142],[37.3503827,37.0152113],[37.35141,37.0151915],[37.3523012,37.0151915],[37.3524145,37.0151915],[37.3555023,37.0151916],[37.3575052,37.0151916],[37.3580863,37.0151929],[37.358243,37.0151933],[37.3609736,37.0151997],[37.3638034,37.0152063],[37.3642995,37.0152075],[37.3669794,37.0152138],[37.3673816,37.0152206],[37.3698666,37.0152624],[37.3700134,37.015264],[37.3731253,37.0152989],[37.3734809,37.0152875],[37.3737851,37.0152892],[37.3742397,37.0152971],[37.3745875,37.0153163],[37.3761698,37.0153332],[37.3763066,37.0153347],[37.3827951,37.0154041],[37.3834244,37.0153954],[37.3840159,37.0154018]]]}},{"type":"Feature","properties":{"route":"tram","name":"T1: İbn-i Sina → Gar","colour":"#FF2B0A"},"geometry":{"type":"MultiLineString","coordinates":[[[37.3839822,37.0154763],[37.3834744,37.0154696],[37.3831078,37.0154528],[37.3828017,37.0154388],[37.3763111,37.0153637],[37.3761746,37.0153621],[37.3745874,37.0153437],[37.3742362,37.0153573],[37.3737795,37.0153485],[37.3734813,37.0153428],[37.3731226,37.015331],[37.3700117,37.0152981],[37.3698663,37.0152966],[37.3677101,37.0152608],[37.3669791,37.0152487],[37.3643008,37.0152431],[37.363806,37.0152421],[37.360973,37.0152362],[37.3582448,37.0152306],[37.3580875,37.0152302],[37.3575046,37.015229],[37.3555023,37.0152279],[37.3524153,37.0152261],[37.3523011,37.015226],[37.3516915,37.0152257],[37.3514101,37.0152255],[37.3503799,37.0152423],[37.3495687,37.0152516],[37.3494127,37.0152685],[37.3492699,37.015305],[37.3491684,37.0153439],[37.3490772,37.0154054],[37.3480251,37.0162605],[37.3479433,37.0163194],[37.3478535,37.0163611],[37.3477422,37.016404],[37.3476282,37.0164243],[37.347541,37.0164318],[37.3473962,37.0164318],[37.3436733,37.01639],[37.3434909,37.0163986],[37.343342,37.0164125],[37.3432199,37.016445],[37.3431154,37.0164885],[37.3430443,37.0165228],[37.3430034,37.0165496],[37.3429377,37.0166157],[37.3428201,37.0167649],[37.3420132,37.018081],[37.3411629,37.0194679],[37.3411015,37.0195682],[37.3408221,37.0200237],[37.339774,37.0218517],[37.3397296,37.021929],[37.3389986,37.023204],[37.3389378,37.0232944],[37.3388645,37.0233536],[37.3387895,37.0234104],[37.3387178,37.0234646],[37.3385836,37.0235233],[37.3364983,37.0243629],[37.3361313,37.0245323],[37.3357413,37.0247279],[37.3347999,37.0252513],[37.334739,37.0252851]],[[37.334739,37.0252851],[37.3343111,37.0255284],[37.3339397,37.0257407]],[[37.3339397,37.0257407],[37.328125,37.0289053],[37.3278716,37.0290443],[37.3276913,37.0291553],[37.3274386,37.029321],[37.3268518,37.0297171],[37.3258768,37.0303319],[37.3253665,37.0306531],[37.3249809,37.0308769],[37.3244795,37.0311574],[37.3222716,37.0322984],[37.3222108,37.0323337],[37.3198339,37.0337001],[37.3196388,37.0338015],[37.3188478,37.0341768],[37.3183957,37.0343925],[37.3182492,37.0344624],[37.318167,37.0345091],[37.3181233,37.0345498],[37.3180637,37.034608],[37.3180304,37.0346704],[37.3180061,37.0347451],[37.3180034,37.0348046],[37.3180186,37.0348755],[37.3180512,37.0349559],[37.3180831,37.035026]],[[37.3180831,37.035026],[37.3192685,37.0362085],[37.3195866,37.0366509],[37.3199964,37.0372003],[37.3210449,37.0390424],[37.3219871,37.040782],[37.322225,37.0411804],[37.3225343,37.041683],[37.3229115,37.0424681],[37.3233297,37.0433772],[37.323628,37.0440255],[37.3236902,37.0441492],[37.3239536,37.044612],[37.3259562,37.0481302],[37.330672,37.0562274],[37.3309708,37.0567026],[37.3310572,37.0568517],[37.3333348,37.0605942],[37.3338504,37.0614414],[37.3339769,37.0615639],[37.3340203,37.0615891],[37.3340851,37.0616267],[37.3343018,37.0616832],[37.334615,37.061745],[37.3357009,37.0619382],[37.3360081,37.0620099],[37.3362847,37.0621014],[37.3366907,37.0622188],[37.3380469,37.0626173],[37.3400474,37.0632051]],[[37.3400474,37.0632051],[37.3414051,37.0635688]],[[37.3414051,37.0635688],[37.3435029,37.0640856],[37.3444001,37.0643049],[37.344773,37.0643841],[37.3453613,37.064464],[37.3460877,37.06452],[37.3462145,37.0645297],[37.3466687,37.0645647],[37.3470931,37.0646089],[37.3478334,37.0646763],[37.348174,37.0647159],[37.3485146,37.0647255],[37.3487882,37.0647169],[37.3491463,37.064687],[37.3496827,37.0646335],[37.3499966,37.0646057],[37.3503909,37.0645789],[37.3508911,37.0645414],[37.3513752,37.0645265],[37.3517605,37.0645275],[37.3521883,37.0645435],[37.3524789,37.0645725],[37.3527327,37.0645981],[37.3535097,37.0647163],[37.3536756,37.0647415],[37.3537758,37.0647512],[37.3538995,37.0647565],[37.3541759,37.0647659],[37.3543767,37.0647708],[37.3546314,37.0647822],[37.3549769,37.0648346],[37.3553663,37.0648935],[37.3559114,37.0649562],[37.356327,37.0650433],[37.3568915,37.0651996],[37.3572994,37.0653468],[37.3580985,37.0656811],[37.3584982,37.0658844],[37.3589328,37.0660499],[37.3593163,37.0661905],[37.3595389,37.0662547],[37.3602456,37.0664066],[37.3606645,37.066492],[37.361421,37.0666567],[37.3615407,37.0666828],[37.3623323,37.0668552],[37.364736,37.0674193],[37.3651152,37.0675142],[37.3652905,37.0675678],[37.3654461,37.0676159],[37.3661666,37.0678352],[37.3665609,37.0679636],[37.3667349,37.068029],[37.3672852,37.0682628],[37.367957,37.0685008],[37.3681605,37.0685677],[37.3682688,37.0686058],[37.3685525,37.0686656],[37.3691158,37.0687395],[37.3691926,37.0687474],[37.3694882,37.068778],[37.3705802,37.0688272],[37.3708685,37.0688207],[37.3714335,37.0687687],[37.3718375,37.0687314],[37.3720468,37.0687075],[37.372325,37.0686805],[37.3727178,37.0686345],[37.3728123,37.0686066],[37.372891,37.0685833],[37.3730058,37.068533],[37.3731051,37.0684784],[37.3732529,37.0683735],[37.3755126,37.0665779],[37.3756229,37.066496],[37.3756942,37.0664655],[37.375753,37.0664404],[37.3758519,37.0664013],[37.3759914,37.0663649],[37.3769643,37.0661293],[37.3774988,37.0660064],[37.377653,37.065985],[37.3777212,37.0659818],[37.377799,37.0659914],[37.3778504,37.0660018],[37.3778835,37.0660128],[37.3779331,37.0660375],[37.3779908,37.0660696],[37.3780299,37.0661037],[37.3780798,37.0661472],[37.3781358,37.0662183],[37.3789422,37.0683029],[37.379611,37.0699601],[37.3797435,37.0702736],[37.3799847,37.0708667]]]}},{"type":"Feature","properties":{"route":"tram","name":"T2: Adliye → Gar","colour":"#08FF08"},"geometry":{"type":"MultiLineString","coordinates":[[[37.3506704,37.0854823],[37.3503561,37.0855053],[37.350194,37.0855031],[37.3500717,37.0854973],[37.3497595,37.0854684],[37.3493638,37.085437],[37.3491694,37.0854294],[37.3490149,37.085441],[37.3489675,37.0854673],[37.3489179,37.0854948],[37.3488356,37.085564],[37.3487693,37.0856615],[37.3485484,37.0863519],[37.3484923,37.0865065],[37.3484036,37.0866704],[37.3482518,37.0868194],[37.3481001,37.0869461],[37.3458152,37.0887445],[37.3453163,37.0891339],[37.3447775,37.0894028],[37.3442994,37.0896068],[37.3436484,37.0898117],[37.3410939,37.0905211],[37.3405372,37.0907162],[37.3396473,37.0911288],[37.3395792,37.0911423],[37.3395122,37.0911409],[37.3394765,37.0911403],[37.3394147,37.0911403],[37.3393334,37.0911331],[37.3392478,37.0910974],[37.338741,37.0906679],[37.338395,37.0903923],[37.3382243,37.0902222],[37.338213,37.0902108],[37.3380233,37.0900211],[37.3377771,37.0897802],[37.3376837,37.0896558],[37.3376128,37.0895277],[37.3372717,37.088777],[37.3368007,37.0877405],[37.3361995,37.0866242],[37.3358643,37.0860013],[37.3357881,37.085866],[37.3354919,37.0853144],[37.3345506,37.0836095],[37.3345097,37.0835404],[37.3335741,37.0818281],[37.3330865,37.0809359],[37.3323172,37.079528],[37.3320014,37.0789498],[37.3319409,37.078839],[37.3316273,37.0782494],[37.330989,37.0771529],[37.3307594,37.0767499],[37.3290299,37.0736723],[37.3288039,37.0732811],[37.3286275,37.0729546],[37.3285515,37.0728075],[37.3283279,37.0723748],[37.327294,37.070551],[37.3272807,37.0704757],[37.3272885,37.0704],[37.3273119,37.070341],[37.3273172,37.0703275],[37.3273654,37.0702619],[37.3273809,37.0702457],[37.3274306,37.0702064],[37.3275096,37.0701639],[37.3275984,37.0701364],[37.3320955,37.0695943],[37.3321783,37.0695836],[37.3331311,37.0694551],[37.3378517,37.0686928],[37.3379847,37.0686572],[37.3381349,37.0686128],[37.3395623,37.0681999],[37.3396195,37.0681727],[37.3396712,37.0681392],[37.3397163,37.0681001],[37.3397462,37.0680664],[37.3397711,37.0680301],[37.3397868,37.0679908],[37.3398604,37.067616],[37.3399332,37.0670261],[37.3399585,37.0668692],[37.340003,37.0665992],[37.3403044,37.064834],[37.3403866,37.064495],[37.3405652,37.0638212]],[[37.3405652,37.0638212],[37.3405987,37.0636843],[37.3406364,37.0636374],[37.3406749,37.0635995],[37.3407201,37.0635667],[37.3407711,37.0635398],[37.3408322,37.0635177],[37.3408692,37.06351],[37.3409258,37.0635052],[37.3410956,37.0635163],[37.3414051,37.0635688]],[[37.3414051,37.0635688],[37.3435029,37.0640856],[37.3444001,37.0643049],[37.344773,37.0643841],[37.3453613,37.064464],[37.3460877,37.06452],[37.3462145,37.0645297],[37.3466687,37.0645647],[37.3470931,37.0646089],[37.3478334,37.0646763],[37.348174,37.0647159],[37.3485146,37.0647255],[37.3487882,37.0647169],[37.3491463,37.064687],[37.3496827,37.0646335],[37.3499966,37.0646057],[37.3503909,37.0645789],[37.3508911,37.0645414],[37.3513752,37.0645265],[37.3517605,37.0645275],[37.3521883,37.0645435],[37.3524789,37.0645725],[37.3527327,37.0645981],[37.3535097,37.0647163],[37.3536756,37.0647415],[37.3537758,37.0647512],[37.3538995,37.0647565],[37.3541759,37.0647659],[37.3543767,37.0647708],[37.3546314,37.0647822],[37.3549769,37.0648346],[37.3553663,37.0648935],[37.3559114,37.0649562],[37.356327,37.0650433],[37.3568915,37.0651996],[37.3572994,37.0653468],[37.3580985,37.0656811],[37.3584982,37.0658844],[37.3589328,37.0660499],[37.3593163,37.0661905],[37.3595389,37.0662547],[37.3602456,37.0664066],[37.3606645,37.066492],[37.361421,37.0666567],[37.3615407,37.0666828],[37.3623323,37.0668552],[37.364736,37.0674193],[37.3651152,37.0675142],[37.3652905,37.0675678],[37.3654461,37.0676159],[37.3661666,37.0678352],[37.3665609,37.0679636],[37.3667349,37.068029],[37.3672852,37.0682628],[37.367957,37.0685008],[37.3681605,37.0685677],[37.3682688,37.0686058],[37.3685525,37.0686656],[37.3691158,37.0687395],[37.3691926,37.0687474],[37.3694882,37.068778],[37.3705802,37.0688272],[37.3708685,37.0688207],[37.3714335,37.0687687],[37.3718375,37.0687314],[37.3720468,37.0687075],[37.372325,37.0686805],[37.3727178,37.0686345],[37.3728123,37.0686066],[37.372891,37.0685833],[37.3730058,37.068533],[37.3731051,37.0684784],[37.3732529,37.0683735],[37.3755126,37.0665779],[37.3756229,37.066496],[37.3756942,37.0664655],[37.375753,37.0664404],[37.3758519,37.0664013],[37.3759914,37.0663649],[37.3769643,37.0661293],[37.3774988,37.0660064],[37.377653,37.065985],[37.3777212,37.0659818],[37.377799,37.0659914],[37.3778504,37.0660018],[37.3778835,37.0660128],[37.3779331,37.0660375],[37.3779908,37.0660696],[37.3780299,37.0661037],[37.3780798,37.0661472],[37.3781358,37.0662183],[37.3789422,37.0683029],[37.379611,37.0699601],[37.3797435,37.0702736],[37.3799847,37.0708667]]]}},{"type":"Feature","properties":{"route":"tram","name":"T2: Gar → Adliye","colour":"#08FF08"},"geometry":{"type":"MultiLineString","coordinates":[[[37.3799511,37.0708768],[37.3797018,37.0702874],[37.3795694,37.0699742],[37.3788992,37.0683137],[37.3780943,37.0662332],[37.3780438,37.0661691],[37.3779967,37.066128],[37.377946,37.0660836],[37.3778628,37.0660449],[37.3777971,37.0660281],[37.3777191,37.0660179],[37.3776582,37.0660208],[37.3775089,37.0660415],[37.3769767,37.0661638],[37.3760057,37.066399],[37.375869,37.0664347],[37.3757647,37.0664762],[37.3756309,37.0665365],[37.3755415,37.0666054],[37.3732835,37.0683998],[37.373133,37.0685067],[37.3729813,37.0685847],[37.3729098,37.0686161],[37.3728631,37.0686333],[37.3727291,37.0686695],[37.372331,37.0687162],[37.3720528,37.0687431],[37.3718433,37.0687671],[37.3714387,37.0688044],[37.3708717,37.0688566],[37.3705804,37.0688632],[37.3694837,37.0688138],[37.3691092,37.068775],[37.3685431,37.0687008],[37.368238,37.0686343],[37.3681318,37.0685972],[37.3679393,37.0685338],[37.3672654,37.0682952],[37.3667147,37.0680611],[37.3665428,37.0679965],[37.3661501,37.0678687],[37.3654299,37.0676494],[37.3652743,37.0676013],[37.3651004,37.0675481],[37.364724,37.067454],[37.3623194,37.0668895],[37.3615231,37.0667161],[37.361403,37.06669],[37.3606532,37.0665266],[37.3602343,37.0664414],[37.3595254,37.066289],[37.3592992,37.0662238],[37.3589137,37.0660824],[37.3584763,37.0659159],[37.3580759,37.0657122],[37.3572796,37.0653791],[37.3568748,37.065233],[37.3563138,37.0650777],[37.3559024,37.0649914],[37.3553589,37.064929],[37.3549685,37.0648699],[37.3546259,37.064818],[37.3543704,37.0648066],[37.3541707,37.0648017],[37.3538973,37.0647924],[37.3537719,37.064787],[37.3536687,37.064777],[37.3530256,37.0646792],[37.3527257,37.0646336],[37.3524733,37.0646081],[37.3521844,37.0645794],[37.3517593,37.0645634],[37.351376,37.0645624],[37.3508941,37.0645773],[37.3503949,37.0646147],[37.350001,37.0646414],[37.349688,37.0646692],[37.3491514,37.0647227],[37.3487915,37.0647528],[37.3485147,37.0647615],[37.3481699,37.0647517],[37.3478275,37.0647119],[37.347088,37.0646414],[37.3466629,37.0646017],[37.3462094,37.0645641],[37.3460831,37.0645537],[37.3456742,37.0645194],[37.3453434,37.0644925],[37.3447634,37.0644193],[37.3443877,37.0643395],[37.3434896,37.0641199],[37.3413897,37.0635954]],[[37.3413897,37.0635954],[37.3410758,37.0635487],[37.3410058,37.0635451],[37.3409062,37.0635468],[37.3408531,37.0635533],[37.3407999,37.0635658],[37.3407421,37.0635893],[37.3406726,37.0636469],[37.3406361,37.0636931],[37.340603,37.0638279]],[[37.340603,37.0638279],[37.3404197,37.0645003],[37.3403378,37.0648383],[37.3401985,37.0656805],[37.3400808,37.0666052],[37.3400354,37.0668843],[37.3400067,37.0670475],[37.3398939,37.0676192],[37.3398198,37.067997],[37.3398023,37.0680408],[37.3397749,37.0680807],[37.3397533,37.0681011],[37.3397216,37.0681354],[37.3396944,37.0681589],[37.3396389,37.0681949],[37.3395768,37.0682244],[37.3381472,37.0686379],[37.3379993,37.0686819],[37.3378611,37.0687188],[37.3331367,37.0694816],[37.3321866,37.0696095],[37.3321051,37.0696199],[37.3307608,37.0697899],[37.3276071,37.0701627],[37.3275254,37.070188],[37.3274517,37.0702276],[37.3274342,37.0702415],[37.3273941,37.0702762],[37.3273483,37.0703385],[37.3273309,37.0703826],[37.3273219,37.0704053],[37.3273147,37.0704749],[37.3273268,37.0705435],[37.3283491,37.0723633],[37.3285854,37.0728023],[37.3286594,37.0729457],[37.3288287,37.0732732],[37.3290518,37.0736643],[37.3292972,37.0740823],[37.3307917,37.076738],[37.3310264,37.0771353],[37.3316537,37.0782416],[37.3319683,37.0788289],[37.3320289,37.0789402],[37.332345,37.0795206],[37.3332474,37.0811591],[37.3336088,37.0818153],[37.334551,37.083526],[37.3345916,37.0835946],[37.3355333,37.0853002],[37.3358294,37.0858517],[37.3359053,37.0859864],[37.3362405,37.0866094],[37.3368426,37.0877273],[37.3373143,37.0887654],[37.3376543,37.0895136],[37.3377203,37.0896349],[37.3378063,37.0897423],[37.3380535,37.0900009],[37.3382428,37.0901916],[37.3384216,37.0903717],[37.3387561,37.0906475],[37.3392749,37.0910682],[37.3393504,37.0910996],[37.3394154,37.0911076],[37.3394982,37.0911108],[37.3395648,37.0911082],[37.339629,37.0910958],[37.3405323,37.0906802],[37.3410869,37.0904976],[37.3436262,37.0897867],[37.3442837,37.0895722],[37.3447394,37.0893505],[37.3450827,37.0891994],[37.3452947,37.0890931],[37.3457841,37.0887185],[37.3480813,37.0869235],[37.3482248,37.086806],[37.3483647,37.0866516],[37.3484769,37.0864648],[37.3487679,37.0855893],[37.3487995,37.0855422],[37.3488884,37.0854674],[37.3489219,37.0854488],[37.3489418,37.0854378],[37.3489989,37.0854061],[37.349169,37.0853933],[37.3493681,37.0854012],[37.3497638,37.0854327],[37.3500749,37.0854615],[37.3501957,37.0854671],[37.3503544,37.0854694],[37.3506662,37.0854465]]]}},{"type":"Feature","properties":{"route":"tram","name":"T3: İldem 5 > Kumsmall AVM","colour":null},"geometry":{"type":"MultiLineString","coordinates":[[[35.6259195,38.7870601],[35.6254532,38.7870134],[35.6243947,38.7869282],[35.6240563,38.7869059],[35.6231217,38.7868444],[35.6230116,38.7868371],[35.6225148,38.7867979],[35.6221469,38.7867611],[35.6217801,38.786718],[35.618521,38.7861773],[35.6176749,38.7860466],[35.6175679,38.7860304],[35.611905,38.7851795],[35.6112548,38.7850843],[35.6111325,38.7850667],[35.6058037,38.7842883],[35.6010334,38.7835883],[35.6009524,38.7835632],[35.6008758,38.783533],[35.6008031,38.7834976],[35.6007461,38.7834645],[35.6007166,38.7834431],[35.6006937,38.7834264],[35.600647,38.783384],[35.6006067,38.7833377],[35.6005698,38.7832823],[35.6005449,38.7832298],[35.6005421,38.7832238],[35.6005238,38.783163],[35.6005151,38.7830983],[35.6006039,38.7827467],[35.6007647,38.782393],[35.6011784,38.7814827],[35.6012005,38.7814215],[35.601216,38.7813592],[35.601225,38.7812961],[35.6012275,38.7812428],[35.6012228,38.7811899],[35.6012111,38.7811379],[35.6011871,38.7810749],[35.6011549,38.7810139],[35.601115,38.7809558],[35.6010678,38.780901],[35.6010138,38.7808503],[35.6009486,38.7808007],[35.600877,38.7807569],[35.6008581,38.7807477],[35.6007997,38.7807194],[35.6007176,38.7806887],[35.6006318,38.7806651],[35.6005543,38.7806509],[35.596058,38.7802939],[35.5893592,38.7798058],[35.5887725,38.779772],[35.588365,38.7797377],[35.5879714,38.7797172],[35.5874714,38.7796695],[35.5872684,38.7796499],[35.5870664,38.7796246],[35.5869049,38.7795999],[35.5867444,38.7795715],[35.5864234,38.7795148],[35.5858557,38.7794009],[35.5830364,38.7788351],[35.5828903,38.7788061],[35.5808238,38.778352],[35.5788134,38.7778909],[35.5786865,38.7778633],[35.5784137,38.7778005],[35.5749518,38.7770033],[35.574498,38.7768934],[35.5741793,38.7768152],[35.5740482,38.7767655],[35.5739557,38.776725],[35.5738406,38.7766654],[35.5737681,38.7766227],[35.573703,38.7765764],[35.5736689,38.7765468],[35.5736325,38.7765151],[35.5735662,38.776451],[35.5735107,38.7763916],[35.5734589,38.7763302],[35.5731337,38.7758451],[35.5721185,38.7743259],[35.5718301,38.7739061],[35.5715465,38.7735067],[35.5713705,38.7732966],[35.5710664,38.7729358],[35.5707157,38.7725364],[35.5705784,38.7723913],[35.5704381,38.7722478],[35.5701973,38.7720126],[35.5700641,38.7718881],[35.5699284,38.7717653],[35.5696716,38.7715321],[35.5693947,38.7712953],[35.5680484,38.770223],[35.5674804,38.7697804],[35.5662753,38.7688423],[35.5658307,38.7684664],[35.5657397,38.7683781],[35.5656545,38.7682863],[35.5655752,38.7681914],[35.5654957,38.7680845],[35.565396,38.7679441],[35.5652607,38.7677313],[35.5651826,38.7675282],[35.5651182,38.7673766],[35.5650884,38.7672728],[35.5650584,38.7671702],[35.5650327,38.7670668],[35.5650055,38.7669299],[35.5649858,38.7667923],[35.5649764,38.7666574],[35.5649706,38.7665215],[35.5649684,38.7663856],[35.5651018,38.7648098],[35.5651117,38.7646341],[35.5651119,38.7644584],[35.5651072,38.7643502],[35.5650988,38.7642421],[35.5650736,38.7640265],[35.5650503,38.7638846],[35.5650208,38.7637433],[35.5649851,38.763603],[35.564934,38.7634352],[35.5648741,38.7632692],[35.5648054,38.7631052],[35.564728,38.7629449],[35.564645,38.7627863],[35.5645566,38.7626294],[35.5644697,38.7624854],[35.5643736,38.762345],[35.5643677,38.7623372],[35.5643017,38.7622507],[35.564288,38.7622327],[35.5641966,38.7621233],[35.5641132,38.7620219],[35.5640249,38.761923],[35.5639263,38.7618216],[35.5638224,38.7617233],[35.5633369,38.7613003],[35.5628711,38.7608725],[35.5611224,38.7593782],[35.5600955,38.7585007],[35.5541506,38.7533867],[35.5501075,38.7498727],[35.5492768,38.749153],[35.5488641,38.7487767],[35.5432958,38.7438211],[35.5429723,38.7435664],[35.5426757,38.7433029],[35.5418182,38.7425412],[35.5412965,38.7420674],[35.5369746,38.7382345],[35.5340217,38.7356332],[35.5337875,38.735444],[35.5335456,38.7352608],[35.533367,38.7351328],[35.5331833,38.7350094],[35.5329947,38.7348905],[35.5328013,38.7347764],[35.5326178,38.7346749],[35.5324295,38.734579],[35.5322367,38.7344887],[35.5321067,38.7344322],[35.531975,38.7343783],[35.5317083,38.7342753],[35.5314214,38.7341749],[35.5312629,38.734125],[35.5311298,38.7340831],[35.5308339,38.7340002],[35.5304445,38.7338967],[35.5297984,38.7337249],[35.5296087,38.7336744],[35.5281084,38.7332494],[35.5272995,38.7330202],[35.5252898,38.7324508],[35.5244809,38.7322347],[35.5242016,38.732155],[35.5235656,38.7319736],[35.5233352,38.7319079]],[[35.5233352,38.7319079],[35.5192365,38.7307023],[35.518218,38.7304158],[35.5175363,38.7302189],[35.512374,38.7287444],[35.5072083,38.7272698]],[[35.5072083,38.7272698],[35.5067962,38.7271502],[35.5063983,38.7270352]],[[35.5063983,38.7270352],[35.5029332,38.726027],[35.5024977,38.7258968],[35.4996841,38.7251153],[35.499146,38.7249763],[35.4984687,38.7248023]],[[35.4984687,38.7248023],[35.4982045,38.7247303],[35.4975326,38.7245542]],[[35.4975326,38.7245542],[35.4930268,38.723299],[35.4904312,38.7225473],[35.4893282,38.7222871],[35.4888534,38.7221576],[35.488734,38.7221244],[35.4886119,38.7220891],[35.4884458,38.7220514],[35.4882766,38.722023],[35.488134,38.7220065],[35.4879903,38.7219968],[35.4878461,38.7219937],[35.4872983,38.7219855]],[[35.4872983,38.7219855],[35.486725,38.7219769],[35.486664,38.7219709],[35.4866039,38.7219608],[35.4865453,38.7219466],[35.4864848,38.7219271],[35.486427,38.7219033],[35.4863723,38.7218754],[35.4859981,38.7217049],[35.48524,38.7214747],[35.4845635,38.721285],[35.4839294,38.7210939],[35.4836082,38.7209819],[35.4833064,38.7208685],[35.4829147,38.7207255],[35.4826467,38.7206533],[35.482574,38.7206309],[35.4824992,38.7206134],[35.4824227,38.720601],[35.482373,38.7205968],[35.4823238,38.7205927],[35.4822244,38.7205896],[35.482125,38.7205916],[35.4820114,38.7206002],[35.481899,38.7206156],[35.4817884,38.7206376],[35.4810404,38.7208581],[35.4785022,38.7215941],[35.4783317,38.7216431],[35.471923,38.7233515],[35.4714435,38.723471],[35.4713013,38.7235],[35.4706601,38.7236308],[35.4687077,38.7240322],[35.4660794,38.7245725],[35.4644848,38.7249417],[35.459532,38.7258923],[35.4539954,38.7270179],[35.4537445,38.7270828],[35.4534472,38.7271684],[35.4531221,38.7272865],[35.452323,38.7275996],[35.450863,38.7282651],[35.4466219,38.7302047],[35.4465614,38.7302234],[35.4464978,38.7302339],[35.4464328,38.7302361],[35.4463983,38.7302338],[35.4463641,38.730229],[35.4463136,38.7302196],[35.4462967,38.7302165],[35.4462727,38.7302099],[35.4462313,38.7301985],[35.4461686,38.7301754],[35.4460945,38.7301392],[35.446027,38.7300957],[35.4459675,38.7300457],[35.4456912,38.7296854],[35.4453666,38.7292621],[35.4453238,38.7292114],[35.4452745,38.7291645],[35.4452191,38.7291219],[35.4451619,38.7290859],[35.4451,38.7290551],[35.4450341,38.7290298],[35.4449904,38.7290167],[35.4449457,38.7290061],[35.4448552,38.7289879],[35.4447632,38.7289754],[35.4446655,38.7289685],[35.4445675,38.7289679],[35.4444697,38.7289737],[35.4443589,38.7289895],[35.4424451,38.7292223],[35.4422664,38.7292625],[35.4420543,38.7293557],[35.4412736,38.7296825],[35.4408927,38.7298469],[35.4393144,38.7304396],[35.4382743,38.7309484],[35.4369246,38.731596],[35.4363367,38.7318647],[35.436046,38.7319884],[35.4325477,38.7332164],[35.4322788,38.7333108],[35.432152,38.7333467],[35.4320221,38.7333752],[35.4318899,38.733396],[35.4317727,38.733408],[35.4317054,38.7334114],[35.4316547,38.7334139],[35.4315365,38.7334138],[35.4308344,38.7333787],[35.4306675,38.7333704],[35.4305352,38.7333646],[35.4304033,38.7333552],[35.430253,38.7333401],[35.4301035,38.7333202],[35.4294113,38.7331854],[35.4289006,38.7330859],[35.4286558,38.7330398],[35.4284089,38.7330015],[35.4281603,38.7329708],[35.4279479,38.7329508],[35.4277348,38.7329365],[35.4275212,38.7329278],[35.4273073,38.7329248],[35.4265147,38.7329059],[35.4263438,38.7329147],[35.4261737,38.7329311],[35.4260051,38.7329551],[35.4259101,38.7329721],[35.4258159,38.7329915],[35.4256293,38.7330355],[35.4254459,38.7330869],[35.4252941,38.7331359],[35.4251452,38.7331899],[35.4242752,38.7335562],[35.4202006,38.7352455],[35.4178556,38.7362119],[35.4167056,38.7366752],[35.4148077,38.7375416],[35.4123016,38.7386856],[35.4118272,38.7388969],[35.4114166,38.7391271],[35.4110434,38.7393531],[35.4104628,38.7397136],[35.4103294,38.7397981],[35.4102029,38.7398782],[35.4100945,38.739938],[35.4099802,38.7399907],[35.4098609,38.7400362],[35.4097565,38.7400687],[35.4096495,38.7400956],[35.4095404,38.7401167],[35.4083622,38.7401947],[35.4066743,38.7403065],[35.4054075,38.7403903],[35.4052076,38.7404058],[35.4050155,38.7404253],[35.4048603,38.7404444],[35.404707,38.7404713],[35.4045965,38.740496],[35.4044882,38.740526],[35.4043825,38.7405613],[35.4042714,38.7406054],[35.4041711,38.7406482],[35.4037031,38.7409221],[35.4019372,38.741962]],[[35.4019372,38.741962],[35.4015951,38.7422508],[35.4014708,38.7423635],[35.4014054,38.7424261],[35.4013151,38.7425387],[35.401269,38.7426186],[35.4012593,38.7426511],[35.401246,38.7427242],[35.401263,38.7428078],[35.4012967,38.7429029],[35.4013554,38.7430125],[35.401493,38.7432769],[35.4016768,38.7436334],[35.4019262,38.7440758],[35.4037091,38.7473633],[35.4040015,38.7479002],[35.4043488,38.7484836],[35.4044941,38.7487515],[35.404787,38.7493236],[35.4054774,38.7504162]],[[35.4054774,38.7504162],[35.4058498,38.7509911]],[[35.4058498,38.7509911],[35.4085341,38.7548426],[35.4116667,38.7593198],[35.4119242,38.7597231],[35.4120794,38.7599798],[35.4122954,38.7603372],[35.412384,38.7604952],[35.4125363,38.7608188],[35.4126803,38.7612375],[35.4127632,38.761592],[35.4128299,38.7620321],[35.4128375,38.7624474],[35.4128224,38.762897],[35.4128172,38.7641773],[35.4127936,38.764871],[35.4127637,38.7657511]],[[35.4127637,38.7657511],[35.412761,38.7658319]],[[35.412761,38.7658319],[35.4126509,38.768229],[35.4126452,38.7684129],[35.4126104,38.7695901],[35.4125934,38.7702222],[35.412547,38.7709791],[35.4124745,38.771869],[35.4123668,38.7743597],[35.412217,38.7786169],[35.4122187,38.7788262],[35.4122371,38.7789067],[35.4122674,38.7789595],[35.4122896,38.7790038],[35.4123128,38.7790186],[35.412358,38.7790542],[35.4124163,38.7790922],[35.4124724,38.7791159],[35.4125345,38.7791435],[35.4125477,38.7791464],[35.4126683,38.7791725],[35.4129698,38.7792159],[35.4133051,38.7792171],[35.4155593,38.7791984],[35.4158129,38.7791909],[35.416056,38.7791699],[35.4162588,38.7791314],[35.4164534,38.7790715],[35.4166414,38.7789901],[35.4168341,38.7788808],[35.4170212,38.7787537],[35.4193716,38.7768695],[35.4199855,38.7763776],[35.4209242,38.7756755],[35.4219609,38.7749623],[35.4236927,38.7738878],[35.4246194,38.773331],[35.424832,38.7732006],[35.4250351,38.7731299],[35.4252333,38.7731075],[35.4253006,38.7731252],[35.4254173,38.7731559],[35.4255534,38.7732267],[35.425904,38.7734703],[35.429964,38.7761273],[35.4300848,38.7762052],[35.4312679,38.7769678],[35.4317856,38.7773015],[35.4324529,38.7777316],[35.433946,38.7786939]]]}},{"type":"Feature","properties":{"route":"tram","name":"T3:  Kumsmall AVM > İldem 5","colour":null},"geometry":{"type":"MultiLineString","coordinates":[[[35.523346,38.7318639],[35.52354,38.7319191],[35.5235688,38.7319273],[35.5242421,38.7321181],[35.5242751,38.7321272],[35.5244982,38.7321892],[35.5253004,38.7324118],[35.5273204,38.7329816],[35.5281315,38.7332104],[35.5296429,38.7336367],[35.5298342,38.7336872],[35.5301714,38.7337763],[35.5304645,38.7338568],[35.531078,38.7340253],[35.5312836,38.734087],[35.531354,38.7341081],[35.5316255,38.7341995],[35.531892,38.7342994],[35.5321572,38.7344092],[35.5322878,38.734467],[35.5324164,38.7345274],[35.5326277,38.734635],[35.5328325,38.7347498],[35.5330306,38.7348716],[35.5332612,38.7350197],[35.5334875,38.7351717],[35.5335997,38.7352486],[35.5337092,38.7353277],[35.5338918,38.7354696],[35.5340658,38.7356179],[35.5342309,38.7357723],[35.5370135,38.7382145],[35.5413412,38.7420419],[35.5418624,38.7425072],[35.5423689,38.7429278],[35.5427465,38.7432576],[35.5430755,38.7435436],[35.5433256,38.743806],[35.548897,38.7487621],[35.5493168,38.7491318],[35.5501344,38.7498482],[35.5541833,38.7533727],[35.5554472,38.7544472],[35.5601305,38.7584811],[35.5611497,38.7593528],[35.5628986,38.7608487],[35.5637151,38.7615722],[35.5638623,38.7617067],[35.5640034,38.7618451],[35.5641359,38.7619846],[35.5642623,38.7621275],[35.5643467,38.7622347],[35.5643759,38.7622717],[35.5644173,38.762331],[35.5644797,38.7624203],[35.5645734,38.762573],[35.5646832,38.7627671],[35.5647843,38.7629641],[35.5648322,38.7630635],[35.5648765,38.7631638],[35.5649356,38.7633143],[35.5649866,38.7634666],[35.5650296,38.7636204],[35.5650643,38.7637755],[35.5651011,38.7639759],[35.5651293,38.7641771],[35.5651487,38.7643789],[35.5651572,38.7645514],[35.5651583,38.7647241],[35.5651519,38.7648967],[35.565138,38.7650691],[35.5650032,38.7663646],[35.5650244,38.7667912],[35.5650431,38.7669231],[35.5650703,38.7670574],[35.5651068,38.7671977],[35.5651514,38.7673366],[35.5652245,38.7675212],[35.565309,38.7677161],[35.565441,38.767924],[35.5655236,38.7680374],[35.5655914,38.768131],[35.5656644,38.7682222],[35.5657551,38.7683244],[35.5658524,38.7684228],[35.5659561,38.7685171],[35.5663879,38.7688758],[35.5675104,38.7697589],[35.5680993,38.7702125],[35.5694523,38.7712835],[35.5697092,38.7715102],[35.5699597,38.7717319],[35.5702027,38.7719587],[35.5704381,38.7721903],[35.5706584,38.772419],[35.5708712,38.772652],[35.5710485,38.7728451],[35.5712199,38.7730414],[35.5714193,38.773278],[35.5717624,38.7737367],[35.5722358,38.7744174],[35.5731424,38.7757954],[35.5734656,38.7762607],[35.5735279,38.7763355],[35.573597,38.7764066],[35.5736728,38.7764734],[35.5737284,38.7765161],[35.5737429,38.7765273],[35.5738172,38.7765775],[35.5738954,38.776624],[35.5740059,38.776682],[35.574165,38.7767531],[35.5742989,38.7768033],[35.5744365,38.776847],[35.5745774,38.7768838],[35.5749621,38.7769748],[35.5784276,38.7777599],[35.5786857,38.7778184],[35.5788057,38.7778454],[35.5808407,38.7783233],[35.5829002,38.7787755],[35.5830462,38.7788061],[35.5858641,38.7793733],[35.5863511,38.7794713],[35.5866454,38.779525],[35.5869417,38.7795712],[35.5872741,38.7796141],[35.5876082,38.7796476],[35.5879886,38.7796786],[35.5883698,38.7797021],[35.5887775,38.7797377],[35.5893598,38.7797766],[35.5960625,38.7802646],[35.6005499,38.7806193],[35.6006426,38.7806363],[35.6007324,38.780661],[35.6008182,38.7806931],[35.600899,38.7807323],[35.6009323,38.7807527],[35.6009739,38.7807781],[35.6010421,38.78083],[35.6010986,38.7808831],[35.6011479,38.7809403],[35.6011897,38.7810011],[35.6012233,38.781065],[35.6012486,38.7811311],[35.601261,38.7811863],[35.6012659,38.7812423],[35.6012633,38.7812983],[35.601254,38.7813638],[35.6012379,38.7814284],[35.6012151,38.7814917],[35.6008032,38.7823979],[35.6006411,38.7827546],[35.6005539,38.7830996],[35.6005618,38.783158],[35.6005789,38.7832152],[35.600581,38.7832195],[35.6005946,38.7832482],[35.600605,38.7832702],[35.6006397,38.7833223],[35.6006776,38.7833658],[35.6007171,38.7834017],[35.6007215,38.7834056],[35.6007707,38.7834415],[35.6008248,38.7834728],[35.6008947,38.7835068],[35.6009682,38.7835358],[35.6010447,38.7835596],[35.6058117,38.784259],[35.6111404,38.7850373],[35.6112632,38.785055],[35.6119162,38.7851507],[35.6175833,38.7860022],[35.6176916,38.7860186],[35.6185293,38.786148],[35.6217863,38.7866885],[35.6221522,38.7867314],[35.6225193,38.7867682],[35.6230242,38.7868079],[35.6231338,38.7868152],[35.6240601,38.7868761],[35.6243997,38.7868985],[35.6248959,38.7868971],[35.6254694,38.7869493],[35.6259354,38.7869902]],[[35.5072284,38.7272277],[35.5123914,38.7287137],[35.5175561,38.730181],[35.5182356,38.7303735],[35.5192499,38.7306719],[35.523346,38.7318639]],[[35.5064116,38.7269908],[35.5068162,38.7271081],[35.5072284,38.7272277]],[[35.4984704,38.7247496],[35.4991723,38.7249405],[35.4997216,38.7250907],[35.5025307,38.7258683],[35.5064116,38.7269908]],[[35.4975479,38.7245171],[35.4982224,38.7246839],[35.4984704,38.7247496]],[[35.4872933,38.7219412],[35.4877348,38.7219487],[35.4878801,38.72195],[35.4880251,38.7219577],[35.4881693,38.7219717],[35.488343,38.7219971],[35.488514,38.7220317],[35.4886816,38.7220753],[35.4887827,38.7221029],[35.4888592,38.7221238],[35.4893515,38.7222559],[35.4905753,38.7225597],[35.4930428,38.7232728],[35.4975479,38.7245171]],[[35.4019146,38.7419424],[35.4036757,38.7408964],[35.404143,38.740613],[35.4042338,38.7405725],[35.4043275,38.7405362],[35.4044649,38.740492],[35.4046065,38.7404567],[35.4047334,38.7404281],[35.4048613,38.7404023],[35.405014,38.7403797],[35.4051684,38.7403657],[35.4054027,38.7403509],[35.4066696,38.7402708],[35.408359,38.7401641],[35.409307,38.7401042],[35.4094291,38.7400946],[35.4095498,38.7400777],[35.4096685,38.7400537],[35.4097845,38.7400226],[35.4098964,38.7399848],[35.4100043,38.7399405],[35.4101076,38.7398899],[35.4102056,38.7398332],[35.4103029,38.7397697],[35.4104327,38.739685],[35.411012,38.7393177],[35.4112628,38.7391642],[35.4117758,38.7388723],[35.4122708,38.7386471],[35.4147766,38.7375048],[35.4166521,38.7366498],[35.4178282,38.736169],[35.4201804,38.7352134],[35.4242425,38.7335069],[35.4250798,38.7331671],[35.4254191,38.7330524],[35.4255481,38.7330144],[35.4256792,38.7329809],[35.425812,38.732952],[35.426,38.7329192],[35.4261902,38.7328955],[35.4263361,38.7328831],[35.4264826,38.7328756],[35.4272706,38.7328822],[35.4275153,38.7328873],[35.4277597,38.7328994],[35.4280034,38.7329185],[35.4282091,38.73294],[35.4284139,38.7329666],[35.4286176,38.732998],[35.428851,38.7330384],[35.4294248,38.7331522],[35.429897,38.7332459],[35.4300684,38.7332782],[35.4302417,38.7333035],[35.430381,38.7333185],[35.430521,38.733329],[35.4308364,38.7333482],[35.4311696,38.7333655],[35.4314245,38.7333683],[35.4316936,38.7333626],[35.4318032,38.7333602],[35.4319288,38.7333495],[35.4320456,38.7333323],[35.4321605,38.7333083],[35.4322727,38.7332775],[35.4323817,38.7332403],[35.4324867,38.7331968],[35.4325252,38.7331834],[35.4358193,38.7320376],[35.4361916,38.7318858],[35.4363155,38.7318317],[35.4368683,38.7315823],[35.4382492,38.7309195],[35.4392842,38.730405],[35.4408883,38.7298082],[35.441249,38.7296588],[35.4420118,38.7293234],[35.4422454,38.7292176],[35.4424787,38.7291702],[35.4445982,38.7289346],[35.4446971,38.7289318],[35.4447959,38.7289374],[35.4448932,38.7289513],[35.4449885,38.7289735],[35.44508,38.7290036],[35.4451243,38.7290212],[35.4451668,38.7290413],[35.4452252,38.7290746],[35.4452788,38.7291125],[35.445327,38.7291546],[35.4453693,38.7292003],[35.4454843,38.7293311],[35.4455933,38.729465],[35.4457437,38.7296613],[35.4460198,38.7300216],[35.4460736,38.730064],[35.4461328,38.7301018],[35.4461968,38.7301346],[35.4462669,38.7301627],[35.4462764,38.7301656],[35.4463405,38.7301848],[35.4463708,38.7301926],[35.446378,38.7301945],[35.4464167,38.7302005],[35.4464645,38.7302029],[35.4465123,38.7301997],[35.4465589,38.7301911],[35.4508974,38.7282148],[35.4521406,38.7276383],[35.4523317,38.7275503],[35.4525258,38.7274662],[35.4527226,38.7273862],[35.4529099,38.7273148],[35.453098,38.7272475],[35.4533967,38.7271478],[35.4536976,38.7270556],[35.4539838,38.7269927],[35.4595207,38.725857],[35.4643879,38.7249053],[35.4660677,38.7245322],[35.468692,38.7239899],[35.4712859,38.7234538],[35.4714195,38.7234241],[35.471923,38.7233082],[35.4783162,38.7216084],[35.47849,38.7215585],[35.4810194,38.7208134],[35.4817696,38.7205895],[35.4818836,38.7205583],[35.4820008,38.7205356],[35.4821203,38.7205215],[35.4822302,38.7205163],[35.4822853,38.7205156],[35.4823402,38.7205183],[35.4824114,38.7205275],[35.4824201,38.7205286],[35.4824978,38.7205461],[35.4826039,38.7205706],[35.4827084,38.7205989],[35.4828416,38.7206413],[35.4829291,38.7206741],[35.4830973,38.7207444],[35.4832722,38.7208232],[35.4836227,38.7209588],[35.4839744,38.7210677],[35.4848789,38.7213323],[35.4852522,38.721439],[35.4860183,38.7216806],[35.4864272,38.721866],[35.4864818,38.7218895],[35.4865393,38.7219084],[35.4865989,38.7219225],[35.4866697,38.7219327],[35.4867416,38.7219362],[35.4868135,38.721933],[35.4872933,38.7219412]],[[35.4053856,38.7504505],[35.4047266,38.7493509],[35.4045785,38.7490824],[35.404252,38.7485165],[35.403928,38.7479229],[35.4036455,38.7473815],[35.4018631,38.7441023],[35.401586,38.7436563],[35.4013917,38.7432922],[35.4012499,38.7430274],[35.4011883,38.742885],[35.4011669,38.7427782],[35.4011708,38.7426974],[35.401182,38.7426471],[35.401214,38.7425998],[35.4012626,38.7425205],[35.4013847,38.7423868],[35.4014753,38.742305],[35.4017104,38.7421062],[35.4019146,38.7419424]],[[35.4057697,38.7510175],[35.4053856,38.7504505]],[[35.4126322,38.7657506],[35.4126745,38.7648557],[35.4127991,38.7628766],[35.4128072,38.7624282],[35.4127993,38.7621984],[35.4127901,38.762027],[35.4127649,38.7618243],[35.4127317,38.7616472],[35.412694,38.7614472],[35.4126491,38.761257],[35.4125767,38.7610456],[35.4124983,38.7608229],[35.4123485,38.7605096],[35.4120418,38.7600007],[35.4118761,38.7597257],[35.4116426,38.7593673],[35.4094811,38.7562722],[35.4088873,38.7554321],[35.4086535,38.7550913],[35.4084993,38.7548694],[35.4083406,38.7546411],[35.4057697,38.7510175]],[[35.4126287,38.7658314],[35.4126322,38.7657506]],[[35.4338839,38.7787872],[35.4323819,38.7778046],[35.4316916,38.777353],[35.4311511,38.7770041],[35.4298432,38.7761437],[35.4258563,38.7734855],[35.4255174,38.7732474],[35.4253756,38.7731802],[35.4252353,38.7731586],[35.425205,38.7731539],[35.4251036,38.7731657],[35.4248857,38.7732263],[35.4246637,38.7733506],[35.4238059,38.7738711],[35.4228003,38.7744867],[35.4216839,38.7752065],[35.4208119,38.775811],[35.4199902,38.7764137],[35.4193955,38.7768945],[35.4170491,38.7787915],[35.4168602,38.7789089],[35.4166315,38.7790329],[35.4164582,38.7791026],[35.4162566,38.7791569],[35.4160398,38.779194],[35.4158032,38.7792156],[35.4133033,38.7792401],[35.4129637,38.7792389],[35.4126546,38.779195],[35.4125179,38.7791608],[35.412494,38.7791504],[35.4124078,38.7791127],[35.4123417,38.7790779],[35.4123017,38.7790508],[35.4122499,38.7789966],[35.4122119,38.7789373],[35.4121851,38.7788774],[35.4121823,38.7788221],[35.4123263,38.7743531],[35.4124305,38.7718658],[35.412463,38.7702204],[35.4124658,38.7700791],[35.4124859,38.7695614],[35.4125113,38.7689073],[35.4125615,38.7675921],[35.4126287,38.7658314]]]}},{"type":"Feature","properties":{"route":"tram","name":"T4 İzzet Bayraktar Camii - Cumhuriyet Meydanı Tramvay Hattı","colour":"#dce3e9"},"geometry":{"type":"MultiLineString","coordinates":[[[35.5663543,38.7024924],[35.5661541,38.7028517],[35.5660243,38.7030642],[35.5658721,38.7033317],[35.5658227,38.7034266],[35.5657832,38.7035243],[35.5657541,38.7036242],[35.5656931,38.7038328],[35.5656152,38.7040423],[35.5654877,38.7044876],[35.5654719,38.7045662],[35.5654363,38.7047815],[35.5654069,38.7049974],[35.5653807,38.705258],[35.5653647,38.7055191],[35.5653549,38.7056634],[35.5653573,38.7058079],[35.5653647,38.7058965],[35.5653767,38.7059848],[35.5653965,38.706088],[35.5654223,38.7061904],[35.5655227,38.7066357],[35.5655794,38.7068872],[35.5655958,38.7069682],[35.5656094,38.7070499],[35.5656115,38.7071907],[35.5655775,38.7073921],[35.5655453,38.7074953],[35.565501,38.7075746],[35.5654406,38.7076482],[35.5653498,38.7077186],[35.5650397,38.7078827],[35.5644297,38.7080953],[35.5641077,38.708195],[35.5637797,38.7082947],[35.5633923,38.7083974],[35.5629394,38.7084819],[35.5625701,38.7085444],[35.5620895,38.7085784],[35.5616128,38.7086119],[35.5610891,38.7085901],[35.5602927,38.7085232],[35.5574786,38.7084403],[35.5572961,38.7084673],[35.5571527,38.7085303],[35.5571291,38.7085467],[35.5570734,38.7085853],[35.5570276,38.7086482],[35.5569922,38.7087579],[35.5569613,38.7089203],[35.5569141,38.709186],[35.5568701,38.7094693],[35.5568499,38.7096077],[35.5566307,38.7107522],[35.5565611,38.7112359],[35.5565489,38.7113206],[35.5565033,38.711637],[35.5564195,38.7121456],[35.5563524,38.7126222],[35.5562881,38.7134406],[35.5562604,38.7139915],[35.5561537,38.7153963],[35.5560949,38.715833],[35.5560805,38.7159118],[35.5560624,38.7159902],[35.5560422,38.7160631],[35.5560188,38.7161354],[35.5559763,38.7162583],[35.5557856,38.7166762],[35.555746,38.7167831],[35.555606,38.7171471],[35.5555729,38.7172346],[35.5555347,38.7173562],[35.5554747,38.7176095],[35.5552654,38.7186216],[35.5551047,38.719247],[35.5550649,38.7193266],[35.5550347,38.7193575],[35.5549792,38.7194143],[35.5549163,38.7194469],[35.55486,38.7194761],[35.5546668,38.7195141],[35.5503832,38.7197779],[35.5483949,38.7200014],[35.5483118,38.7200107],[35.5475244,38.7200858],[35.54639,38.7201941],[35.5403563,38.7208179],[35.5394958,38.7209314],[35.5387072,38.7210167],[35.5379586,38.7210976],[35.5375316,38.7211204],[35.5311275,38.7218107],[35.530824,38.7218399],[35.5305491,38.7218546],[35.530273,38.7218436],[35.5298399,38.7218234],[35.529349,38.7217948],[35.5284273,38.7217426]],[[35.5284273,38.7217426],[35.5282652,38.721755],[35.5281369,38.7217795],[35.5280395,38.7218206],[35.5279377,38.7218981],[35.5279133,38.7219167],[35.5277947,38.72204],[35.5276877,38.7222448]],[[35.5276877,38.7222448],[35.5270667,38.7243165],[35.5267958,38.7250917],[35.5262339,38.7265502],[35.5259739,38.7271481],[35.5256646,38.7278235],[35.5255978,38.7279757],[35.5252643,38.7287526],[35.5251941,38.7289267],[35.5248211,38.7298519],[35.5247858,38.7299406],[35.5243405,38.7310615],[35.5240963,38.7316292],[35.5240544,38.7317028],[35.5240281,38.7317416],[35.5239965,38.7317781],[35.5239421,38.7318209],[35.5238826,38.7318552],[35.5238232,38.7318798],[35.5237331,38.7319016],[35.5236173,38.7319177],[35.5235698,38.7319186],[35.52354,38.7319191],[35.5233352,38.7319079]],[[35.5233352,38.7319079],[35.5192365,38.7307023],[35.518218,38.7304158],[35.5175363,38.7302189],[35.512374,38.7287444],[35.5072083,38.7272698]],[[35.5072083,38.7272698],[35.5067962,38.7271502],[35.5063983,38.7270352]],[[35.5063983,38.7270352],[35.5029332,38.726027],[35.5024977,38.7258968],[35.4996841,38.7251153],[35.499146,38.7249763],[35.4984687,38.7248023]],[[35.4984687,38.7248023],[35.4982045,38.7247303],[35.4975326,38.7245542]],[[35.4975326,38.7245542],[35.4930268,38.723299],[35.4904312,38.7225473],[35.4893282,38.7222871],[35.4888534,38.7221576],[35.488734,38.7221244],[35.4886119,38.7220891],[35.4884458,38.7220514],[35.4882766,38.722023],[35.488134,38.7220065],[35.4879903,38.7219968],[35.4878461,38.7219937],[35.4872983,38.7219855]]]}},{"type":"Feature","properties":{"route":"tram","name":"SSK - Otogar","colour":null},"geometry":{"type":"MultiLineString","coordinates":[[[30.4971463,39.787087],[30.4963618,39.7874446]],[[30.4963618,39.7874446],[30.4960292,39.7875868],[30.4958213,39.7876713],[30.4930465,39.7888058],[30.492203,39.7891666],[30.4916464,39.7894047],[30.4914547,39.7894799],[30.4912897,39.7895366],[30.4910966,39.7895912],[30.4909343,39.7896324],[30.4907694,39.7896664],[30.4905387,39.7896973],[30.4901671,39.7897252],[30.4897693,39.7897571],[30.4897394,39.7897595],[30.4892983,39.7897942]],[[30.4892983,39.7897942],[30.4856772,39.7900605]],[[30.4856772,39.7900605],[30.4855572,39.7900492],[30.4854721,39.7900256],[30.4854123,39.7900111],[30.4853466,39.7899709],[30.4852903,39.7899297],[30.4852062,39.7897823],[30.4851858,39.78975]],[[30.4851858,39.78975],[30.4850915,39.7895544],[30.4849899,39.7893567],[30.4849832,39.7892959],[30.4849952,39.7892341],[30.4850207,39.789162],[30.4850864,39.7890929],[30.4852554,39.7889682],[30.4859367,39.7884839],[30.4863926,39.7881295],[30.4868669,39.7877095],[30.4875407,39.787105],[30.4876359,39.7870381],[30.4876929,39.7870149],[30.4877351,39.7870087],[30.4878089,39.7870061],[30.4878719,39.787016],[30.4879349,39.7870386],[30.4879913,39.7870685],[30.4880771,39.7871303],[30.4881873,39.7872193],[30.4893947,39.7881454],[30.4894752,39.7882227],[30.4895342,39.7882999],[30.4895919,39.788403],[30.4896187,39.7884865],[30.4896348,39.7885679],[30.4896442,39.7887019],[30.4896531,39.7894432]],[[30.4896531,39.7894432],[30.4896612,39.7895173],[30.489674,39.7895526],[30.489699,39.7895991],[30.489744,39.7896493],[30.4897719,39.7896748],[30.4897967,39.789689],[30.4898312,39.7896993],[30.4898746,39.7897092],[30.4899373,39.7897142],[30.4899939,39.7897122],[30.4905327,39.789669],[30.4906648,39.7896499],[30.4909142,39.7896066],[30.4910805,39.7895665],[30.4912159,39.7895283],[30.4913943,39.7894686],[30.4915901,39.7893944],[30.4921341,39.7891647],[30.4928508,39.7888544],[30.4963323,39.7874209]],[[30.4963323,39.7874209],[30.4970953,39.7870674]],[[30.5564192,39.7716233],[30.5564194,39.7719422],[30.556419,39.7720535],[30.5564146,39.7721523],[30.5563877,39.7722658],[30.5563426,39.7723538],[30.5563106,39.7724184],[30.5562421,39.7725164],[30.556087,39.7726641],[30.5550235,39.7735345],[30.5549087,39.7736305],[30.5547671,39.7737234],[30.5546541,39.7737854],[30.5545761,39.7738236],[30.554475,39.7738681],[30.5543879,39.7739013],[30.5542667,39.7739383],[30.5536156,39.7741229],[30.5534894,39.7741848],[30.5534363,39.7742193],[30.5534111,39.7742357],[30.5533574,39.7742781],[30.5531914,39.7744245],[30.5531306,39.7744797],[30.5523999,39.7751732],[30.5521743,39.7753806]],[[30.5181933,39.7762267],[30.5181678,39.7761428],[30.5181131,39.77596],[30.5179081,39.7751666],[30.5179015,39.7751418],[30.5178534,39.7749609],[30.5175592,39.7737873],[30.5173736,39.7729415],[30.517282,39.7725109]],[[30.517282,39.7725109],[30.5172817,39.7724473],[30.5172929,39.7723915],[30.5173306,39.7723128],[30.5173709,39.7722458],[30.5174232,39.772187],[30.5174828,39.7721319],[30.5175506,39.7720855],[30.5179618,39.7717945],[30.5181601,39.7716541]],[[30.5181601,39.7716541],[30.5188381,39.7711564],[30.5191606,39.7709255],[30.5196453,39.7705877],[30.5198948,39.7704022],[30.5201268,39.7701971],[30.5202389,39.7700948],[30.5203093,39.7700217],[30.5211045,39.7692621],[30.5212936,39.7691034],[30.5227978,39.7679319],[30.5228834,39.7678633],[30.5230214,39.7677636],[30.5230691,39.7677406],[30.5231758,39.7676891],[30.5247382,39.7670562],[30.5249233,39.7669871],[30.5250964,39.7669434],[30.5250989,39.7669428],[30.5252719,39.7669118],[30.5253142,39.7669088],[30.5255026,39.7668953],[30.525562,39.7668925],[30.5256587,39.7668909],[30.5259117,39.7668871],[30.526044,39.7668871],[30.5262054,39.7668871],[30.5264508,39.7668716],[30.5266841,39.7668572],[30.5284973,39.7666531],[30.5287521,39.7666407],[30.529762,39.7666366],[30.5299913,39.7666418],[30.5301147,39.7666593],[30.5303347,39.7666935],[30.530736,39.7667583],[30.5308299,39.766774],[30.530924,39.7667902],[30.5334969,39.7673809],[30.5337839,39.7674438],[30.534177,39.7675202],[30.5342673,39.7675374],[30.534776,39.7676343],[30.5349976,39.7676716],[30.5351049,39.767687],[30.5352042,39.7676932],[30.5352563,39.7676923],[30.5353931,39.7676873],[30.5355883,39.76765],[30.5356397,39.767642],[30.5358895,39.7675922],[30.5360585,39.7675716],[30.5362207,39.7675644],[30.5426154,39.7672632],[30.5430953,39.7672468],[30.5431961,39.7672453],[30.543452,39.7672427],[30.5439173,39.7672314],[30.5441775,39.7672221],[30.5443894,39.7671974],[30.5445543,39.7671654],[30.5447743,39.767118],[30.5514185,39.7652938],[30.5529634,39.7648602]],[[30.5529634,39.7648602],[30.5531507,39.7648159],[30.5535713,39.7647002],[30.5536855,39.7646684],[30.5552162,39.7642573],[30.5555654,39.7641646],[30.5556661,39.7641404],[30.5557627,39.7641326],[30.5558646,39.7641342],[30.5559532,39.7641551],[30.5560238,39.7641859],[30.5560699,39.7642242],[30.556118,39.7642898],[30.5561408,39.7643527],[30.5561624,39.7644512],[30.5562223,39.7664986]],[[30.5562223,39.7664986],[30.5562297,39.7666892]],[[30.5562297,39.7666892],[30.5562521,39.767603],[30.5562625,39.7679736],[30.5563192,39.7692657],[30.5563527,39.7698595],[30.5563527,39.7700677],[30.5563554,39.7702965],[30.5563696,39.7705052],[30.5563946,39.7708035],[30.5564054,39.7713099]],[[30.5564054,39.7713099],[30.5564192,39.7716233]],[[30.5563782,39.7716273],[30.5563661,39.7713098]],[[30.5523684,39.7751541],[30.5525776,39.7749633],[30.5530651,39.7744951],[30.5531363,39.7744357],[30.553285,39.774292],[30.5533586,39.7742358],[30.5534262,39.7741923],[30.5534571,39.7741724],[30.553503,39.7741445],[30.553583,39.7741052],[30.5536826,39.7740713],[30.5538721,39.7740171],[30.554213,39.7739248],[30.5543305,39.7738878],[30.5544593,39.77384],[30.5545666,39.7737962],[30.554663,39.7737479],[30.5547681,39.7736905],[30.5548587,39.7736293],[30.5549439,39.7735604],[30.5559572,39.7727166],[30.5561523,39.7725349],[30.5562309,39.7724444],[30.5562788,39.7723723],[30.5563138,39.7723152],[30.5563428,39.7722602],[30.5563695,39.7721153],[30.5563756,39.7720561],[30.5563809,39.7719633],[30.5563782,39.7716273]],[[30.5521441,39.7753596],[30.5523684,39.7751541]],[[30.5183068,39.7765563],[30.5181933,39.7762267]],[[30.4970953,39.7870674],[30.4982862,39.7864769],[30.4986872,39.7862729],[30.4991365,39.7860647],[30.4992358,39.7860369],[30.4993055,39.7860297],[30.4993719,39.7860322],[30.4994218,39.7860385],[30.4994778,39.7860523],[30.4995201,39.786073],[30.4995911,39.7861152],[30.4996421,39.7861554],[30.4997185,39.7862461],[30.4997668,39.7863141],[30.4998513,39.7864058],[30.4999425,39.7864707],[30.5000404,39.7865223],[30.5001477,39.7865532],[30.5003598,39.7865928],[30.5005393,39.7866264],[30.5007475,39.7866651],[30.506298,39.7877156],[30.5070405,39.7878644],[30.5073266,39.7879217],[30.5074064,39.7879212],[30.5075123,39.7878971],[30.5075654,39.7878738],[30.5076063,39.7878506],[30.5077001,39.7877672],[30.5084966,39.7869203],[30.5093537,39.7860359],[30.5096327,39.785737],[30.5097547,39.7855669],[30.5098511,39.7854371],[30.5103348,39.7846034],[30.5105178,39.7842895],[30.5105399,39.7842442],[30.5105607,39.784188],[30.5105681,39.7841329],[30.5105675,39.7840829],[30.510556,39.7840438],[30.5105232,39.7839819],[30.5105076,39.7839576],[30.5104641,39.7838897],[30.5103743,39.7837655],[30.5090654,39.7820357],[30.5090332,39.7819723],[30.5090231,39.7819167],[30.5090218,39.7818626],[30.5090288,39.7818368],[30.5090536,39.7817919],[30.5091059,39.7817362],[30.5092061,39.7816731],[30.5098221,39.781393],[30.5099884,39.7813363],[30.5101775,39.7812848],[30.5104685,39.7812168],[30.5108602,39.7811232],[30.5113644,39.7810065],[30.5114985,39.7809664],[30.5115843,39.7809231],[30.5116862,39.7808581],[30.5117325,39.7808174],[30.5117532,39.7807969],[30.5117688,39.7807813],[30.5117864,39.7807639],[30.5120684,39.7802944],[30.5121154,39.780215],[30.5121865,39.7801521],[30.5122817,39.7800996],[30.5128449,39.7798512],[30.5130971,39.7797255],[30.5132862,39.7796183],[30.5142678,39.7790238],[30.5147081,39.7787558],[30.5149271,39.778614],[30.5150997,39.7785022],[30.5161263,39.7778766],[30.5162926,39.7777915],[30.5164482,39.7777245],[30.5176679,39.7772628],[30.5177591,39.7772226],[30.5178222,39.7771886],[30.5178872,39.7771494],[30.517968,39.7770914],[30.5182292,39.776866],[30.5182801,39.7767979],[30.5183203,39.7766918],[30.5183164,39.7766015],[30.5183068,39.7765563]],[[30.5563661,39.7713098],[30.5563405,39.7708027],[30.5563071,39.7697028],[30.5562857,39.7693482],[30.5562615,39.7689183],[30.5562449,39.7685462],[30.556224,39.7680762],[30.5561971,39.7671783],[30.5561851,39.7666918]],[[30.5561851,39.7666918],[30.5561797,39.7664887]],[[30.5561797,39.7664887],[30.5561636,39.7661238],[30.5561314,39.7646424],[30.5561207,39.7644053],[30.556106,39.7643527],[30.5560711,39.7642888],[30.5560196,39.764238],[30.5559557,39.7642053],[30.5558621,39.7641769],[30.5557776,39.764164],[30.5557264,39.7641651],[30.5556325,39.7641795],[30.5536923,39.7646988],[30.5529718,39.764895]],[[30.5529718,39.764895],[30.5514104,39.7653322],[30.5447649,39.767152],[30.5445664,39.7671943],[30.5443813,39.7672232],[30.544144,39.7672541],[30.54392,39.7672654],[30.5434426,39.7672768],[30.5431975,39.7672805],[30.5430986,39.767282],[30.542532,39.7672974],[30.5362072,39.7676007],[30.5361443,39.7676035],[30.5360222,39.7676107],[30.5358694,39.7676334],[30.5357007,39.7676629],[30.5355826,39.7676825],[30.5354567,39.7677068],[30.535404,39.7677159],[30.5352982,39.767725],[30.5352042,39.7677252],[30.5350566,39.7677128],[30.5348474,39.7676798],[30.534256,39.7675669],[30.5342158,39.7675592],[30.5339073,39.7675015],[30.5336391,39.7674479],[30.5312041,39.76689],[30.5309117,39.7668284],[30.5308239,39.7668117],[30.5307348,39.7667947],[30.5302622,39.7667098],[30.5300624,39.766682],[30.5299216,39.7666696],[30.5289747,39.7666675],[30.5287441,39.7666727],[30.5285469,39.7666799],[30.5283873,39.7666954],[30.5268571,39.7668758],[30.5265903,39.7668964],[30.5263126,39.766917],[30.5260887,39.7669211],[30.5259664,39.7669203],[30.5258547,39.7669196],[30.5256617,39.76692],[30.5256027,39.7669201],[30.5255361,39.7669221],[30.5253212,39.7669336],[30.5251593,39.7669613],[30.5250198,39.7669912],[30.5248921,39.7670302],[30.5246792,39.7671121],[30.5231839,39.7677162],[30.5230947,39.7677623],[30.5229833,39.7678275],[30.5228281,39.7679437],[30.5214008,39.7690487],[30.521201,39.7692085],[30.5211298,39.769272],[30.5203393,39.7700371],[30.5202714,39.7701126],[30.5201308,39.7702445],[30.5198948,39.7704393],[30.51964,39.7706269],[30.519196,39.7709515],[30.5188802,39.7711843],[30.5181838,39.7716717]],[[30.5181838,39.7716717],[30.5175439,39.7721221],[30.5174553,39.7721943],[30.5174111,39.7722458],[30.5173642,39.7723241],[30.5173266,39.7724231],[30.5173165,39.7725097]],[[30.5173165,39.7725097],[30.5174062,39.7729363],[30.5175889,39.7737693],[30.5178836,39.7749553],[30.5179247,39.7751118],[30.5179387,39.7751648],[30.5181487,39.7759641],[30.5182037,39.7761166],[30.5182334,39.7761918]],[[30.5182334,39.7761918],[30.5183016,39.7763906],[30.5183532,39.7765413]],[[30.5183532,39.7765413],[30.5183581,39.7765661],[30.5183646,39.7766263],[30.518362,39.7766871],[30.5183459,39.7767485],[30.518317,39.7768124],[30.5182654,39.7768727],[30.5179914,39.777117],[30.517904,39.7771772],[30.5177953,39.7772401],[30.5176954,39.777286],[30.5164656,39.777757],[30.5163128,39.777824],[30.5161491,39.7779106],[30.5151205,39.7785259],[30.5149482,39.7786382],[30.5147478,39.7787655],[30.5142929,39.7790459],[30.513262,39.7796698],[30.5130823,39.7797708],[30.5129308,39.7798471],[30.5122549,39.7801449],[30.5121932,39.7801831],[30.5121476,39.7802325],[30.5121137,39.7802898],[30.5118384,39.7807551],[30.5118151,39.7807824],[30.5117821,39.780821],[30.5117318,39.7808659],[30.5116628,39.7809143],[30.511585,39.780956],[30.5115099,39.7809931],[30.5114126,39.7810277],[30.5113027,39.7810576],[30.5108747,39.7811556],[30.5102908,39.7812895],[30.5101513,39.7813245],[30.5100226,39.7813606],[30.509918,39.7813966],[30.5097933,39.7814399],[30.5092313,39.7817007],[30.5091764,39.7817331],[30.5091341,39.7817692],[30.5091006,39.7818094],[30.5090758,39.781862],[30.5090704,39.7819109],[30.5090754,39.7819503],[30.5090778,39.7819691],[30.5091003,39.782027],[30.5103809,39.783723],[30.5104903,39.7838711],[30.5105407,39.7839446],[30.5105574,39.783969],[30.5105828,39.7840211],[30.5105941,39.7840524],[30.510605,39.7840837],[30.5106056,39.784137],[30.5105976,39.7841952],[30.5105741,39.7842535],[30.5105379,39.784323],[30.5099337,39.785368],[30.5098278,39.785534],[30.5097326,39.7856607],[30.5096065,39.7858143],[30.5094201,39.7860163],[30.5085231,39.7869412],[30.5078709,39.7876368],[30.5077813,39.7877321],[30.5076793,39.7878341],[30.5076109,39.7878857],[30.5075412,39.7879207],[30.5074768,39.7879397],[30.5074044,39.7879506],[30.5072985,39.7879475],[30.5011314,39.7867664],[30.5007356,39.7866956],[30.5002604,39.7866068],[30.5001128,39.7865759],[30.5000143,39.7865429],[30.499919,39.7864924],[30.4998292,39.786429],[30.4997688,39.7863728],[30.4996723,39.7862445],[30.4996193,39.7861837],[30.4995637,39.7861368],[30.4995154,39.7861054],[30.4994584,39.7860812],[30.4994134,39.7860699],[30.4993703,39.786062],[30.4993082,39.7860616],[30.4992451,39.7860688],[30.4991888,39.7860817],[30.4991057,39.7861137],[30.4989924,39.786165],[30.4985357,39.7863821],[30.4983748,39.7864656],[30.4971463,39.787087]]]}},{"type":"Feature","properties":{"route":"tram","name":"SSK - OGÜ","colour":null},"geometry":{"type":"MultiLineString","coordinates":[[[30.4963323,39.7874209],[30.4970953,39.7870674]],[[30.4896531,39.7894432],[30.4896612,39.7895173],[30.489674,39.7895526],[30.489699,39.7895991],[30.489744,39.7896493],[30.4897719,39.7896748],[30.4897967,39.789689],[30.4898312,39.7896993],[30.4898746,39.7897092],[30.4899373,39.7897142],[30.4899939,39.7897122],[30.4905327,39.789669],[30.4906648,39.7896499],[30.4909142,39.7896066],[30.4910805,39.7895665],[30.4912159,39.7895283],[30.4913943,39.7894686],[30.4915901,39.7893944],[30.4921341,39.7891647],[30.4928508,39.7888544],[30.4963323,39.7874209]],[[30.4851858,39.78975],[30.4850915,39.7895544],[30.4849899,39.7893567],[30.4849832,39.7892959],[30.4849952,39.7892341],[30.4850207,39.789162],[30.4850864,39.7890929],[30.4852554,39.7889682],[30.4859367,39.7884839],[30.4863926,39.7881295],[30.4868669,39.7877095],[30.4875407,39.787105],[30.4876359,39.7870381],[30.4876929,39.7870149],[30.4877351,39.7870087],[30.4878089,39.7870061],[30.4878719,39.787016],[30.4879349,39.7870386],[30.4879913,39.7870685],[30.4880771,39.7871303],[30.4881873,39.7872193],[30.4893947,39.7881454],[30.4894752,39.7882227],[30.4895342,39.7882999],[30.4895919,39.788403],[30.4896187,39.7884865],[30.4896348,39.7885679],[30.4896442,39.7887019],[30.4896531,39.7894432]],[[30.4856772,39.7900605],[30.4855572,39.7900492],[30.4854721,39.7900256],[30.4854123,39.7900111],[30.4853466,39.7899709],[30.4852903,39.7899297],[30.4852062,39.7897823],[30.4851858,39.78975]],[[30.4892983,39.7897942],[30.4856772,39.7900605]],[[30.4963618,39.7874446],[30.4960292,39.7875868],[30.4958213,39.7876713],[30.4930465,39.7888058],[30.492203,39.7891666],[30.4916464,39.7894047],[30.4914547,39.7894799],[30.4912897,39.7895366],[30.4910966,39.7895912],[30.4909343,39.7896324],[30.4907694,39.7896664],[30.4905387,39.7896973],[30.4901671,39.7897252],[30.4897693,39.7897571],[30.4897394,39.7897595],[30.4892983,39.7897942]],[[30.4971463,39.787087],[30.4963618,39.7874446]],[[30.5183532,39.7765413],[30.5183581,39.7765661],[30.5183646,39.7766263],[30.518362,39.7766871],[30.5183459,39.7767485],[30.518317,39.7768124],[30.5182654,39.7768727],[30.5179914,39.777117],[30.517904,39.7771772],[30.5177953,39.7772401],[30.5176954,39.777286],[30.5164656,39.777757],[30.5163128,39.777824],[30.5161491,39.7779106],[30.5151205,39.7785259],[30.5149482,39.7786382],[30.5147478,39.7787655],[30.5142929,39.7790459],[30.513262,39.7796698],[30.5130823,39.7797708],[30.5129308,39.7798471],[30.5122549,39.7801449],[30.5121932,39.7801831],[30.5121476,39.7802325],[30.5121137,39.7802898],[30.5118384,39.7807551],[30.5118151,39.7807824],[30.5117821,39.780821],[30.5117318,39.7808659],[30.5116628,39.7809143],[30.511585,39.780956],[30.5115099,39.7809931],[30.5114126,39.7810277],[30.5113027,39.7810576],[30.5108747,39.7811556],[30.5102908,39.7812895],[30.5101513,39.7813245],[30.5100226,39.7813606],[30.509918,39.7813966],[30.5097933,39.7814399],[30.5092313,39.7817007],[30.5091764,39.7817331],[30.5091341,39.7817692],[30.5091006,39.7818094],[30.5090758,39.781862],[30.5090704,39.7819109],[30.5090754,39.7819503],[30.5090778,39.7819691],[30.5091003,39.782027],[30.5103809,39.783723],[30.5104903,39.7838711],[30.5105407,39.7839446],[30.5105574,39.783969],[30.5105828,39.7840211],[30.5105941,39.7840524],[30.510605,39.7840837],[30.5106056,39.784137],[30.5105976,39.7841952],[30.5105741,39.7842535],[30.5105379,39.784323],[30.5099337,39.785368],[30.5098278,39.785534],[30.5097326,39.7856607],[30.5096065,39.7858143],[30.5094201,39.7860163],[30.5085231,39.7869412],[30.5078709,39.7876368],[30.5077813,39.7877321],[30.5076793,39.7878341],[30.5076109,39.7878857],[30.5075412,39.7879207],[30.5074768,39.7879397],[30.5074044,39.7879506],[30.5072985,39.7879475],[30.5011314,39.7867664],[30.5007356,39.7866956],[30.5002604,39.7866068],[30.5001128,39.7865759],[30.5000143,39.7865429],[30.499919,39.7864924],[30.4998292,39.786429],[30.4997688,39.7863728],[30.4996723,39.7862445],[30.4996193,39.7861837],[30.4995637,39.7861368],[30.4995154,39.7861054],[30.4994584,39.7860812],[30.4994134,39.7860699],[30.4993703,39.786062],[30.4993082,39.7860616],[30.4992451,39.7860688],[30.4991888,39.7860817],[30.4991057,39.7861137],[30.4989924,39.786165],[30.4985357,39.7863821],[30.4983748,39.7864656],[30.4971463,39.787087]],[[30.5182334,39.7761918],[30.5183016,39.7763906],[30.5183532,39.7765413]],[[30.5173165,39.7725097],[30.5174062,39.7729363],[30.5175889,39.7737693],[30.5178836,39.7749553],[30.5179247,39.7751118],[30.5179387,39.7751648],[30.5181487,39.7759641],[30.5182037,39.7761166],[30.5182334,39.7761918]],[[30.5166621,39.7715654],[30.5168895,39.7717139],[30.5170041,39.7717892],[30.5171033,39.7718881],[30.5171771,39.7719726],[30.5172106,39.7720499],[30.5172374,39.7721458],[30.5172844,39.7723489],[30.5172929,39.7723915],[30.5173165,39.7725097]],[[30.5002695,39.7532055],[30.5004365,39.7531684],[30.5005234,39.7531631],[30.5006369,39.7531939],[30.5007069,39.7532287],[30.5007133,39.7532353],[30.5007405,39.7532635],[30.5007956,39.7533517],[30.5007971,39.7533742],[30.500869,39.7545177],[30.5008813,39.7547355],[30.5009277,39.7555615],[30.5009454,39.755682],[30.5009936,39.7557975],[30.5010678,39.7559157],[30.5031841,39.758921],[30.5032571,39.7590254],[30.5033114,39.7591059],[30.5033302,39.7591574],[30.5033409,39.7592108],[30.5033331,39.7592486],[30.5033127,39.7593069],[30.5032912,39.7593494],[30.5028205,39.7600177],[30.5027406,39.7601525],[30.5027007,39.7602201],[30.5025028,39.7607388],[30.5024178,39.7609357],[30.5023672,39.7610286],[30.5021978,39.7612892],[30.5019448,39.7616541],[30.5016517,39.7619949],[30.5014506,39.7622119],[30.5013987,39.7622817],[30.5013565,39.7623699],[30.5013406,39.7624218],[30.5013142,39.7625078],[30.5009285,39.7644365],[30.5008928,39.7646413],[30.5008758,39.7647336],[30.500853,39.7649099],[30.5008515,39.7650781],[30.501135,39.7671901],[30.5011495,39.767217],[30.5011839,39.7672631],[30.5012264,39.7672844],[30.5012726,39.7673045],[30.5013232,39.7673252],[30.5014157,39.7673469],[30.5015144,39.767357],[30.5052476,39.7675179],[30.505797,39.7675332],[30.5067562,39.7675575],[30.507222,39.7675824],[30.5076918,39.7676157],[30.5082965,39.7676856],[30.5091814,39.7677745],[30.5093711,39.7678009],[30.5095314,39.7678267],[30.5097144,39.7678829],[30.5107094,39.7683023],[30.5126617,39.7692441],[30.5129214,39.769369],[30.5131337,39.7694694],[30.5133656,39.7695791],[30.5135816,39.7696863],[30.514578,39.7702625],[30.5155729,39.7708508],[30.5166621,39.7715654]],[[30.4953,39.7531369],[30.4958196,39.7533592],[30.4959466,39.7534184],[30.4960588,39.7535089],[30.4960963,39.75357],[30.4961132,39.7536869],[30.4961339,39.7538514],[30.4961583,39.7540533],[30.4961926,39.7541747],[30.4962241,39.7542257],[30.4962343,39.7542422],[30.4963037,39.7542902],[30.4963733,39.7543296],[30.4964497,39.7543643],[30.4965612,39.7544105],[30.4966585,39.7544407],[30.4967872,39.7544725],[30.4969996,39.7545066],[30.4971509,39.7545164],[30.4972775,39.7545149],[30.4974141,39.7545021],[30.4975023,39.7544885],[30.497619,39.7544643],[30.4977051,39.754442],[30.497835,39.7543931],[30.497965,39.7543313],[30.4982263,39.7542074],[30.498539,39.7540591],[30.4988964,39.7538824],[30.5002695,39.7532055]],[[30.5003088,39.7532252],[30.4988775,39.753935],[30.4985337,39.7540971],[30.4982537,39.7542331],[30.4980281,39.7543426],[30.4978578,39.754421],[30.4976928,39.7544756],[30.4975641,39.7545076],[30.4974152,39.7545282],[30.4972757,39.7545416],[30.4971376,39.7545416],[30.4969512,39.7545334],[30.4967956,39.7545024],[30.4965598,39.754442],[30.4963198,39.7543428],[30.496201,39.7542864],[30.4960887,39.7542331],[30.4958082,39.7541119],[30.4954679,39.7539631],[30.4951051,39.7538069],[30.494796,39.7536703],[30.4945008,39.7535453],[30.4943989,39.7534925],[30.4943235,39.7534402],[30.4942956,39.7534084],[30.4942917,39.753398],[30.4942806,39.7533687],[30.4942735,39.753332],[30.4942777,39.7532927],[30.494281,39.7532535],[30.4943014,39.7532155],[30.4943681,39.7531061],[30.4944402,39.7530033],[30.4944929,39.7529546],[30.494561,39.752919],[30.494639,39.7529023],[30.4947222,39.7529096],[30.4948294,39.7529387],[30.4949761,39.7530047],[30.4953,39.7531369]],[[30.5166433,39.7715902],[30.5160519,39.7712263],[30.5155445,39.7708795],[30.5144653,39.7702378],[30.5137023,39.7697945],[30.5135212,39.7696935],[30.5133428,39.7696059],[30.5131155,39.769501],[30.5126341,39.769279],[30.5115873,39.7687637],[30.510688,39.7683267],[30.5096894,39.767908],[30.5095569,39.7678638],[30.5094263,39.767836],[30.5092006,39.7678053],[30.5082943,39.7677165],[30.5076925,39.7676488],[30.507222,39.7676144],[30.5067574,39.7675935],[30.5063101,39.7675775],[30.505795,39.7675629],[30.5015174,39.7673891],[30.5014466,39.7673819],[30.5013648,39.7673685],[30.5012548,39.7673376],[30.5012133,39.7673191],[30.5011882,39.7673079],[30.5011321,39.7672623],[30.5010979,39.767216],[30.5010764,39.7671572],[30.5010613,39.7670976],[30.5008365,39.7653706],[30.5008042,39.7651419],[30.5008,39.7649032],[30.5008247,39.7647308],[30.500841,39.7646343],[30.5012628,39.7625401],[30.5012783,39.762459],[30.5012951,39.7624086],[30.5013073,39.7623719],[30.501344,39.7622925],[30.5013997,39.7622067],[30.5016273,39.7619673],[30.5017836,39.7617929],[30.5018549,39.7617049],[30.5019403,39.761595],[30.5020935,39.7613709],[30.5022251,39.761172],[30.5023228,39.7610152],[30.502381,39.7609156],[30.5024928,39.7606541],[30.5026589,39.7602041],[30.5027006,39.7601366],[30.5027828,39.7600056],[30.5028442,39.759906],[30.5029238,39.7597855],[30.5031658,39.7594556],[30.5032403,39.7593492],[30.5032597,39.7593136],[30.5032749,39.7592753],[30.5032826,39.7592156],[30.5032762,39.759174],[30.5032564,39.7591028],[30.5031493,39.7589402],[30.5010311,39.755958],[30.500958,39.7558454],[30.5009075,39.7557201],[30.5008887,39.7556366],[30.500878,39.7555548],[30.5007571,39.753381],[30.5007518,39.7533562],[30.5007165,39.7532998],[30.5007009,39.753276],[30.5006258,39.7532298],[30.5005389,39.7532063],[30.5004461,39.7531989],[30.5003088,39.7532252]],[[30.517282,39.7725109],[30.5172253,39.7722479],[30.5171944,39.7721054],[30.5171891,39.7720809],[30.517165,39.7720221],[30.5171114,39.7719407],[30.5170322,39.7718531],[30.5169249,39.7717696],[30.5166433,39.7715902]],[[30.5181933,39.7762267],[30.5181678,39.7761428],[30.5181131,39.77596],[30.5179081,39.7751666],[30.5179015,39.7751418],[30.5178534,39.7749609],[30.5175592,39.7737873],[30.5173736,39.7729415],[30.517282,39.7725109]],[[30.5183068,39.7765563],[30.5181933,39.7762267]],[[30.4970953,39.7870674],[30.4982862,39.7864769],[30.4986872,39.7862729],[30.4991365,39.7860647],[30.4992358,39.7860369],[30.4993055,39.7860297],[30.4993719,39.7860322],[30.4994218,39.7860385],[30.4994778,39.7860523],[30.4995201,39.786073],[30.4995911,39.7861152],[30.4996421,39.7861554],[30.4997185,39.7862461],[30.4997668,39.7863141],[30.4998513,39.7864058],[30.4999425,39.7864707],[30.5000404,39.7865223],[30.5001477,39.7865532],[30.5003598,39.7865928],[30.5005393,39.7866264],[30.5007475,39.7866651],[30.506298,39.7877156],[30.5070405,39.7878644],[30.5073266,39.7879217],[30.5074064,39.7879212],[30.5075123,39.7878971],[30.5075654,39.7878738],[30.5076063,39.7878506],[30.5077001,39.7877672],[30.5084966,39.7869203],[30.5093537,39.7860359],[30.5096327,39.785737],[30.5097547,39.7855669],[30.5098511,39.7854371],[30.5103348,39.7846034],[30.5105178,39.7842895],[30.5105399,39.7842442],[30.5105607,39.784188],[30.5105681,39.7841329],[30.5105675,39.7840829],[30.510556,39.7840438],[30.5105232,39.7839819],[30.5105076,39.7839576],[30.5104641,39.7838897],[30.5103743,39.7837655],[30.5090654,39.7820357],[30.5090332,39.7819723],[30.5090231,39.7819167],[30.5090218,39.7818626],[30.5090288,39.7818368],[30.5090536,39.7817919],[30.5091059,39.7817362],[30.5092061,39.7816731],[30.5098221,39.781393],[30.5099884,39.7813363],[30.5101775,39.7812848],[30.5104685,39.7812168],[30.5108602,39.7811232],[30.5113644,39.7810065],[30.5114985,39.7809664],[30.5115843,39.7809231],[30.5116862,39.7808581],[30.5117325,39.7808174],[30.5117532,39.7807969],[30.5117688,39.7807813],[30.5117864,39.7807639],[30.5120684,39.7802944],[30.5121154,39.780215],[30.5121865,39.7801521],[30.5122817,39.7800996],[30.5128449,39.7798512],[30.5130971,39.7797255],[30.5132862,39.7796183],[30.5142678,39.7790238],[30.5147081,39.7787558],[30.5149271,39.778614],[30.5150997,39.7785022],[30.5161263,39.7778766],[30.5162926,39.7777915],[30.5164482,39.7777245],[30.5176679,39.7772628],[30.5177591,39.7772226],[30.5178222,39.7771886],[30.5178872,39.7771494],[30.517968,39.7770914],[30.5182292,39.776866],[30.5182801,39.7767979],[30.5183203,39.7766918],[30.5183164,39.7766015],[30.5183068,39.7765563]]]}},{"type":"Feature","properties":{"route":"tram","name":"T4 Cumhuriyet Meydanı - İzzet Bayraktar Camii Tramvay Hattı","colour":"#dce3e9"},"geometry":{"type":"MultiLineString","coordinates":[[[35.4872933,38.7219412],[35.4877348,38.7219487],[35.4878801,38.72195],[35.4880251,38.7219577],[35.4881693,38.7219717],[35.488343,38.7219971],[35.488514,38.7220317],[35.4886816,38.7220753],[35.4887827,38.7221029],[35.4888592,38.7221238],[35.4893515,38.7222559],[35.4905753,38.7225597],[35.4930428,38.7232728],[35.4975479,38.7245171]],[[35.4975479,38.7245171],[35.4982224,38.7246839],[35.4984704,38.7247496]],[[35.4984704,38.7247496],[35.4991723,38.7249405],[35.4997216,38.7250907],[35.5025307,38.7258683],[35.5064116,38.7269908]],[[35.5064116,38.7269908],[35.5068162,38.7271081],[35.5072284,38.7272277]],[[35.5072284,38.7272277],[35.5123914,38.7287137],[35.5175561,38.730181],[35.5182356,38.7303735],[35.5192499,38.7306719],[35.523346,38.7318639]],[[35.523346,38.7318639],[35.5235158,38.731881],[35.5235828,38.7318794],[35.5236334,38.7318782],[35.5237725,38.7318458],[35.5238359,38.7318213],[35.5238806,38.7317985],[35.5239272,38.7317639],[35.5239531,38.7317373],[35.5239843,38.7316876],[35.5240339,38.7315964],[35.5242595,38.7310538],[35.5247409,38.7299256],[35.5247752,38.7298394],[35.5251474,38.7289161],[35.5252194,38.7287375],[35.5255527,38.7279635],[35.5256194,38.7278091],[35.5259292,38.7271327],[35.5261888,38.7265356],[35.5267502,38.7250785],[35.5270205,38.7243049],[35.5276413,38.7222337]],[[35.5276413,38.7222337],[35.5277648,38.7219879],[35.5278508,38.7218865],[35.5279778,38.7217822],[35.5281068,38.7217174],[35.5281537,38.7217032],[35.5284217,38.7216653]],[[35.5284217,38.7216653],[35.5293466,38.7217041],[35.5298651,38.721737],[35.5302995,38.7217598],[35.530541,38.7217718],[35.5310418,38.721766],[35.5374806,38.7210874],[35.5386933,38.7209247],[35.5390898,38.7208767],[35.5402889,38.720785],[35.5460924,38.7201826],[35.5470972,38.7200529],[35.5475069,38.7200095],[35.5482097,38.7199351],[35.548378,38.7199173],[35.5484093,38.7199155],[35.5490121,38.7198814],[35.5503862,38.7197356],[35.5545626,38.7194736],[35.554712,38.7194472],[35.5548334,38.7194208],[35.5549033,38.7193896],[35.5549309,38.7193773],[35.5549529,38.7193537],[35.5550026,38.7193004],[35.5550255,38.7192239],[35.5551628,38.7186125],[35.5553697,38.7177519],[35.55544,38.7174149],[35.5555304,38.7171667],[35.5556839,38.7167594],[35.5557233,38.7166549],[35.5559154,38.7162394],[35.5560025,38.7159076],[35.5560714,38.7154662],[35.5560854,38.715377],[35.5561834,38.7139852],[35.5562703,38.7126369],[35.5564709,38.7113138],[35.5564841,38.7112294],[35.556749,38.709581],[35.5568802,38.7088086],[35.5569134,38.708691],[35.5569545,38.7086144],[35.5570224,38.7085484],[35.5570441,38.7085274],[35.5571805,38.7084474],[35.557327,38.7084],[35.5574615,38.7083993],[35.5603021,38.7084673],[35.5610942,38.7085191],[35.5617386,38.7085285],[35.5620902,38.7084991],[35.5627331,38.7084454],[35.5633238,38.7083515],[35.5639681,38.7081819],[35.5650191,38.7078287],[35.5653004,38.7076791],[35.565409,38.7075888],[35.5654368,38.7075533],[35.5654884,38.7074875],[35.5655462,38.7073201],[35.5655435,38.7072399],[35.5655458,38.7071005],[35.5655207,38.7069385],[35.5654559,38.7066654],[35.5654509,38.7066412],[35.5653624,38.706278],[35.5653191,38.7060608],[35.5652909,38.7058662],[35.5652909,38.7056305],[35.5653127,38.705348],[35.5653916,38.7046429],[35.5654283,38.7044754],[35.5655636,38.7040316],[35.565679,38.7036532],[35.5657911,38.7033639],[35.5659138,38.703136],[35.5659935,38.7029684],[35.5661,38.7027641],[35.566267,38.7024594]]]}},{"type":"Feature","properties":{"route":"tram","name":"T3: Katip Çelebi Üniversitesi → Çevre Yolu","colour":"blue"},"geometry":{"type":"MultiLineString","coordinates":[[[27.0372908,38.5059508],[27.0372541,38.5044629],[27.0372442,38.5041945],[27.0371405,38.5007203],[27.0371209,38.5000661],[27.037035,38.4971874],[27.0369623,38.4947131],[27.0369591,38.4944799],[27.0369531,38.4943877],[27.0369799,38.4941355],[27.0370773,38.4939603],[27.0371307,38.4938599],[27.03714,38.4937958],[27.0371257,38.4937354],[27.0370908,38.4936786],[27.0370187,38.493557],[27.0369451,38.4933858],[27.0369293,38.4933063],[27.0369075,38.4931964],[27.0368773,38.4927474],[27.0368734,38.4926366],[27.0368563,38.4921912],[27.036847,38.49195],[27.0368345,38.4916172],[27.036815,38.491116],[27.0368102,38.4910036],[27.0367251,38.4892517],[27.0366849,38.4882433],[27.0366238,38.4866973],[27.0366244,38.4864341],[27.0366306,38.4863911],[27.0366697,38.4863386],[27.036826,38.4862777],[27.0369119,38.4862543],[27.0371666,38.4862469],[27.0380647,38.4862315],[27.038365,38.4862432],[27.0387062,38.4862513],[27.0418891,38.486168],[27.0458032,38.4860904],[27.0476843,38.4860593],[27.0486341,38.4860382],[27.0493898,38.4860214],[27.0497138,38.4859993],[27.0500657,38.485968],[27.0508289,38.4859598]],[[27.051157,38.4859555],[27.0508289,38.4859598]],[[27.0541525,38.4859583],[27.0536746,38.4859534],[27.053218,38.4859484],[27.0528734,38.4859413],[27.0526099,38.4859434],[27.0523641,38.4859454],[27.0522136,38.4859366],[27.051157,38.4859555]],[[27.0543967,38.4859544],[27.0541525,38.4859583]],[[27.0595559,38.4862009],[27.0588586,38.4861353],[27.0576667,38.4860132],[27.0574996,38.4860104],[27.0574256,38.4860051],[27.0555478,38.4859769],[27.0549944,38.4859539],[27.0543967,38.4859544]],[[27.0606036,38.4862963],[27.0604603,38.4862814],[27.0597647,38.4862247],[27.0595559,38.4862009]],[[27.0613134,38.4866861],[27.0612315,38.4865483],[27.0612081,38.4865267],[27.0611356,38.4864598],[27.0611073,38.4864436],[27.0610478,38.4864095],[27.0606036,38.4862963]],[[27.0610845,38.4926494],[27.0615448,38.4923101],[27.0617753,38.4921622],[27.0619289,38.4920611],[27.0621732,38.4919177],[27.0638405,38.4908925],[27.0638929,38.4908539],[27.0639325,38.4908119],[27.0639607,38.4907682],[27.0639636,38.4907222],[27.0639666,38.4906738],[27.0639334,38.490605],[27.0638113,38.4904562],[27.0633446,38.4899188],[27.0630037,38.4895356],[27.0626489,38.4891443],[27.0622024,38.4886151],[27.0620686,38.4884147],[27.0619448,38.4882145],[27.0617177,38.4877774],[27.0615698,38.4874748],[27.0614645,38.4872131],[27.0613738,38.4869875],[27.0613134,38.4866861]],[[27.0608706,38.4927849],[27.0610845,38.4926494]],[[27.0377177,38.5062042],[27.0378254,38.5062048],[27.0382109,38.5061756],[27.0383721,38.5061588],[27.0386264,38.5061324],[27.0405057,38.506108],[27.0407152,38.5061012],[27.0410467,38.5061041],[27.0412489,38.5061282],[27.0416179,38.5062148],[27.0422183,38.5063845],[27.0423411,38.5063836],[27.0424217,38.5063676],[27.0424603,38.5063606],[27.0425269,38.5063221],[27.0426262,38.5062342],[27.0435434,38.5051216],[27.0436235,38.5050028],[27.0440838,38.504317],[27.0449511,38.502975],[27.0450833,38.5027615],[27.0451932,38.5025501],[27.0453105,38.5023394],[27.0453401,38.5023],[27.0454856,38.5021055],[27.0456687,38.5018723],[27.0458593,38.5016484],[27.046066,38.5014177],[27.0463029,38.5011185],[27.0466659,38.5006599],[27.0472355,38.4999356],[27.0474167,38.4997115],[27.0475461,38.4995513],[27.0476456,38.4993993],[27.0483098,38.498214],[27.0483411,38.4981306],[27.0484153,38.49796],[27.0486446,38.497532],[27.0488092,38.4972375],[27.048897,38.4970879],[27.0504701,38.4942408],[27.0506037,38.4939516],[27.0506802,38.4938111],[27.0507956,38.4936209],[27.0508331,38.493563],[27.050865,38.4935381],[27.0509039,38.4935076],[27.050974,38.4934784],[27.0509906,38.4934748],[27.0510669,38.4934582],[27.0511339,38.493452],[27.0562731,38.493116],[27.0567162,38.4930628],[27.0570152,38.4930386],[27.0575175,38.4930107],[27.0583209,38.493002],[27.0586891,38.4930127],[27.0588932,38.493005],[27.0595682,38.4929403],[27.0606149,38.4928769],[27.0607699,38.49284],[27.0608706,38.4927849]],[[27.0372908,38.5059508],[27.0372925,38.506021],[27.0373126,38.5060703],[27.0373589,38.5061107],[27.0374038,38.5061386],[27.0374341,38.5061591],[27.0375701,38.5062005],[27.0377177,38.5062042]]]}},{"type":"Feature","properties":{"route":"tram","name":"T3: Çevre Yolu → Katip Çelebi Üniversitesi","colour":"red"},"geometry":{"type":"MultiLineString","coordinates":[[[27.0301882,38.5068386],[27.0302016,38.5072539],[27.0302501,38.507253],[27.0302368,38.5068377],[27.0302133,38.5068381],[27.0301882,38.5068386]],[[27.0306067,38.5064086],[27.0304843,38.5064114],[27.030439,38.5064214],[27.0303964,38.506437],[27.0303859,38.5064426],[27.0303575,38.5064579],[27.0303234,38.5064833],[27.0303013,38.506506],[27.0302753,38.5065416],[27.0302603,38.5065744],[27.0302519,38.5066086],[27.0302532,38.5066562],[27.0302643,38.5070553]],[[27.0309837,38.5064001],[27.0306067,38.5064086]],[[27.0366583,38.5063181],[27.0315815,38.5064133],[27.0314408,38.5064017],[27.031298,38.5063929],[27.0309837,38.5064001]],[[27.0608899,38.4928074],[27.0607826,38.49286],[27.0606201,38.4928984],[27.0595848,38.492963],[27.0589185,38.4930289],[27.0586627,38.4930387],[27.0583177,38.4930248],[27.0580993,38.4930285],[27.0575238,38.4930683],[27.0570181,38.4931033],[27.0567293,38.4931348],[27.0562738,38.4931457],[27.0511341,38.4934837],[27.051065,38.4934943],[27.0510081,38.4935076],[27.050981,38.4935227],[27.0509451,38.4935489],[27.0509076,38.4935865],[27.0507739,38.4938238],[27.0506907,38.4939804],[27.0505131,38.4942522],[27.0489595,38.497074],[27.0488813,38.4972526],[27.0487309,38.4975483],[27.0484929,38.4979816],[27.0483891,38.4981481],[27.0483334,38.4982299],[27.0476932,38.4994068],[27.0475891,38.4995698],[27.0474633,38.4997365],[27.0465754,38.5008449],[27.0464636,38.5009845],[27.0460996,38.501436],[27.0459102,38.5017147],[27.045577,38.5021521],[27.0454244,38.5023315],[27.0453951,38.5023736],[27.0452444,38.5025611],[27.0451245,38.5027764],[27.0441274,38.5043279],[27.043681,38.5049923],[27.0435879,38.5051264],[27.0426469,38.5062542],[27.0424602,38.5064767],[27.0423802,38.5065651],[27.0423222,38.5065993],[27.0422708,38.5066227],[27.0421392,38.5066309],[27.0420467,38.5066206],[27.0419408,38.506574],[27.0417677,38.5064957],[27.0415383,38.5064146],[27.0412266,38.5063272],[27.0409709,38.5062847],[27.0406447,38.5062583],[27.0401087,38.5062388],[27.0376401,38.5062815],[27.0375416,38.5062852],[27.0366583,38.5063181]],[[27.0610986,38.4926704],[27.0608899,38.4928074]],[[27.0613529,38.4866746],[27.0614118,38.4869773],[27.0614964,38.4872038],[27.0615954,38.4874691],[27.0617449,38.487772],[27.0619713,38.4882062],[27.0620941,38.4884053],[27.0622255,38.4886063],[27.0626735,38.4891355],[27.0630254,38.489525],[27.0633702,38.4899064],[27.0638381,38.4904413],[27.0639035,38.490516],[27.0639593,38.490596],[27.0640081,38.4906758],[27.0640078,38.4907207],[27.063989,38.4907751],[27.0639552,38.4908347],[27.0639141,38.4908662],[27.0638764,38.4908949],[27.0621843,38.4919359],[27.0619381,38.4921053],[27.0617782,38.4922255],[27.0615902,38.4923579],[27.0610986,38.4926704]],[[27.0606105,38.4862635],[27.0607942,38.4863159],[27.061064,38.4863796],[27.0611689,38.4864343],[27.0611958,38.4864593],[27.0612616,38.4865203],[27.0612923,38.4865669],[27.0613529,38.4866746]],[[27.0595511,38.4861316],[27.0597788,38.4861588],[27.0604709,38.4862513],[27.0606105,38.4862635]],[[27.0544069,38.4859254],[27.0549837,38.4859277],[27.0555465,38.4859113],[27.0574127,38.4859305],[27.05743,38.4859312],[27.0576365,38.4859392],[27.0588186,38.4860575],[27.0592242,38.486095],[27.0595511,38.4861316]],[[27.0541347,38.4859267],[27.0544069,38.4859254]],[[27.0511596,38.4859148],[27.052212,38.4858989],[27.0523607,38.4858948],[27.052567,38.4858914],[27.0528158,38.485893],[27.0532257,38.4859133],[27.0536708,38.4859203],[27.0541347,38.4859267]],[[27.0508304,38.4859166],[27.0511596,38.4859148]],[[27.0371536,38.505948],[27.0371239,38.5046184],[27.0370437,38.5023289],[27.0369971,38.5007058],[27.0369791,38.5000802],[27.0369573,38.4995431],[27.0369503,38.4991683],[27.0368727,38.4966802],[27.0368701,38.4965914],[27.0368186,38.4947201],[27.0367863,38.4944428],[27.0367615,38.4942767],[27.0367122,38.4940828],[27.036653,38.4939838],[27.0366025,38.4938907],[27.036588,38.4938289],[27.0365978,38.4937254],[27.0366145,38.4936849],[27.0366364,38.4936317],[27.036694,38.4935142],[27.0367229,38.4933905],[27.0367379,38.4933174],[27.0367557,38.4932301],[27.0367407,38.4927915],[27.0367355,38.4926513],[27.0367142,38.4921197],[27.036713,38.4917934],[27.0366918,38.4909145],[27.0366575,38.4904296],[27.0366318,38.4895458],[27.0366283,38.4894373],[27.0365034,38.4868501],[27.0364974,38.486578],[27.0365174,38.4864971],[27.0365583,38.4864263],[27.0366288,38.4863187],[27.036757,38.4862524],[27.0368171,38.4862206],[27.0369182,38.486185],[27.0370445,38.4861559],[27.0418849,38.486048],[27.0454346,38.4859812],[27.0457947,38.4859767],[27.0470187,38.4859558],[27.0477106,38.4859439],[27.0485495,38.4859273],[27.0490451,38.4859013],[27.0494542,38.4859034],[27.0498546,38.4859181],[27.0500597,38.4859322],[27.0508304,38.4859166]],[[27.0366484,38.5062285],[27.0369168,38.5062269],[27.0369854,38.5062052],[27.0370343,38.5061826],[27.03709,38.5061354],[27.0371207,38.5061029],[27.0371467,38.506051],[27.0371536,38.505948]],[[27.0309751,38.5063676],[27.031296,38.5063601],[27.031437,38.5063348],[27.0315772,38.5063097],[27.0356277,38.5062174],[27.0358032,38.5062136],[27.0359586,38.5062228],[27.0361436,38.506235],[27.0366484,38.5062285]],[[27.0306067,38.5064086],[27.0307924,38.5063879],[27.0309751,38.5063676]],[[27.0306067,38.5064086],[27.0304843,38.5064114],[27.030439,38.5064214],[27.0303964,38.506437],[27.0303859,38.5064426],[27.0303575,38.5064579],[27.0303234,38.5064833],[27.0303013,38.506506],[27.0302753,38.5065416],[27.0302603,38.5065744],[27.0302519,38.5066086],[27.0302532,38.5066562],[27.0302643,38.5070553]]]}},{"type":"Feature","properties":{"route":"tram","name":"Üsküdar-Cevizli","colour":null},"geometry":{"type":"MultiLineString","coordinates":[[[29.1351962,40.922199],[29.1354632,40.9220307],[29.1359408,40.9217456],[29.1368122,40.9211262],[29.1372148,40.9208453],[29.1374484,40.9206822],[29.1379089,40.9203642],[29.1384271,40.9200663],[29.1388867,40.9198614],[29.1400256,40.9193367],[29.1408428,40.9189317],[29.1410904,40.918809],[29.1418697,40.9184302],[29.1431979,40.917818],[29.1443833,40.9172104],[29.1452664,40.9167781],[29.1461124,40.9163889],[29.1462802,40.9163076],[29.1468754,40.9160193],[29.1480332,40.9154808],[29.1486869,40.9151796],[29.1489151,40.9151368],[29.1491876,40.9151238],[29.1509157,40.9151946],[29.1528018,40.9154744],[29.1547012,40.9157284],[29.1558595,40.9159602],[29.1562215,40.9161134],[29.157157,40.9165672],[29.1590831,40.9175516],[29.1593505,40.9176247],[29.1598694,40.9176839],[29.1611683,40.9178411],[29.1614633,40.9178781],[29.1624799,40.9180144],[29.1639567,40.9181963],[29.1654007,40.9183573],[29.1660998,40.9184394],[29.1664011,40.9184747],[29.1667495,40.9185156],[29.1673054,40.9185809]],[[29.1302652,40.9253428],[29.1306067,40.9250615],[29.1311858,40.9247268],[29.1320084,40.9243012],[29.1326138,40.9239996],[29.1334451,40.9234477],[29.1351962,40.922199]],[[29.0405171,40.9902582],[29.0409221,40.9899166],[29.0412584,40.9896371],[29.0416561,40.9893972],[29.0425372,40.988812],[29.0428179,40.9886614],[29.0435785,40.9882485],[29.0439249,40.9880545],[29.0445487,40.9877526],[29.0452941,40.9874056],[29.046161,40.9870041],[29.0470877,40.9865435],[29.0478577,40.9861459],[29.0481511,40.986018],[29.0485854,40.9858473],[29.049123,40.9856341],[29.0498839,40.985365],[29.0502576,40.9852546],[29.0506108,40.9851474],[29.0512975,40.9849867],[29.0515323,40.984945],[29.0524471,40.9847909],[29.053228,40.9846685],[29.053404,40.9846533],[29.0540507,40.9846406],[29.0552562,40.9846023],[29.056415,40.9845566],[29.0571334,40.9844924],[29.0575432,40.9844283],[29.0579922,40.9843339],[29.0585366,40.9842087],[29.0590699,40.9840684],[29.0606371,40.9837248],[29.0620603,40.9834087],[29.0623065,40.9833477],[29.0639531,40.9829993],[29.0650707,40.9827685],[29.065933,40.9826113],[29.0661639,40.9825455],[29.0677077,40.9820284],[29.0690133,40.9816053],[29.0697913,40.9814249],[29.0709832,40.9811202],[29.0716346,40.9809728],[29.0728315,40.9807124],[29.0742595,40.980445],[29.0744991,40.9804019],[29.075008,40.9803021],[29.0751832,40.9802789],[29.0755459,40.9802362],[29.0762837,40.9801782],[29.0764427,40.9801496],[29.0766119,40.9801019],[29.0767766,40.9800177],[29.0768929,40.9799234],[29.0771198,40.9796603],[29.0774725,40.9792416],[29.07783,40.9788391],[29.0781195,40.9784473],[29.0783925,40.9780339],[29.0785995,40.9776974],[29.0789291,40.9772703],[29.0795031,40.9765197],[29.0797311,40.9760671],[29.0800032,40.9755705],[29.0801191,40.9754223],[29.0807511,40.9749026],[29.0810974,40.9746323],[29.0815917,40.974224],[29.0818526,40.973947],[29.0823082,40.9734286],[29.0829694,40.9726761],[29.0830986,40.9724767],[29.083413,40.9718035],[29.0835083,40.9715995],[29.0837939,40.9710082],[29.0840335,40.9705477],[29.084187,40.9702326],[29.0843034,40.970076],[29.0847724,40.9694646],[29.0849989,40.9691732],[29.0852751,40.9687575],[29.0855779,40.9683264],[29.0859746,40.9678283],[29.0862729,40.9674432],[29.0870056,40.9663587],[29.0874545,40.9656391],[29.087994,40.9650422],[29.0884493,40.9645456],[29.0887286,40.964225],[29.0893469,40.9635522],[29.089592,40.9633509],[29.089821,40.9631931],[29.0906918,40.962693],[29.0908869,40.9625816],[29.0911724,40.9624186],[29.0913595,40.9623132],[29.0921207,40.9618847],[29.0925359,40.9616461],[29.092688,40.961541],[29.0929957,40.9612481],[29.0935989,40.9606533],[29.0939172,40.9603493],[29.0943494,40.9599292],[29.0948112,40.9594356],[29.0951775,40.9590347],[29.0952351,40.9589619],[29.0952518,40.9588299],[29.0952171,40.9585188],[29.0952321,40.9583898],[29.0953293,40.9582957],[29.0954781,40.958202],[29.0961915,40.9578784],[29.0970923,40.9574658],[29.097377,40.9573007],[29.0982297,40.9568408],[29.0989829,40.9564412],[29.0993825,40.9561696],[29.099753,40.9559177],[29.1000461,40.9557029],[29.1002214,40.9555745],[29.1003787,40.9554592],[29.1004735,40.9553698],[29.1005504,40.9552413],[29.1005855,40.9550488],[29.1005913,40.9548391],[29.1005805,40.9542526],[29.1005462,40.9534799],[29.1005414,40.9532405],[29.1006249,40.9530573],[29.1009846,40.952615],[29.1016477,40.9518614],[29.1021393,40.9514128],[29.1025877,40.9510867],[29.1028591,40.9509478],[29.1037576,40.9505096],[29.1039554,40.9504131],[29.1041866,40.9503004],[29.104435,40.9501441],[29.1048199,40.9498223],[29.1053522,40.9494037],[29.1054834,40.9493086],[29.1059686,40.9489807],[29.1062088,40.948697],[29.1063281,40.9485248],[29.1065488,40.9482018],[29.1070135,40.9475409],[29.1071501,40.9474031],[29.1074856,40.9472079],[29.1080321,40.9469078],[29.108533,40.9466615],[29.1087694,40.946589],[29.1093501,40.9464227],[29.1101062,40.9462248],[29.1104393,40.9460866],[29.1107912,40.9458837],[29.1111161,40.9456795],[29.1115107,40.9453441],[29.1117886,40.9450247],[29.1121311,40.9445944],[29.1124589,40.9443289],[29.1126909,40.9441403],[29.1127958,40.9440551],[29.1135734,40.9432927],[29.1140739,40.9428064],[29.1148114,40.9420947],[29.1156206,40.9413364],[29.1163776,40.9406332],[29.1169056,40.9401365],[29.1173971,40.9396783],[29.1181679,40.9389739],[29.1189592,40.9382402],[29.1191285,40.9381209],[29.119346,40.9380452],[29.1204002,40.9378266],[29.1207016,40.9377482],[29.1209422,40.9376512],[29.1211707,40.9375226],[29.1215413,40.9372491],[29.1220128,40.9369013],[29.1220747,40.9368556],[29.1224395,40.9365865],[29.1229707,40.9361298],[29.1233381,40.9358098],[29.1239798,40.9353238],[29.1246991,40.9348433],[29.1256945,40.9341875],[29.1258882,40.9340111],[29.1264014,40.9334548],[29.1268948,40.9329202],[29.1273495,40.9324637],[29.1278396,40.9319195],[29.1285229,40.9311235],[29.1286146,40.9309087],[29.1288954,40.930105],[29.1291625,40.9292748],[29.1292812,40.9286653],[29.129399,40.9280192],[29.1294423,40.927782],[29.1294623,40.9276723],[29.129559,40.927186],[29.1297225,40.926341],[29.1297935,40.9260507],[29.1299249,40.9258621],[29.1302652,40.9253428]],[[29.0400625,40.9906516],[29.0405171,40.9902582]],[[29.0241826,40.9974144],[29.0242401,40.997205],[29.0243598,40.9967211],[29.0244455,40.9963757],[29.0244704,40.9955892],[29.0244932,40.9950578],[29.0245036,40.9945384],[29.0245225,40.9938687],[29.0245543,40.9931378],[29.0245455,40.9929397],[29.0245267,40.9927498],[29.0243292,40.9924243],[29.0242163,40.99225],[29.0241097,40.9920857],[29.0240542,40.9919026],[29.0240354,40.9917753],[29.0240501,40.9916485],[29.0240966,40.9915727],[29.0242379,40.9914583],[29.0244658,40.9913663],[29.0287608,40.9906192],[29.0290101,40.9905904],[29.0291955,40.9906089],[29.0293911,40.9906754],[29.0299079,40.9908518],[29.0312653,40.991393],[29.0324241,40.9917205],[29.033099,40.9918671],[29.033668,40.9920812],[29.0341484,40.9922754],[29.0348059,40.9925825],[29.0352684,40.9929341],[29.0355577,40.9931315],[29.036081,40.9934854],[29.0367758,40.993914],[29.0372514,40.9941897],[29.0373838,40.9942373],[29.0375341,40.9942512],[29.0376137,40.9942235],[29.0376887,40.9941958],[29.0377612,40.9941344],[29.0379931,40.9937744],[29.03855,40.9929255],[29.0388356,40.9924762],[29.0389635,40.9922607],[29.0394511,40.9914531],[29.039644,40.9911475],[29.0397207,40.9910452],[29.0399184,40.9907752],[29.0400625,40.9906516]],[[29.0236387,40.9996816],[29.0241826,40.9974144]],[[29.0210954,41.0055696],[29.0212181,41.0053],[29.021349,41.0050339],[29.0215035,41.0047554],[29.0215723,41.0046186],[29.0216414,41.0044812],[29.0217414,41.0042769],[29.0218881,41.0039347],[29.0220238,41.0036149],[29.0221371,41.0033539],[29.0222514,41.0031124],[29.0223518,41.002881],[29.022542,41.0024178],[29.0229795,41.0013187],[29.0234466,41.0002114],[29.0236012,40.9998168],[29.0236387,40.9996816]],[[29.020938,41.0059111],[29.0210954,41.0055696]],[[29.0153345,41.0257912],[29.015461,41.025379],[29.0155729,41.0247838],[29.0156386,41.0242074],[29.0156688,41.0239613],[29.0157239,41.0235097],[29.0157756,41.0230871],[29.0158621,41.0225338],[29.0159086,41.0224007],[29.0159904,41.0222444],[29.0160918,41.0221212],[29.0162276,41.0220382],[29.0165738,41.0218102],[29.0166785,41.0217091],[29.017124,41.0210696],[29.0173597,41.0207478],[29.0174814,41.0206448],[29.0180167,41.0201969],[29.0184051,41.0198946],[29.0190103,41.0194633],[29.0197156,41.0189631],[29.0205868,41.018369],[29.021061,41.0180376],[29.0216262,41.0176642],[29.0221957,41.0174046],[29.0231117,41.0170212],[29.0236158,41.0168533],[29.0242902,41.0166649],[29.0251174,41.0164372],[29.0252911,41.0163288],[29.0253909,41.0162111],[29.0254358,41.0161293],[29.0254292,41.0159552],[29.0249644,41.0153771],[29.0246986,41.0150135],[29.0245281,41.0148116],[29.0244389,41.0146957],[29.0242764,41.0144848],[29.0235587,41.0135366],[29.0235034,41.0134796],[29.0234247,41.0134384],[29.0226895,41.0132486],[29.0221826,41.0131362],[29.0218124,41.0130944],[29.0213075,41.0130713],[29.0207902,41.013048],[29.020428,41.0130362],[29.0202959,41.0129842],[29.0202099,41.0129008],[29.0201551,41.0127688],[29.0201524,41.0126477],[29.0200914,41.0124815],[29.0199177,41.0122591],[29.0196678,41.0120207],[29.0196241,41.0118821],[29.0196387,41.0117248],[29.0197182,41.0113961],[29.0198277,41.0109221],[29.0199348,41.0104419],[29.0199979,41.0100542],[29.0200356,41.0099],[29.0201489,41.0094563],[29.0202052,41.0091919],[29.0202971,41.0088208],[29.0203407,41.0083392],[29.020341,41.0079387],[29.0203616,41.0076851],[29.0203731,41.0075513],[29.0203963,41.0074118],[29.0204901,41.0071364],[29.0206973,41.0064995],[29.020938,41.0059111]]]}},{"type":"Feature","properties":{"route":"tram","name":"Ataşehir → Mavişehir","colour":"orange"},"geometry":{"type":"MultiLineString","coordinates":[[[27.0728912,38.4797546],[27.0729326,38.4797887],[27.0732306,38.4795673],[27.0731892,38.4795332],[27.0728912,38.4797546]],[[27.0655738,38.4794781],[27.0656067,38.4794468],[27.0659962,38.4796976],[27.0659633,38.4797289],[27.0655738,38.4794781]],[[27.0676761,38.4755092],[27.0677213,38.4755359],[27.0679988,38.4752479],[27.0679537,38.4752213],[27.0676761,38.4755092]],[[27.0722002,38.4803139],[27.0723863,38.4801677],[27.0725724,38.4799872],[27.0725944,38.4799658],[27.0728573,38.4797644],[27.0730336,38.4796312]],[[27.0722002,38.4803139],[27.0720912,38.4804173],[27.0720796,38.4804282]],[[27.0720796,38.4804282],[27.0719879,38.4805151]],[[27.0719879,38.4805151],[27.0718474,38.4806214]],[[27.0718474,38.4806214],[27.0718,38.4806508],[27.0716833,38.4806837],[27.0715874,38.4807016],[27.071494,38.4806998],[27.0713936,38.4806943],[27.0712839,38.480687],[27.0701328,38.4805878],[27.0699959,38.480576],[27.0687088,38.4804756],[27.0685762,38.4804646],[27.067186,38.4803488],[27.0671229,38.4803342],[27.0670412,38.4803068],[27.066934,38.4802605],[27.0663075,38.479875],[27.066272,38.479851],[27.0658537,38.4795765]],[[27.0654365,38.4793031],[27.0658537,38.4795765]],[[27.0654365,38.4793031],[27.0653701,38.4792579],[27.0653464,38.4792322],[27.0652685,38.4791562],[27.0652173,38.4790878],[27.0651803,38.4790176],[27.0651775,38.4788897],[27.0651948,38.4788085],[27.0652172,38.4787038]],[[27.0652172,38.4787038],[27.065238,38.4786605],[27.0656075,38.4780618],[27.0659282,38.4776035],[27.0662889,38.4771118],[27.06651,38.4768289],[27.0666683,38.4766406],[27.0674079,38.4758353],[27.0676619,38.4755134],[27.0677841,38.4753728]]]}},{"type":"Feature","properties":{"route":"tram","name":"Mavişehir → Ataşehir","colour":"orange"},"geometry":{"type":"MultiLineString","coordinates":[[[27.0676761,38.4755092],[27.0677213,38.4755359],[27.0679988,38.4752479],[27.0679537,38.4752213],[27.0676761,38.4755092]],[[27.0656392,38.4793778],[27.0656743,38.4793459],[27.0660796,38.4796194],[27.0660445,38.4796512],[27.0656392,38.4793778]],[[27.0728912,38.4797546],[27.0729326,38.4797887],[27.0732306,38.4795673],[27.0731892,38.4795332],[27.0728912,38.4797546]],[[27.0678561,38.4754198],[27.0677369,38.4755484],[27.0674579,38.4758423],[27.0666965,38.4766572],[27.0665534,38.476828],[27.0663192,38.4771259],[27.0659625,38.4776139],[27.065658,38.4780624],[27.0652818,38.4786739],[27.0652786,38.4786791],[27.0652539,38.478718]],[[27.0652539,38.478718],[27.065235,38.4788463],[27.0652263,38.478938],[27.0652337,38.4790074],[27.0652648,38.4790776],[27.065325,38.479161],[27.0653958,38.4792277],[27.0654561,38.4792725]],[[27.0654561,38.4792725],[27.0658739,38.4795553]],[[27.0658739,38.4795553],[27.0663344,38.4798527],[27.0669483,38.4802332],[27.0670586,38.480282],[27.0671327,38.4803075],[27.0671897,38.4803198],[27.0681678,38.4804003],[27.0687218,38.4804485],[27.0705502,38.4805848],[27.0712839,38.4806512],[27.0714024,38.4806628],[27.0715105,38.4806729],[27.0715905,38.4806717],[27.0716693,38.4806553],[27.0717785,38.4806262],[27.071818,38.4806028]],[[27.071818,38.4806028],[27.071964,38.4804948]],[[27.071964,38.4804948],[27.0720672,38.4804185]],[[27.0720672,38.4804185],[27.0722002,38.4803139]],[[27.0722002,38.4803139],[27.0723863,38.4801677],[27.0725724,38.4799872],[27.0725944,38.4799658],[27.0728573,38.4797644],[27.0730336,38.4796312]]]}},{"type":"Feature","properties":{"route":"tram","name":"T7: Feshane → Bayrampaşa Meydan","colour":"#b16400"},"geometry":{"type":"MultiLineString","coordinates":[[[28.929346,41.0436909],[28.9290204,41.0433003],[28.9286567,41.0428627],[28.9281685,41.0420352],[28.9279152,41.0415716],[28.9275209,41.0408665],[28.9272081,41.0403149],[28.9261097,41.0385725],[28.9247967,41.0366825],[28.9245955,41.0364377],[28.9243246,41.0362151],[28.9236165,41.0358004],[28.9228387,41.0352703],[28.9224819,41.0350073],[28.9221352,41.0347468],[28.9214929,41.0342407],[28.9211227,41.0339478],[28.920611,41.0335735],[28.9203663,41.0334651],[28.920184,41.0334214],[28.9199593,41.0334071],[28.9195785,41.0334111],[28.9191455,41.0334254],[28.9189384,41.033438],[28.9186449,41.0334277],[28.9180646,41.0333819],[28.9174423,41.0332939],[28.9160557,41.0330763],[28.9153804,41.0329261],[28.9149999,41.0328606],[28.9145939,41.0328163],[28.9143692,41.0328142],[28.9142189,41.032854],[28.9140563,41.0329419],[28.9133158,41.0334112],[28.9129809,41.0336246]],[[28.9376367,41.0465668],[28.937614,41.0465887],[28.9375446,41.0466555],[28.937459,41.0466903],[28.9373888,41.0467068],[28.9372876,41.0467105],[28.9372007,41.0466805],[28.9370817,41.0466233],[28.9366759,41.0462968],[28.9364862,41.0461963],[28.9360021,41.0460695],[28.9356646,41.0460147],[28.9355214,41.0460276],[28.9353919,41.046064],[28.9351236,41.046179],[28.9349578,41.0462421],[28.9348324,41.046256],[28.9347382,41.0462388],[28.9345787,41.0461786],[28.9343443,41.04609],[28.9341343,41.0459869],[28.9339997,41.0459364],[28.9338582,41.0458959],[28.9337484,41.0458844],[28.9335978,41.0459108],[28.9332918,41.0460564],[28.9329241,41.0462047],[28.9327942,41.0462661],[28.9325933,41.0462982],[28.9324239,41.0462794],[28.9322821,41.0462352],[28.932147,41.046169],[28.9318299,41.0458947],[28.9316854,41.0457778],[28.9315012,41.0456166],[28.9313107,41.0454402],[28.9310646,41.0452415],[28.9308252,41.0450422],[28.9305905,41.0448511],[28.930394,41.0446892],[28.930076,41.0444319],[28.9297052,41.0440885],[28.9295468,41.043927],[28.929346,41.0436909]]]}},{"type":"Feature","properties":{"route":"tram","name":"T7: Bayrampaşa Meydan → Feshane","colour":"#b16400"},"geometry":{"type":"MultiLineString","coordinates":[[[28.9377817,41.0455255],[28.9377261,41.0457719],[28.9376851,41.0459531],[28.9376548,41.0460737],[28.937615,41.0462221],[28.9375898,41.0463358],[28.9375707,41.046422],[28.9375187,41.0465195],[28.9374408,41.046595],[28.9373309,41.0466238],[28.9371846,41.046621],[28.9371027,41.0465888],[28.9369089,41.0464382],[28.9367221,41.0462965],[28.9364977,41.0461684],[28.9363314,41.0461158],[28.9360295,41.0460456],[28.9356611,41.0459886],[28.9355125,41.0459972],[28.9353756,41.0460355],[28.9352356,41.0460932],[28.9350593,41.0461698],[28.9349421,41.0462155],[28.9348409,41.046225],[28.9347234,41.0462097],[28.9345956,41.0461583],[28.9343639,41.0460665],[28.9341433,41.0459598],[28.9340146,41.0459103],[28.9338625,41.0458714],[28.9337131,41.0458649],[28.9335815,41.0458945],[28.9333297,41.0460082],[28.9331725,41.0460766],[28.9329212,41.0461828],[28.9327721,41.0462447],[28.9325934,41.0462747],[28.9324424,41.0462559],[28.9322986,41.04621],[28.9321821,41.0461183],[28.9318915,41.0458604],[28.9315715,41.0455769],[28.9313314,41.04542],[28.9310907,41.0452243],[28.9308513,41.045026],[28.930616,41.0448349],[28.9304202,41.0446736],[28.9301096,41.0444203],[28.9297342,41.0440629],[28.9295851,41.0439149],[28.929366,41.0436791]],[[28.929366,41.0436791],[28.9290521,41.0432851],[28.9287009,41.0428513],[28.9279616,41.0415739],[28.9274727,41.040705],[28.9272416,41.0402966],[28.9250299,41.0368722],[28.9247321,41.0364595],[28.9244532,41.0362005],[28.9236351,41.0357109],[28.9228492,41.0351606],[28.9215843,41.0341705],[28.9211576,41.0338137],[28.9209385,41.0336649],[28.9206784,41.0334979],[28.9205367,41.0334318],[28.9203325,41.033369],[28.9201563,41.0333379],[28.9198081,41.0333261],[28.9194832,41.0333355],[28.9189221,41.0333689],[28.9186825,41.0333708],[28.9180862,41.0333186],[28.9175319,41.0332452],[28.9153838,41.032897],[28.9150089,41.0328366],[28.9143797,41.0327141],[28.9141591,41.0327121],[28.9138907,41.0327457],[28.913791,41.0327816],[28.9136877,41.0328385],[28.9135396,41.03293],[28.9130851,41.0332099],[28.9127419,41.0334269]]]}},{"type":"Feature","properties":{"route":"tram","name":"Boztram (Taşıyıcılar-Adliye)","colour":null},"geometry":{"type":"LineString","coordinates":[[30.0870213,39.8985894],[30.086459,39.8988112],[30.0864147,39.8988285],[30.0852265,39.8992917],[30.0841715,39.8996497],[30.0836743,39.8997904],[30.0831489,39.8998843],[30.0828401,39.8999236],[30.0826311,39.8999502],[30.0814901,39.900101],[30.0801475,39.900268],[30.0799483,39.9002928],[30.0798427,39.9003059],[30.078214,39.9005085],[30.0778764,39.9005505],[30.0760869,39.900773],[30.0758794,39.9007988],[30.0730774,39.9011468],[30.0722787,39.901246],[30.0720958,39.9012687],[30.0700328,39.9015249],[30.06897,39.9016574],[30.0679583,39.9017836],[30.0666629,39.9019451],[30.0664195,39.9019756],[30.06623,39.9019995],[30.0660282,39.902025],[30.0655963,39.9020794],[30.0644834,39.9022196],[30.0631112,39.9023925],[30.0629868,39.9024077],[30.0627809,39.9024328],[30.0623586,39.9024842],[30.0603587,39.9027278],[30.0597828,39.9027979],[30.0590999,39.9028706],[30.0582673,39.9029593],[30.0581424,39.9029726],[30.0577463,39.9030147],[30.0575871,39.9030316],[30.0571502,39.9030782],[30.0568594,39.9031091],[30.055907,39.9032304],[30.0557458,39.9032509],[30.0552974,39.903308],[30.0538226,39.9034958],[30.0531965,39.9035715],[30.0530433,39.90359],[30.0513379,39.9037959],[30.0510129,39.9038352],[30.0506597,39.9038726],[30.0502102,39.9039202],[30.0500808,39.9039444],[30.0498717,39.9039835],[30.049717,39.9040139],[30.0488976,39.9041658],[30.0486219,39.9042235],[30.0471609,39.9045297],[30.0467375,39.9046185],[30.0466402,39.9046399],[30.0465345,39.9046632],[30.0452384,39.9049485],[30.0450224,39.9049908],[30.0435505,39.9052785],[30.0431904,39.9053561],[30.0430684,39.9053824],[30.042907,39.9054172],[30.0418438,39.9056463],[30.0410646,39.9057954],[30.0409402,39.9058192],[30.0403162,39.9059386],[30.0402002,39.9059626],[30.0398631,39.9060326],[30.0395031,39.9061073],[30.0388173,39.9062497],[30.0387043,39.9062685],[30.0386202,39.9062825],[30.0376661,39.9064416],[30.0373483,39.9064945],[30.0372395,39.9065049],[30.03591,39.9066311],[30.0357147,39.9066514],[30.0356234,39.9066623],[30.0354049,39.9066835],[30.0349493,39.9067782],[30.0348333,39.906826],[30.0347772,39.9068525],[30.034714,39.9068752],[30.0346202,39.9068949],[30.0345346,39.9068909],[30.0344618,39.9068725],[30.0343839,39.9068481],[30.0343046,39.9068255],[30.0341095,39.906805],[30.033823,39.9067946],[30.033497,39.9068228],[30.0334062,39.9068259],[30.0330387,39.9068534],[30.0330229,39.9068546],[30.0325021,39.9069232],[30.0321742,39.9069751],[30.0317962,39.9070512],[30.0315265,39.9071162],[30.0312089,39.9072157],[30.0309542,39.9073057],[30.0306539,39.9074288],[30.0303839,39.9075582],[30.0302982,39.9076034],[30.0298872,39.9078207],[30.029579,39.9080018],[30.0290151,39.9083585],[30.0287622,39.9085083],[30.028147,39.908962],[30.0279948,39.909087],[30.0279317,39.9091389],[30.0278976,39.9091669],[30.0275055,39.909489],[30.0268844,39.9101676],[30.0266098,39.9104941],[30.0251263,39.9122],[30.0242496,39.9132276],[30.0234582,39.9140755],[30.0231353,39.914389]]}},{"type":"Feature","properties":{"route":"tram","name":"Boztram (Adliye-Taşıyıcılar)","colour":null},"geometry":{"type":"LineString","coordinates":[[30.0231353,39.914389],[30.0230724,39.9144501],[30.0228333,39.9146598],[30.0228252,39.9146643],[30.022816,39.9146693],[30.0227938,39.9146725],[30.0227717,39.9146693],[30.0227527,39.9146599],[30.0227386,39.9146442],[30.022734,39.9146254],[30.0227357,39.91462],[30.0227398,39.9146068],[30.0237635,39.913649],[30.0247572,39.912545],[30.0265263,39.9104449],[30.0268177,39.9101144],[30.0274187,39.9095242],[30.0279583,39.9090632],[30.0280299,39.9090021],[30.0285908,39.9086116],[30.0292314,39.9081909],[30.0299721,39.9077341],[30.0303673,39.9075369],[30.0304455,39.907497],[30.0306596,39.9073911],[30.0311226,39.907219],[30.0314407,39.9071196],[30.0315573,39.9070831],[30.0320036,39.906976],[30.0324057,39.9069105],[30.0328159,39.9068631],[30.0330459,39.9068393],[30.0330639,39.9068374],[30.03331,39.9068212],[30.0334046,39.906815],[30.0336438,39.9067993],[30.0343185,39.9067376],[30.0343925,39.9067372],[30.0344375,39.9067374],[30.0345907,39.9067087],[30.0347603,39.9067024],[30.034839,39.9066983],[30.0357092,39.9066147],[30.0358171,39.9066067],[30.0373835,39.9064685],[30.037708,39.9064171],[30.0381234,39.9063499],[30.0386909,39.9062296],[30.0387873,39.9062091],[30.0390833,39.9061463],[30.0397341,39.9060082],[30.0410419,39.9057308],[30.0411513,39.9057076],[30.0427484,39.9053689],[30.0431618,39.9052813],[30.0433552,39.9052402],[30.0449843,39.9049026],[30.0466103,39.9045656],[30.0467112,39.9045447],[30.0468517,39.9045156],[30.0477358,39.9043361],[30.0485493,39.904165],[30.0489629,39.9040885],[30.0495921,39.9039722],[30.0498536,39.9039239],[30.050021,39.9038924],[30.0502968,39.903842],[30.051948,39.9036339],[30.0531751,39.9034792],[30.0533016,39.9034632],[30.0556444,39.9031679],[30.055887,39.9031373],[30.0560243,39.9031197],[30.0568309,39.9030183],[30.0569155,39.9030076],[30.0577228,39.9029058],[30.0579088,39.9028823],[30.0601107,39.9026048],[30.0603337,39.9025766],[30.0604814,39.902558],[30.0629539,39.9022462],[30.0632133,39.9022135],[30.0637622,39.9021443],[30.0661936,39.9018377],[30.0663722,39.9018152],[30.0666381,39.9017817],[30.0678833,39.9016247],[30.0722532,39.9011162],[30.0724181,39.901097],[30.0730401,39.9010145],[30.0760519,39.9006152],[30.0762174,39.9005927],[30.0781296,39.9003328],[30.0791928,39.9001987],[30.0801093,39.9000831],[30.0802918,39.9000601],[30.0828002,39.8997439],[30.0830148,39.8997168],[30.0832837,39.8996829],[30.0841943,39.8994671],[30.0850425,39.8991793],[30.0861452,39.8988338],[30.0863605,39.8987438],[30.0864459,39.8987081],[30.0870636,39.8983987],[30.0871811,39.8983399],[30.087206,39.8983246],[30.0872355,39.8983154],[30.0872671,39.898313],[30.0872984,39.8983175],[30.0873267,39.8983287],[30.0873497,39.8983455],[30.0873649,39.8983654],[30.0873727,39.8983877],[30.0873723,39.8984107],[30.087364,39.8984329],[30.0873482,39.8984525],[30.0873261,39.8984682],[30.0872994,39.8984787],[30.0871704,39.8985298],[30.0870213,39.8985894]]}},{"type":"Feature","properties":{"route":"tram","name":"Cevizli-Üsküdar","colour":null},"geometry":{"type":"MultiLineString","coordinates":[[[29.1352233,40.9222287],[29.1354779,40.9220575],[29.1359726,40.9217746],[29.1368502,40.921152],[29.1372435,40.920876],[29.1374843,40.920708],[29.1379479,40.9203852],[29.1384541,40.9200884],[29.1389079,40.9198873],[29.1398119,40.9194742],[29.1400549,40.9193631],[29.1408685,40.9189596],[29.1411267,40.9188315],[29.1418959,40.9184517],[29.1432216,40.9178489],[29.1443766,40.917255],[29.1452938,40.9167996],[29.1461424,40.9164096],[29.1468675,40.9160577],[29.1480502,40.9155091],[29.1487037,40.915207],[29.1489321,40.9151651],[29.1492034,40.9151511],[29.1509011,40.9152288],[29.1528126,40.9155107],[29.1547142,40.9157651],[29.1558466,40.9159939],[29.1562095,40.9161426],[29.1571261,40.9165903],[29.1590615,40.9175768],[29.1593386,40.9176513],[29.1598654,40.9177137],[29.1605877,40.9178037],[29.1611668,40.9178758],[29.1614545,40.9179138],[29.1624686,40.9180463],[29.1625684,40.9180573],[29.1627989,40.9180828],[29.1639304,40.9182165],[29.1653989,40.9183876],[29.1660986,40.9184741],[29.1663939,40.91851],[29.1667433,40.918553],[29.1672991,40.9186214]],[[29.1303014,40.9253659],[29.1306425,40.9250889],[29.1311864,40.9247707],[29.1320401,40.9243258],[29.1326406,40.9240246],[29.133463,40.9234872],[29.1352233,40.9222287]],[[29.040545,40.9902843],[29.0409577,40.9899254],[29.0412735,40.9896621],[29.0416856,40.9894236],[29.0419931,40.9892175],[29.0421849,40.9890869],[29.0425538,40.9888306],[29.0428353,40.9886795],[29.0435976,40.9882664],[29.0439469,40.9880778],[29.0445697,40.9877791],[29.0452969,40.9874358],[29.0461719,40.9870244],[29.0470945,40.9865662],[29.0478714,40.9861667],[29.048167,40.9860405],[29.0486028,40.9858754],[29.049121,40.9856677],[29.0499059,40.985397],[29.0506418,40.9851749],[29.051313,40.9850156],[29.0524564,40.984822],[29.0532321,40.9847042],[29.0534073,40.984685],[29.0541191,40.9846661],[29.0552563,40.9846352],[29.0564128,40.9845829],[29.0571305,40.9845179],[29.057537,40.984455],[29.0580006,40.9843584],[29.058558,40.9842349],[29.0590891,40.9840956],[29.0606473,40.9837507],[29.0620755,40.9834379],[29.0623198,40.9833806],[29.0639619,40.9830312],[29.0650835,40.9827928],[29.0659655,40.9826266],[29.0661775,40.9825661],[29.0677281,40.9820515],[29.0690237,40.9816301],[29.069808,40.9814517],[29.0709897,40.9811524],[29.0716503,40.9810029],[29.0728544,40.9807444],[29.0742796,40.9804775],[29.0745112,40.9804338],[29.0751949,40.9803086],[29.0755451,40.9802647],[29.0762794,40.9802106],[29.0764439,40.980179],[29.0766066,40.9801343],[29.0767856,40.9800428],[29.0769144,40.9799391],[29.0771536,40.9796746],[29.0775046,40.9792608],[29.0778897,40.9788537],[29.0781647,40.978463],[29.0784352,40.9780499],[29.0786361,40.977711],[29.0789708,40.9772886],[29.0795459,40.976528],[29.0797689,40.9760931],[29.0800522,40.9755774],[29.0801538,40.9754436],[29.0807847,40.9749281],[29.0811257,40.9746493],[29.0816221,40.9742449],[29.0818833,40.9739593],[29.0823478,40.9734428],[29.0830084,40.972686],[29.0831367,40.9724909],[29.0834673,40.9718211],[29.0835574,40.9716132],[29.083681,40.9713535],[29.0838372,40.9710251],[29.0840776,40.9705649],[29.0842298,40.970249],[29.0843346,40.9700944],[29.0848084,40.9694838],[29.0850338,40.9691864],[29.0851905,40.968954],[29.0853049,40.9687728],[29.085601,40.9683496],[29.0860233,40.9678361],[29.0863228,40.9674396],[29.0870451,40.966376],[29.0874932,40.9656597],[29.0880287,40.9650612],[29.0884765,40.9645601],[29.0887635,40.9642427],[29.0893764,40.9635696],[29.08962,40.9633722],[29.0898461,40.9632163],[29.0907233,40.9627108],[29.0910786,40.9625102],[29.0911668,40.9624569],[29.0921403,40.96191],[29.0925602,40.9616724],[29.092726,40.96156],[29.0930177,40.9612765],[29.0936243,40.960667],[29.0939324,40.9603667],[29.0943775,40.9599398],[29.0948205,40.9594747],[29.095205,40.9590558],[29.0952684,40.9589687],[29.095286,40.9588254],[29.0952482,40.9585158],[29.0952716,40.9583989],[29.0953593,40.9583235],[29.0955026,40.9582296],[29.0962068,40.9579056],[29.0971096,40.9574886],[29.0973968,40.9573204],[29.0982501,40.9568605],[29.0990102,40.9564656],[29.0992378,40.9563102],[29.0997829,40.9559383],[29.10007,40.9557277],[29.1002506,40.9555953],[29.1004132,40.9554761],[29.1005028,40.9553899],[29.1005876,40.9552495],[29.1006264,40.955052],[29.1006286,40.9548421],[29.1006253,40.9542501],[29.1006005,40.9534909],[29.1005912,40.9532429],[29.1006676,40.9530772],[29.1010283,40.9526457],[29.1016899,40.9518777],[29.1021723,40.9514322],[29.1026169,40.9511132],[29.1028882,40.9509733],[29.1037725,40.950541],[29.1039784,40.9504403],[29.1041987,40.9503326],[29.1044654,40.950174],[29.1048526,40.9498503],[29.1053702,40.9494314],[29.1055122,40.9493302],[29.1059979,40.9489978],[29.1062336,40.9487186],[29.1063624,40.9485413],[29.1065815,40.9482168],[29.1070455,40.9475594],[29.1071771,40.9474242],[29.1075348,40.9472438],[29.1080902,40.9469655],[29.108573,40.9467083],[29.108762,40.9466338],[29.1093642,40.9464562],[29.1101261,40.9462593],[29.1104621,40.9461114],[29.1108204,40.9459056],[29.1111418,40.9457018],[29.1115275,40.9453706],[29.1118199,40.9450456],[29.1121695,40.9446089],[29.1126909,40.9441403],[29.1128325,40.9440691],[29.1130759,40.9438249],[29.1136076,40.9433133],[29.1141053,40.9428306],[29.1148494,40.9421137],[29.115648,40.9413561],[29.1164122,40.9406524],[29.1169411,40.9401609],[29.1174305,40.9397011],[29.1182045,40.9389978],[29.1189949,40.9382615],[29.1191504,40.9381528],[29.1193644,40.938075],[29.1204322,40.9378516],[29.1207086,40.9377799],[29.1209655,40.9376802],[29.1211957,40.9375488],[29.121753,40.9371379],[29.1218676,40.9370534],[29.1220977,40.9368837],[29.1224404,40.9366296],[29.1224693,40.9366082],[29.1229947,40.9361502],[29.1233637,40.9358262],[29.1240093,40.9353409],[29.1247205,40.9348677],[29.1257202,40.9342135],[29.1259244,40.9340369],[29.1264344,40.9334767],[29.1269279,40.9329493],[29.1274737,40.9325553],[29.1278643,40.932246],[29.1280634,40.932052],[29.1283366,40.9317315],[29.1284736,40.9314771],[29.1285945,40.9311497],[29.1286735,40.9309194],[29.1289381,40.9301215],[29.1292171,40.9292793],[29.1293349,40.9286831],[29.1294511,40.9280257],[29.1294927,40.9277902],[29.1295119,40.9276817],[29.1296041,40.9271911],[29.1297634,40.9263431],[29.1298329,40.9260595],[29.1303014,40.9253659]],[[29.0400907,40.9906728],[29.040545,40.9902843]],[[29.0400907,40.9906728],[29.0399511,40.9907932],[29.039753,40.9910587],[29.0396871,40.9911609],[29.039495,40.9914711],[29.03901,40.9922784],[29.0388944,40.9924884],[29.0385849,40.9929423],[29.038027,40.993787],[29.0377967,40.9941512],[29.037715,40.9942357],[29.0376526,40.994268],[29.0375466,40.9942973],[29.0373631,40.9942725],[29.0372176,40.994204],[29.0367471,40.9939373],[29.0360542,40.9935184],[29.0355317,40.9931581],[29.0352405,40.992952],[29.034782,40.992609],[29.0341398,40.9923056],[29.0336594,40.9921107],[29.0330775,40.9918954],[29.0324112,40.9917467],[29.0312399,40.991419],[29.0298937,40.990886],[29.029385,40.9906933],[29.0291898,40.9906282],[29.029009,40.9906136],[29.0287625,40.9906419],[29.024469,40.9913839],[29.0242534,40.9914703],[29.0241206,40.9915847],[29.0240811,40.9916561],[29.024069,40.9917697],[29.0240907,40.991895],[29.0241634,40.9920685],[29.0242615,40.99223],[29.0243822,40.9924162],[29.0245714,40.9927398],[29.0246249,40.9929354],[29.0246391,40.9931432],[29.024636,40.9938637],[29.0246058,40.9945582],[29.0245752,40.9950615],[29.0245269,40.9955975],[29.0244774,40.9963769],[29.0243969,40.9967313],[29.0242822,40.9972192],[29.0242178,40.9974336]],[[29.0236687,40.9996959],[29.0242178,40.9974336]],[[29.0211395,41.00558],[29.0212591,41.0053128],[29.0213902,41.0050342],[29.0215506,41.004745],[29.0216068,41.0046353],[29.0216789,41.0044945],[29.0217835,41.0042707],[29.0219201,41.0039517],[29.0220621,41.0036322],[29.0222914,41.0031065],[29.0223859,41.0028882],[29.0225807,41.0024301],[29.0230301,41.0013259],[29.0234965,41.0002174],[29.0236354,40.9998269],[29.0236687,40.9996959]],[[29.0209819,41.0059226],[29.0211395,41.00558]],[[29.0154441,41.0258143],[29.0155736,41.0253961],[29.0156665,41.0250656],[29.0156859,41.0248071],[29.0157023,41.0245541],[29.0157264,41.0242309],[29.0157446,41.0239427],[29.0157629,41.0237477],[29.0157924,41.023521],[29.0158565,41.0230954],[29.0158753,41.0229636],[29.0159132,41.0227315],[29.0159488,41.0225442],[29.0160087,41.0223742],[29.0160772,41.0222661],[29.0163003,41.0220876],[29.0164754,41.0219869],[29.0166314,41.0218684],[29.0167255,41.0217311],[29.0168552,41.0215281],[29.0171539,41.0210825],[29.0173888,41.0207706],[29.0175229,41.0206578],[29.0180534,41.020226],[29.0184496,41.0199184],[29.0190438,41.0194866],[29.0198942,41.0188931],[29.0201386,41.0187257],[29.020642,41.0183819],[29.0211076,41.0180575],[29.0216535,41.0176968],[29.0222255,41.0174351],[29.023127,41.0170551],[29.023633,41.0168875],[29.0243135,41.0166921],[29.0251382,41.016473],[29.0253134,41.0164101],[29.0254344,41.0163649],[29.0255349,41.0163056],[29.0255698,41.0162456],[29.0255962,41.0161546],[29.0255811,41.0160314],[29.0250753,41.0153372],[29.0247949,41.0149845],[29.0244728,41.0146726],[29.0243095,41.0144626],[29.0236769,41.013636],[29.0235861,41.013514],[29.02352,41.0134491],[29.0234423,41.0134049],[29.0230223,41.0132943],[29.0226832,41.0132129],[29.0223887,41.0131505],[29.02218,41.0131024],[29.0218168,41.0130628],[29.0212978,41.0130417],[29.0207935,41.013022],[29.0204299,41.0129951],[29.0203506,41.0129416],[29.0202768,41.0128748],[29.0202251,41.0127675],[29.020174,41.012482],[29.0199729,41.0122295],[29.0197553,41.0120442],[29.0196713,41.0118517],[29.0196697,41.0117406],[29.0197557,41.0113993],[29.0198475,41.0109999],[29.019969,41.0104552],[29.0200391,41.0100569],[29.0200699,41.0099138],[29.0201835,41.0094626],[29.0202412,41.0091941],[29.0203432,41.0088179],[29.0203863,41.0083371],[29.0203817,41.0079424],[29.0204083,41.0075893],[29.0204351,41.0074143],[29.0205359,41.0071378],[29.020745,41.0065164],[29.0208128,41.0063456],[29.0209819,41.0059226]]]}},{"type":"Feature","properties":{"route":"tram","name":"T1 Kuruçeşme → Otogar","colour":null},"geometry":{"type":"MultiLineString","coordinates":[[[29.9754957,40.7750998],[29.9755198,40.7751553],[29.9755323,40.7751907],[29.9756492,40.7755562],[29.9756522,40.7755662],[29.9757371,40.7758437]],[[29.9573303,40.7671745],[29.9579449,40.7672358],[29.958069,40.7672523],[29.9584548,40.7673002],[29.9586747,40.767328],[29.9624093,40.7677995],[29.9624861,40.7678073],[29.9625502,40.767811],[29.9626094,40.76781],[29.9630775,40.7677931],[29.9659019,40.7676983],[29.9663227,40.7676751],[29.9668897,40.767653],[29.967184,40.7676465],[29.9672645,40.7676458],[29.9678138,40.7676605],[29.967881,40.7676595],[29.9712424,40.7675556],[29.9713858,40.7675506],[29.9728837,40.7674986],[29.9734186,40.7674478],[29.9736848,40.7674381],[29.9740158,40.7674294],[29.9744116,40.7674166],[29.9745247,40.7674129],[29.9749378,40.7673974],[29.9750206,40.7674092],[29.9751228,40.7674426],[29.9752353,40.7675143],[29.9752544,40.7675331],[29.9752713,40.7675496],[29.9752776,40.7675576],[29.9753307,40.7676251],[29.9753821,40.7676952],[29.976145,40.7687396],[29.9764979,40.7692128],[29.9765756,40.7693169],[29.976634,40.7693953],[29.9769294,40.7697913],[29.9769854,40.7698742],[29.9770257,40.7699549],[29.9770464,40.7700493],[29.9770502,40.7701219],[29.9770472,40.7701425],[29.9770393,40.7701978],[29.9770085,40.7702665],[29.9769348,40.7703639],[29.9769017,40.7703889],[29.9768047,40.7704466],[29.9767144,40.7704778],[29.9752703,40.7708336],[29.9751652,40.7708637],[29.9751328,40.770882],[29.9750766,40.7709139],[29.9750441,40.7709471],[29.9749896,40.7710026],[29.974944,40.7710753],[29.9749317,40.7711344],[29.9749276,40.7712302],[29.9750561,40.7716707],[29.9754917,40.7731641],[29.9755029,40.7732151],[29.975515,40.7733106],[29.9755083,40.7734945],[29.9754595,40.774294],[29.9754345,40.7745009],[29.9754171,40.774704],[29.9754197,40.7747645],[29.9754211,40.7747965],[29.9754439,40.7749072],[29.9754714,40.7750306],[29.9754957,40.7750998]],[[29.8766548,40.7641231],[29.8771636,40.7641259],[29.8776179,40.7641269],[29.8780008,40.7641651],[29.8782616,40.7641716],[29.8792462,40.7642118],[29.8794849,40.764216],[29.8798714,40.7642213],[29.8801504,40.764221],[29.88034,40.7642046],[29.8805009,40.7641737],[29.8807005,40.7641309],[29.8808566,40.764088]],[[29.8808566,40.764088],[29.8810055,40.7640338],[29.881258,40.7639202],[29.8816666,40.7637149],[29.8820932,40.7634902],[29.8825744,40.7632799],[29.8833095,40.7630201],[29.8837406,40.762904],[29.8840854,40.7628393],[29.8843079,40.7627979],[29.8844495,40.7627755],[29.8847965,40.762738],[29.8850944,40.7627232],[29.885944,40.7627075]],[[29.885944,40.7627075],[29.8864838,40.7627152],[29.8868736,40.7627146],[29.8881099,40.7626887],[29.8904135,40.7624738],[29.8922174,40.7622766],[29.8953864,40.7619303]],[[29.8953864,40.7619303],[29.8954926,40.7619187]],[[29.8954926,40.7619187],[29.8968723,40.7617679],[29.8969932,40.761753],[29.8974388,40.7616982],[29.8995111,40.7614235],[29.900287,40.7613251],[29.900776,40.7612779],[29.9017071,40.7611918],[29.9017671,40.7611839],[29.9023602,40.7611051],[29.9030468,40.7609814],[29.9035214,40.7609192],[29.9044578,40.7607969],[29.9054764,40.7606759],[29.9060763,40.7606062],[29.9067773,40.7605871],[29.9076813,40.7606445],[29.9083165,40.7607224],[29.9092241,40.7609014],[29.910907,40.76138],[29.9116801,40.7615825],[29.9117272,40.7615956],[29.9124962,40.7618087],[29.9126807,40.761855],[29.9128292,40.7618885],[29.912968,40.7619167],[29.9131202,40.7619368],[29.9132077,40.7619475],[29.913312,40.7619533],[29.914896,40.7619668],[29.9150526,40.7619711],[29.9151887,40.7619752],[29.9153453,40.7619843],[29.917572,40.7622276],[29.9177021,40.7622419],[29.9177629,40.7622489],[29.9177892,40.762252],[29.9178386,40.7622577],[29.9182861,40.7623087],[29.918763,40.762346],[29.9215949,40.7625265],[29.9216768,40.7625178],[29.921732,40.7625013],[29.9217868,40.7624719],[29.9218252,40.7624269],[29.9218529,40.7623937],[29.9218994,40.7623381],[29.9220123,40.7622104],[29.9220592,40.7621712],[29.9221095,40.7621396],[29.9221625,40.762118],[29.9222081,40.762109],[29.9222806,40.7621086],[29.9223198,40.7621115],[29.9223565,40.7621143],[29.9224507,40.7621297],[29.9225874,40.7621526],[29.9227057,40.7621717],[29.9228121,40.76218],[29.9228786,40.7621833],[29.9229526,40.7621771],[29.9230396,40.7621615],[29.9231516,40.7621353],[29.923201,40.7621243],[29.9233064,40.7620992],[29.9234149,40.7620743],[29.9234913,40.7620614],[29.9235589,40.7620566],[29.9236523,40.762059],[29.9238798,40.7620663],[29.9240975,40.7620767],[29.9241318,40.7620783],[29.924677,40.7621144],[29.9251699,40.762148],[29.9252288,40.762152],[29.9257878,40.7621668],[29.9261938,40.7621774],[29.926281,40.7621804],[29.9263619,40.7621832],[29.9265953,40.7621828],[29.9268131,40.7621743],[29.9269356,40.7621563],[29.9271162,40.7621244],[29.927248,40.7621028],[29.9273398,40.7620934],[29.9274568,40.7620888],[29.9275764,40.7620883],[29.9287429,40.762103],[29.9287893,40.7621037],[29.9288342,40.7621043],[29.929463,40.7621162],[29.9297056,40.7621359],[29.929951,40.7621623],[29.930808,40.7622568],[29.9309393,40.7622779],[29.9309754,40.7622837],[29.9311358,40.7623188],[29.9312378,40.7623411],[29.9313174,40.7623602],[29.9313959,40.7623829],[29.9314782,40.7623976],[29.9315545,40.7623996],[29.9316133,40.7623912],[29.931692,40.7623679],[29.9318151,40.7623234],[29.9320745,40.7622283],[29.9322982,40.7621422],[29.9325353,40.7620558],[29.9326396,40.76203],[29.9327408,40.7620217],[29.9328349,40.7620209],[29.933088,40.7620462],[29.9349872,40.7622792],[29.9350526,40.7622872],[29.9350924,40.7622921],[29.9351868,40.7622999],[29.9352016,40.7623009],[29.9353884,40.7623134],[29.9357236,40.7623264],[29.9360902,40.7623344],[29.9362387,40.7623354],[29.9364769,40.7623366],[29.9367238,40.7623381],[29.9369438,40.7623407],[29.93717,40.7623448],[29.9373605,40.762351],[29.9378977,40.7623801],[29.9381301,40.7623961],[29.9386183,40.7624377],[29.9387151,40.762452],[29.9387972,40.7624729],[29.9388755,40.7625073],[29.9389466,40.7625602],[29.9390021,40.7626162],[29.9390306,40.7626783],[29.9390469,40.7627382],[29.9390539,40.7628225],[29.9390155,40.762979],[29.9389886,40.7630865],[29.9388371,40.7636931],[29.9385193,40.764848],[29.9385059,40.7649231],[29.9385025,40.7649453],[29.9385011,40.7649954],[29.9385046,40.7650279],[29.9385449,40.7651189],[29.9385583,40.7651472],[29.9385997,40.7651882],[29.9386532,40.765213],[29.9390795,40.7652758],[29.9397129,40.7653649],[29.9402902,40.7654481],[29.9403702,40.7654557],[29.9404305,40.7654614],[29.9404771,40.7654658],[29.9405736,40.765473],[29.9406383,40.7654727],[29.9407676,40.7654711],[29.9409037,40.7654701],[29.9410129,40.7654655],[29.9413631,40.7654428],[29.9419034,40.7653955],[29.9422423,40.7653506],[29.9425735,40.7653043],[29.9434442,40.7651885],[29.9446313,40.7650302],[29.946035,40.7648352],[29.9464526,40.7647772],[29.9481988,40.7645337],[29.9494905,40.7643535],[29.9503789,40.7642255],[29.9505235,40.7642173],[29.9506131,40.7642184],[29.9506962,40.7642337],[29.9507634,40.7642538],[29.9508095,40.7642769],[29.9509117,40.7643422],[29.9509942,40.7644363],[29.9510398,40.7645412],[29.9512088,40.7653152],[29.9512276,40.7654798],[29.9512249,40.7656484],[29.9512103,40.7658835],[29.9511958,40.7665078],[29.9511901,40.7667433],[29.9511891,40.7668877],[29.9512248,40.7669683],[29.9512906,40.7670356],[29.9513623,40.7670907],[29.9514144,40.7671234],[29.9514731,40.7671446],[29.9515933,40.7671728],[29.9519196,40.7671847],[29.9523482,40.7672045],[29.9524436,40.7672089],[29.9527486,40.7672258],[29.9529809,40.76723],[29.9556424,40.7671593],[29.9563325,40.7671626],[29.9566883,40.7671589],[29.9570553,40.767156],[29.9571407,40.7671579],[29.9572444,40.7671647],[29.9573303,40.7671745]],[[29.9757242,40.7760608],[29.9757819,40.7760507],[29.975641,40.7755897],[29.9756127,40.7755947],[29.9755834,40.7755998],[29.9757242,40.7760608]]]}},{"type":"Feature","properties":{"route":"tram","name":"T2 Şehir Hastanesi → Kuruçeşme","colour":null},"geometry":{"type":"MultiLineString","coordinates":[[[29.9625459,40.7837017],[29.9618446,40.783875],[29.9614911,40.7839623],[29.9610051,40.7840823],[29.9595472,40.7844473]],[[29.9595472,40.7844473],[29.9594063,40.7844771],[29.9593164,40.7844961]],[[29.9593164,40.7844961],[29.9591531,40.7845242],[29.9589851,40.7845427],[29.9587827,40.7845552]],[[29.9587827,40.7845552],[29.9583416,40.784566]],[[29.9583416,40.784566],[29.9575328,40.7845827]],[[29.9575328,40.7845827],[29.9551395,40.7847114]],[[29.9551395,40.7847114],[29.9543277,40.7847539],[29.9538262,40.7847786]],[[29.9538262,40.7847786],[29.9534461,40.7847946],[29.9530707,40.7848104],[29.9526963,40.7847848],[29.9523867,40.7847115],[29.9521936,40.7846363]],[[29.9521936,40.7846363],[29.9521266,40.7845998],[29.9496536,40.7826927],[29.9495054,40.782544],[29.9494867,40.7825252],[29.949439,40.7824774],[29.9493478,40.7823373],[29.949284,40.7821849],[29.949262,40.7821322],[29.9492459,40.7819474],[29.9492566,40.7818093],[29.9494819,40.7807613],[29.9496594,40.7800494],[29.9496963,40.779909],[29.9498106,40.7795437],[29.9499113,40.7792069],[29.9500078,40.7789441],[29.9500987,40.7786199],[29.9501471,40.7783863],[29.9501865,40.7781999],[29.9502137,40.7780814],[29.9502363,40.7779884],[29.9502564,40.7779315],[29.9502841,40.7778696],[29.9503773,40.7777102],[29.9504979,40.7775387],[29.9507292,40.7771992],[29.950808,40.777069],[29.9508498,40.7769509],[29.950943,40.7765895],[29.9509847,40.7764508],[29.9510378,40.7763462],[29.9510956,40.7762622],[29.9511503,40.7761928],[29.9514202,40.7759349],[29.9515713,40.7757803],[29.9516096,40.7757261],[29.9518401,40.7752992],[29.9520194,40.7750218],[29.9520389,40.7749995],[29.9526648,40.7743527],[29.953059,40.7740924],[29.9531252,40.7740265],[29.9532171,40.7739067],[29.9532978,40.773743],[29.9534188,40.7734718],[29.953464,40.7733447],[29.9535642,40.7730224],[29.953614,40.7728621],[29.9536288,40.7728159],[29.953651,40.7727653],[29.9536924,40.7727036],[29.9537398,40.7726675],[29.9538739,40.7725625],[29.9540561,40.7724405],[29.9541067,40.7723957],[29.9541272,40.7723775],[29.9544547,40.771891],[29.9546277,40.7716331],[29.9548784,40.7713111],[29.9552057,40.7709067],[29.9559369,40.7700728],[29.9569306,40.7689693],[29.9570812,40.7687973],[29.9571735,40.7686666],[29.9575563,40.76802],[29.9576797,40.767811],[29.9577348,40.7676932]],[[29.9577348,40.7676932],[29.9577764,40.7675907],[29.9577937,40.7675358],[29.9578006,40.7674809],[29.957796,40.7674354],[29.957786,40.767402],[29.9577688,40.7673712],[29.9577482,40.7673463],[29.9577167,40.7673196],[29.9576786,40.7672952],[29.9576285,40.7672734],[29.9575651,40.7672562],[29.9573281,40.7672061]],[[29.9573281,40.7672061],[29.957177,40.7671956],[29.9571297,40.7671924],[29.9570802,40.7671911],[29.9570172,40.767191],[29.9566878,40.7671933],[29.956336,40.7671978],[29.9556408,40.7671925],[29.9529921,40.7672573],[29.9527385,40.7672603],[29.9523308,40.7672366],[29.9515942,40.7672015],[29.9514159,40.767156],[29.9513373,40.7671196],[29.9512986,40.7670901],[29.9512563,40.7670578],[29.9511814,40.7669805],[29.9511449,40.7668938],[29.9511472,40.7667672],[29.9511526,40.7665056],[29.9511639,40.7658831],[29.9511796,40.7656535],[29.951182,40.7654899],[29.9511659,40.7653254],[29.9509969,40.7645595],[29.9509524,40.7644493],[29.9508714,40.7643538],[29.9507766,40.7642997],[29.950729,40.7642801],[29.9506933,40.7642704],[29.9506332,40.7642586],[29.9505085,40.7642492],[29.9503798,40.7642596],[29.9495137,40.764384],[29.9482067,40.7645667],[29.9464551,40.7648115],[29.9460404,40.7648684],[29.9446385,40.7650594],[29.9434653,40.7652144],[29.942579,40.7653302],[29.9422567,40.7653794],[29.9419045,40.7654204],[29.9410142,40.765495],[29.9409962,40.7654965],[29.9408884,40.7655009],[29.9407567,40.765504],[29.9406276,40.7655046],[29.9405658,40.7655041],[29.9404715,40.765498],[29.9404212,40.765493],[29.9403534,40.7654862],[29.9400844,40.7654493],[29.9393439,40.7653471],[29.938876,40.7652808],[29.9387128,40.7652529],[29.9386369,40.7652325],[29.9385756,40.7652021],[29.9385216,40.765151],[29.9385008,40.7651123],[29.9384827,40.7650797],[29.9384579,40.7650202],[29.9384549,40.7649886],[29.9384549,40.7649424],[29.9384715,40.7648662],[29.9386913,40.7640691],[29.9387956,40.763691],[29.9389463,40.7630827],[29.938973,40.7629749],[29.9390008,40.7628215],[29.9389959,40.7627544],[29.9389756,40.7626968],[29.9389437,40.7626367],[29.9388972,40.7625893],[29.9388323,40.7625405],[29.938757,40.7625025],[29.9386276,40.7624725],[29.9381236,40.762432],[29.9379087,40.7624179],[29.9373495,40.7623852],[29.9370559,40.7623802],[29.9367905,40.7623752],[29.9364762,40.7623709],[29.9362445,40.7623671],[29.9360439,40.7623624],[29.9357354,40.7623561],[29.935361,40.7623422],[29.9352001,40.7623305],[29.9351872,40.7623292],[29.935084,40.7623191],[29.9350447,40.7623144],[29.9349809,40.7623067],[29.9330756,40.7620767],[29.9329214,40.7620601],[29.9327869,40.7620534],[29.9326981,40.7620589],[29.9325876,40.7620771],[29.9325044,40.7620998],[29.9323081,40.7621712],[29.9320887,40.7622551],[29.9318745,40.7623369],[29.9318298,40.7623539],[29.9316976,40.7623987],[29.9316254,40.7624167],[29.9315591,40.7624249],[29.9314683,40.762422],[29.9313887,40.7624064],[29.9312438,40.7623718],[29.9311359,40.7623467],[29.9309759,40.7623094],[29.9309389,40.7623044],[29.9308066,40.7622865],[29.9306801,40.7622724],[29.9299456,40.7621907],[29.929706,40.762161],[29.929465,40.7621423],[29.9288389,40.762129],[29.9287925,40.7621271],[29.9287444,40.7621274],[29.9276481,40.7621112],[29.9275049,40.7621105],[29.9273597,40.762116],[29.927268,40.7621236],[29.927186,40.7621355],[29.926807,40.7622032],[29.9265908,40.7622287],[29.9264307,40.7622432],[29.9263571,40.7622499],[29.9262768,40.762249],[29.9261664,40.7622477],[29.9257819,40.7622383],[29.9253048,40.762223],[29.9252371,40.7622134],[29.924676,40.7621342],[29.9240944,40.7621002],[29.9235694,40.7620828],[29.9235144,40.7620866],[29.9234667,40.7620932],[29.9233598,40.7621159],[29.9231254,40.7621682],[29.9230377,40.7621879],[29.9229628,40.7622011],[29.9228762,40.7622082],[29.9227823,40.7622044],[29.9226638,40.7621944],[29.922312,40.7621436],[29.9222883,40.7621412],[29.9222187,40.7621412],[29.9221701,40.7621528],[29.9221082,40.7621789],[29.9220534,40.7622188],[29.9220167,40.7622607],[29.9219545,40.7623289],[29.9218957,40.7624017],[29.9218904,40.7624083],[29.9218686,40.7624355],[29.9218427,40.7624649],[29.9218275,40.7624823],[29.9217957,40.762504],[29.9217646,40.7625198],[29.9217304,40.7625339],[29.9216812,40.7625437],[29.9216209,40.7625484],[29.9215637,40.7625465],[29.9214169,40.7625419],[29.9186866,40.7623721],[29.9182716,40.7623403],[29.917833,40.7622869],[29.917783,40.7622809],[29.9177698,40.7622793],[29.9176491,40.7622647],[29.91748,40.7622457],[29.9154174,40.7620206],[29.9151177,40.7620049],[29.914843,40.7620028],[29.9133493,40.7619893],[29.913164,40.7619792],[29.9130082,40.7619574],[29.9128618,40.7619317],[29.9126983,40.7618964],[29.9124645,40.761835],[29.9120202,40.7617116],[29.9113025,40.7615206],[29.9108904,40.761409],[29.9092055,40.7609317],[29.9083285,40.7607547],[29.9076548,40.7606708],[29.9067399,40.7606179],[29.9060434,40.7606363],[29.9043183,40.7608375],[29.902974,40.7610179],[29.9020697,40.7611799],[29.9017706,40.7612077],[29.900472,40.7613282],[29.8990639,40.7615063],[29.8973828,40.7617373],[29.8969971,40.7617824],[29.8963116,40.7618626],[29.8955064,40.7619652]],[[29.8955064,40.7619652],[29.8954007,40.7619787]],[[29.8954007,40.7619787],[29.8924668,40.7622924],[29.892226,40.7623171],[29.8910193,40.7624406],[29.8905407,40.7624902],[29.8881071,40.7627328],[29.8875037,40.7627417],[29.8868718,40.7627448],[29.8864819,40.7627461],[29.885945,40.7627438]],[[29.885945,40.7627438],[29.8851778,40.7627532],[29.8849216,40.7627614],[29.8846158,40.7627887],[29.8844642,40.7628078],[29.8841341,40.7628607],[29.8838126,40.762935],[29.8833495,40.7630529],[29.8825874,40.7633229],[29.882116,40.7635211],[29.8813789,40.7639149],[29.8811001,40.7640412],[29.8808791,40.7641245]],[[29.8808791,40.7641245],[29.8806904,40.7641767],[29.8805072,40.7642166],[29.8803113,40.7642449],[29.8801367,40.7642573],[29.8799162,40.7642564],[29.8794157,40.7642518],[29.8792395,40.7642463],[29.8782596,40.7642159],[29.8780117,40.7642105],[29.8771636,40.7642045],[29.8766669,40.7641954]]]}},{"type":"Feature","properties":{"route":"tram","name":"T2 Kuruçeşme → Şehir Hastanesi","colour":null},"geometry":{"type":"MultiLineString","coordinates":[[[29.959537,40.7844083],[29.9609823,40.7840431],[29.9614717,40.7839237],[29.9618259,40.7838373],[29.96253,40.7836656]],[[29.9593039,40.7844578],[29.9594758,40.7844213],[29.959537,40.7844083]],[[29.9587804,40.7845122],[29.9590167,40.7844967],[29.9592485,40.7844674],[29.9593039,40.7844578]],[[29.9583371,40.7845243],[29.9587804,40.7845122]],[[29.9575282,40.7845466],[29.9583371,40.7845243]],[[29.9551374,40.7846715],[29.9575282,40.7845466]],[[29.9538254,40.7847408],[29.9543218,40.7847165],[29.9551374,40.7846715]],[[29.9522257,40.7846084],[29.9524065,40.7846779],[29.9526935,40.7847469],[29.953061,40.7847733],[29.9534428,40.7847571],[29.9538254,40.7847408]],[[29.9577775,40.7677057],[29.9575948,40.7680301],[29.9571658,40.76877],[29.9570956,40.7688519],[29.9569673,40.7689935],[29.9567846,40.7691952],[29.9556512,40.7704366],[29.9552488,40.7709068],[29.9551986,40.7709655],[29.9547676,40.7715022],[29.9542091,40.7723356],[29.954147,40.7724144],[29.9540916,40.7724646],[29.9537836,40.7726988],[29.953743,40.7727339],[29.9536842,40.7728134],[29.9536662,40.7728787],[29.9536248,40.7730293],[29.9536124,40.7730804],[29.9535663,40.7732453],[29.9534613,40.7735304],[29.9533358,40.7738038],[29.9532769,40.7739183],[29.9531822,40.7740269],[29.9531053,40.7741103],[29.9529773,40.7741917],[29.952798,40.7743081],[29.9527135,40.7743702],[29.9523677,40.7747231],[29.952117,40.7750166],[29.9518965,40.7753535],[29.9516814,40.7757433],[29.9516211,40.7758156],[29.9514282,40.7760079],[29.9512194,40.7762135],[29.9511631,40.7762792],[29.9511101,40.7763559],[29.9510619,40.776452],[29.9510137,40.7765993],[29.9509221,40.7769655],[29.9508835,40.777075],[29.950808,40.7772077],[29.9504866,40.7776749],[29.9503924,40.7778119],[29.9503198,40.7779418],[29.9503034,40.7779871],[29.9502901,40.7780244],[29.9502768,40.7780909],[29.950244,40.778203],[29.9501999,40.7783942],[29.9501202,40.7787397],[29.9500412,40.7789985],[29.9499097,40.7794125],[29.9497705,40.7798637],[29.9497195,40.7800536],[29.9495123,40.7808827],[29.9493782,40.7815123],[29.9493058,40.7818535],[29.9493121,40.7819825],[29.9493277,40.7821098],[29.9493495,40.7821735],[29.9494005,40.7823227],[29.9494786,40.7824488],[29.9495291,40.7825038],[29.9496342,40.7826183],[29.9521705,40.7845804],[29.9522257,40.7846084]],[[29.9584636,40.7673358],[29.9582382,40.7673321],[29.9581802,40.7673312],[29.9581291,40.767338],[29.9580908,40.7673461],[29.9580537,40.7673585],[29.9579986,40.7673881],[29.9579671,40.7674123],[29.9579436,40.7674364],[29.9579083,40.7674846],[29.9577775,40.7677057]],[[29.9578024,40.7673258],[29.957834,40.7673664],[29.9578459,40.7673927],[29.9578522,40.7674173],[29.9578558,40.7674603],[29.9578555,40.7674883],[29.9577775,40.7677057]],[[29.9573303,40.7671745],[29.9574883,40.767202],[29.9575588,40.7672179],[29.9576377,40.7672379],[29.9577357,40.7672733],[29.9577628,40.7672896],[29.9577852,40.7673077],[29.9578024,40.7673258]],[[29.8954926,40.7619187],[29.8968723,40.7617679],[29.8969932,40.761753],[29.8974388,40.7616982],[29.8995111,40.7614235],[29.900287,40.7613251],[29.900776,40.7612779],[29.9017071,40.7611918],[29.9017671,40.7611839],[29.9023602,40.7611051],[29.9030468,40.7609814],[29.9035214,40.7609192],[29.9044578,40.7607969],[29.9054764,40.7606759],[29.9060763,40.7606062],[29.9067773,40.7605871],[29.9076813,40.7606445],[29.9083165,40.7607224],[29.9092241,40.7609014],[29.910907,40.76138],[29.9116801,40.7615825],[29.9117272,40.7615956],[29.9124962,40.7618087],[29.9126807,40.761855],[29.9128292,40.7618885],[29.912968,40.7619167],[29.9131202,40.7619368],[29.9132077,40.7619475],[29.913312,40.7619533],[29.914896,40.7619668],[29.9150526,40.7619711],[29.9151887,40.7619752],[29.9153453,40.7619843],[29.917572,40.7622276],[29.9177021,40.7622419],[29.9177629,40.7622489],[29.9177892,40.762252],[29.9178386,40.7622577],[29.9182861,40.7623087],[29.918763,40.762346],[29.9215949,40.7625265],[29.9216768,40.7625178],[29.921732,40.7625013],[29.9217868,40.7624719],[29.9218252,40.7624269],[29.9218529,40.7623937],[29.9218994,40.7623381],[29.9220123,40.7622104],[29.9220592,40.7621712],[29.9221095,40.7621396],[29.9221625,40.762118],[29.9222081,40.762109],[29.9222806,40.7621086],[29.9223198,40.7621115],[29.9223565,40.7621143],[29.9224507,40.7621297],[29.9225874,40.7621526],[29.9227057,40.7621717],[29.9228121,40.76218],[29.9228786,40.7621833],[29.9229526,40.7621771],[29.9230396,40.7621615],[29.9231516,40.7621353],[29.923201,40.7621243],[29.9233064,40.7620992],[29.9234149,40.7620743],[29.9234913,40.7620614],[29.9235589,40.7620566],[29.9236523,40.762059],[29.9238798,40.7620663],[29.9240975,40.7620767],[29.9241318,40.7620783],[29.924677,40.7621144],[29.9251699,40.762148],[29.9252288,40.762152],[29.9257878,40.7621668],[29.9261938,40.7621774],[29.926281,40.7621804],[29.9263619,40.7621832],[29.9265953,40.7621828],[29.9268131,40.7621743],[29.9269356,40.7621563],[29.9271162,40.7621244],[29.927248,40.7621028],[29.9273398,40.7620934],[29.9274568,40.7620888],[29.9275764,40.7620883],[29.9287429,40.762103],[29.9287893,40.7621037],[29.9288342,40.7621043],[29.929463,40.7621162],[29.9297056,40.7621359],[29.929951,40.7621623],[29.930808,40.7622568],[29.9309393,40.7622779],[29.9309754,40.7622837],[29.9311358,40.7623188],[29.9312378,40.7623411],[29.9313174,40.7623602],[29.9313959,40.7623829],[29.9314782,40.7623976],[29.9315545,40.7623996],[29.9316133,40.7623912],[29.931692,40.7623679],[29.9318151,40.7623234],[29.9320745,40.7622283],[29.9322982,40.7621422],[29.9325353,40.7620558],[29.9326396,40.76203],[29.9327408,40.7620217],[29.9328349,40.7620209],[29.933088,40.7620462],[29.9349872,40.7622792],[29.9350526,40.7622872],[29.9350924,40.7622921],[29.9351868,40.7622999],[29.9352016,40.7623009],[29.9353884,40.7623134],[29.9357236,40.7623264],[29.9360902,40.7623344],[29.9362387,40.7623354],[29.9364769,40.7623366],[29.9367238,40.7623381],[29.9369438,40.7623407],[29.93717,40.7623448],[29.9373605,40.762351],[29.9378977,40.7623801],[29.9381301,40.7623961],[29.9386183,40.7624377],[29.9387151,40.762452],[29.9387972,40.7624729],[29.9388755,40.7625073],[29.9389466,40.7625602],[29.9390021,40.7626162],[29.9390306,40.7626783],[29.9390469,40.7627382],[29.9390539,40.7628225],[29.9390155,40.762979],[29.9389886,40.7630865],[29.9388371,40.7636931],[29.9385193,40.764848],[29.9385059,40.7649231],[29.9385025,40.7649453],[29.9385011,40.7649954],[29.9385046,40.7650279],[29.9385449,40.7651189],[29.9385583,40.7651472],[29.9385997,40.7651882],[29.9386532,40.765213],[29.9390795,40.7652758],[29.9397129,40.7653649],[29.9402902,40.7654481],[29.9403702,40.7654557],[29.9404305,40.7654614],[29.9404771,40.7654658],[29.9405736,40.765473],[29.9406383,40.7654727],[29.9407676,40.7654711],[29.9409037,40.7654701],[29.9410129,40.7654655],[29.9413631,40.7654428],[29.9419034,40.7653955],[29.9422423,40.7653506],[29.9425735,40.7653043],[29.9434442,40.7651885],[29.9446313,40.7650302],[29.946035,40.7648352],[29.9464526,40.7647772],[29.9481988,40.7645337],[29.9494905,40.7643535],[29.9503789,40.7642255],[29.9505235,40.7642173],[29.9506131,40.7642184],[29.9506962,40.7642337],[29.9507634,40.7642538],[29.9508095,40.7642769],[29.9509117,40.7643422],[29.9509942,40.7644363],[29.9510398,40.7645412],[29.9512088,40.7653152],[29.9512276,40.7654798],[29.9512249,40.7656484],[29.9512103,40.7658835],[29.9511958,40.7665078],[29.9511901,40.7667433],[29.9511891,40.7668877],[29.9512248,40.7669683],[29.9512906,40.7670356],[29.9513623,40.7670907],[29.9514144,40.7671234],[29.9514731,40.7671446],[29.9515933,40.7671728],[29.9519196,40.7671847],[29.9523482,40.7672045],[29.9524436,40.7672089],[29.9527486,40.7672258],[29.9529809,40.76723],[29.9556424,40.7671593],[29.9563325,40.7671626],[29.9566883,40.7671589],[29.9570553,40.767156],[29.9571407,40.7671579],[29.9572444,40.7671647],[29.9573303,40.7671745]],[[29.8953864,40.7619303],[29.8954926,40.7619187]],[[29.885944,40.7627075],[29.8864838,40.7627152],[29.8868736,40.7627146],[29.8881099,40.7626887],[29.8904135,40.7624738],[29.8922174,40.7622766],[29.8953864,40.7619303]],[[29.8808566,40.764088],[29.8810055,40.7640338],[29.881258,40.7639202],[29.8816666,40.7637149],[29.8820932,40.7634902],[29.8825744,40.7632799],[29.8833095,40.7630201],[29.8837406,40.762904],[29.8840854,40.7628393],[29.8843079,40.7627979],[29.8844495,40.7627755],[29.8847965,40.762738],[29.8850944,40.7627232],[29.885944,40.7627075]],[[29.8766548,40.7641231],[29.8771636,40.7641259],[29.8776179,40.7641269],[29.8780008,40.7641651],[29.8782616,40.7641716],[29.8792462,40.7642118],[29.8794849,40.764216],[29.8798714,40.7642213],[29.8801504,40.764221],[29.88034,40.7642046],[29.8805009,40.7641737],[29.8807005,40.7641309],[29.8808566,40.764088]]]}},{"type":"Feature","properties":{"route":"tram","name":"T Otogar → Aliyahya Ring","colour":null},"geometry":{"type":"MultiLineString","coordinates":[[[29.9807348,40.7738775],[29.9807037,40.7738611],[29.9810378,40.773498],[29.9810688,40.7735144],[29.9807348,40.7738775]],[[29.9808397,40.7739256],[29.9808085,40.7739091],[29.9811426,40.7735461],[29.9811737,40.7735625],[29.9808397,40.7739256]],[[29.9757242,40.7760608],[29.9757819,40.7760507],[29.975641,40.7755897],[29.9756127,40.7755947],[29.9755834,40.7755998],[29.9757242,40.7760608]],[[29.9756416,40.7758552],[29.9757014,40.7760655]],[[29.9757014,40.7760655],[29.9758449,40.7764498],[29.9759173,40.7767139],[29.9761013,40.7775483]],[[29.9763818,40.777777],[29.9763144,40.7777683],[29.976268,40.7777529],[29.9761977,40.7777126],[29.9761839,40.7776957],[29.9761412,40.7776314],[29.9761013,40.7775483]],[[29.976571,40.7777806],[29.9763818,40.777777]],[[29.986134,40.7721537],[29.9859041,40.7721529],[29.9856109,40.7721479],[29.9854757,40.7721432],[29.9854157,40.7721424],[29.9851712,40.772145],[29.9847942,40.7721614],[29.9845975,40.7721861],[29.9844522,40.7722137],[29.9843171,40.7722513],[29.9841582,40.7723045],[29.9836231,40.772513],[29.9835166,40.772539],[29.9834597,40.7725444],[29.9832828,40.7725382],[29.9826472,40.7722722],[29.9826081,40.7722695],[29.9825114,40.7722627],[29.982375,40.7722779],[29.9822886,40.7723044],[29.9822275,40.772336],[29.9813428,40.7732946],[29.9809408,40.773729],[29.9807272,40.773968],[29.9805924,40.7741749],[29.9805024,40.7743596],[29.9804827,40.7743999],[29.9804677,40.7744307],[29.9804408,40.774486],[29.9788762,40.7776965],[29.9788435,40.7777399],[29.978805,40.7777733],[29.9787475,40.7778063],[29.9787076,40.7778178],[29.9777766,40.7778067],[29.9776688,40.7778044],[29.9775778,40.7778024],[29.9768217,40.777786],[29.9767122,40.7777837],[29.976571,40.7777806]],[[30.0156232,40.7681531],[30.0152556,40.7682319],[30.0148093,40.7683276],[30.0071215,40.7699753],[30.0069247,40.7700452],[30.0065627,40.7701208],[30.0062486,40.7701864],[30.0060609,40.770215],[30.0052053,40.7703995],[30.0050415,40.7704348],[30.0035877,40.7707896],[30.002535,40.7710465],[30.001914,40.7711981],[30.0018347,40.7712169],[30.000918,40.7714335],[30.0008166,40.7714575],[30.0004902,40.7715149],[30.0002869,40.7715195],[30.0001779,40.771522],[29.9995152,40.7715135],[29.9993095,40.7715109],[29.9986004,40.7715017],[29.9980963,40.7714953],[29.9964809,40.7714745],[29.9958632,40.7714665],[29.9951919,40.7714579],[29.9945015,40.771449],[29.9937677,40.7714396],[29.993625,40.7714643],[29.993498,40.7714862],[29.9932837,40.7715589],[29.9928438,40.7717081],[29.9920643,40.7719726],[29.9906784,40.7724428],[29.9905974,40.7724685],[29.9905296,40.7724696],[29.9905082,40.77247],[29.9904412,40.7724578],[29.9900088,40.7722664],[29.9898688,40.7722262],[29.9896837,40.7722006],[29.9877093,40.7721744],[29.9866028,40.7721599],[29.9865758,40.7721595],[29.986134,40.7721537]],[[29.9854599,40.7721076],[29.9854595,40.7721374],[29.9861345,40.7721434],[29.986135,40.7721137],[29.9854599,40.7721076]],[[29.986133,40.7721057],[29.9862107,40.7721067],[29.986602,40.7721121],[29.9877088,40.7721271],[29.9896868,40.7721577],[29.9898933,40.772189],[29.9900604,40.7722374],[29.9902895,40.772334],[29.9903946,40.7723838],[29.9904528,40.7724037],[29.990496,40.772408],[29.9905358,40.7724027],[29.9905711,40.772398],[29.9913962,40.7721091],[29.9920653,40.7718748],[29.9928473,40.7716009],[29.9932069,40.771475],[29.9934172,40.7714013],[29.9934792,40.7713814],[29.9935393,40.7713715],[29.993622,40.7713627],[29.9937946,40.7713445],[29.9938547,40.7713402],[29.9944994,40.7713607],[29.9951905,40.7713827],[29.9961359,40.7714128],[29.9965382,40.7714256],[29.9967551,40.7714325],[29.9968246,40.7714351],[29.9977339,40.7714405],[29.9986011,40.7714457],[29.9995162,40.7714511],[29.9997295,40.7714524],[30.0003672,40.7714561],[30.000468,40.7714482],[30.0006384,40.7714219],[30.0009176,40.7713601],[30.0016605,40.7711955],[30.0018789,40.7711406],[30.0032558,40.7708052],[30.0049562,40.7703911],[30.0051789,40.7703426],[30.0060208,40.7701594],[30.0062235,40.7701026],[30.006531,40.7700374],[30.0068885,40.7699615],[30.0071146,40.7699336],[30.0140071,40.7684239],[30.0152169,40.7681589],[30.0155933,40.7680764]],[[29.9765651,40.7777442],[29.9767184,40.7777464],[29.9768226,40.7777479],[29.9776002,40.7777592],[29.9776998,40.7777606],[29.9778113,40.7777622],[29.978642,40.7777742],[29.9786999,40.777769],[29.9787327,40.7777563],[29.9787482,40.7777503],[29.9787753,40.7777288],[29.9788068,40.7776966],[29.9788267,40.7776634],[29.9789237,40.7774654],[29.9803846,40.7745033],[29.9804319,40.7744063],[29.980454,40.774361],[29.9804787,40.7743104],[29.980551,40.7741622],[29.9807013,40.773948],[29.9809052,40.7737217],[29.9813063,40.7732831],[29.9822053,40.7723107],[29.9822697,40.7722731],[29.9823805,40.7722475],[29.9825209,40.7722333],[29.9826634,40.7722509],[29.983193,40.7724715],[29.9833253,40.7725174],[29.9833844,40.7725178],[29.9834529,40.7725147],[29.9835211,40.7724949],[29.9836265,40.7724595],[29.9841114,40.772262],[29.9842514,40.7722093],[29.9843553,40.7721804],[29.9844781,40.7721524],[29.9846034,40.7721326],[29.9848191,40.7721158],[29.9852999,40.7721011],[29.9854358,40.772098],[29.9856117,40.7720983],[29.9858999,40.7721023],[29.986133,40.7721057]],[[29.9763776,40.7777403],[29.9765651,40.7777442]],[[29.9761339,40.7775491],[29.9761977,40.7776446],[29.9762573,40.7776998],[29.9763035,40.7777256],[29.9763453,40.7777371],[29.9763776,40.7777403]],[[29.9757995,40.776045],[29.9758344,40.776214],[29.9758611,40.7763436],[29.9759428,40.7766878],[29.9760491,40.7771369],[29.9761339,40.7775491]],[[29.9757371,40.7758437],[29.9757995,40.776045]],[[29.9929589,40.771587],[29.992984,40.7716301],[29.9935141,40.7714527],[29.993489,40.7714096],[29.9929589,40.771587]],[[29.9993505,40.7715511],[29.999351,40.7715223],[29.9999353,40.7715285],[29.9999348,40.7715572],[29.9993505,40.7715511]],[[29.9993443,40.7714584],[29.9993449,40.7714296],[29.9999291,40.7714359],[29.9999286,40.7714645],[29.9993443,40.7714584]],[[30.0062294,40.7701234],[30.0062427,40.7701602],[30.0069144,40.7700205],[30.006901,40.7699835],[30.0062294,40.7701234]],[[30.0149003,40.7682431],[30.0149137,40.76828],[30.0155854,40.7681402],[30.015572,40.7681033],[30.0149003,40.7682431]]]}},{"type":"Feature","properties":{"route":"subway","name":"M2 Kuzey Metro Hattı (Körfezra)","colour":null},"geometry":{"type":"LineString","coordinates":[[29.7607981,40.7709902],[29.7616264,40.7706655],[29.7640624,40.7696823],[29.7665115,40.7686105],[29.7679556,40.7680144],[29.7691395,40.7676547],[29.7709022,40.7671719],[29.7735562,40.7665216],[29.7751759,40.7661127],[29.7761256,40.7657728],[29.778799,40.7646544],[29.7826628,40.7629843],[29.785593,40.7618892],[29.7875804,40.7611465],[29.7922118,40.7594024],[29.7940462,40.7588801],[29.7961881,40.75852],[29.7996858,40.7580425],[29.8013055,40.757944],[29.8028731,40.7580376],[29.8040574,40.7583059],[29.807672,40.7598896],[29.8091202,40.7601971],[29.8102703,40.7602816],[29.8108268,40.7602845],[29.8113936,40.7602869],[29.8131408,40.7602459],[29.816227,40.7602101],[29.8174286,40.7601321],[29.8184929,40.7599435],[29.8198576,40.7595729],[29.8222609,40.7588253],[29.8251062,40.7580484],[29.8273335,40.7574925],[29.8284064,40.757356],[29.8296252,40.757343],[29.8308017,40.7574961],[29.8340712,40.7579216],[29.8382214,40.7587573],[29.8452062,40.7610348],[29.8469158,40.7615014],[29.8494837,40.7619651],[29.8512752,40.7620748],[29.8532392,40.7620508],[29.8553162,40.7620255],[29.8680707,40.762149],[29.8725174,40.7622736],[29.874908,40.7624893],[29.8764514,40.7627169],[29.8783227,40.762993],[29.8816768,40.7633283],[29.8843032,40.7633413],[29.8863889,40.7631658],[29.8903371,40.7628408],[29.8960685,40.7627176],[29.8993878,40.762802],[29.90216,40.7629016],[29.9046453,40.7630275],[29.9062821,40.7631527],[29.9079524,40.7633149],[29.9096378,40.763459],[29.9112485,40.7634334],[29.9128,40.7632352],[29.9137085,40.7630101],[29.9156036,40.7625405],[29.9165597,40.7623927],[29.9177974,40.7622843],[29.918813,40.7622843],[29.9199985,40.7625982],[29.9212507,40.7630985],[29.9238437,40.764816],[29.9248395,40.7653014],[29.9257071,40.7655553],[29.9276987,40.7658241],[29.9287779,40.7659319],[29.9298678,40.7660407],[29.9345881,40.7661987],[29.9372923,40.7662096],[29.9409885,40.7660714],[29.9419848,40.7660792],[29.9431963,40.7661905],[29.9443099,40.7664884],[29.9450629,40.7669553],[29.9457165,40.767636],[29.9460987,40.7684063],[29.946631,40.7696297],[29.9470785,40.7707675],[29.9473712,40.7713291],[29.9477843,40.7717922],[29.9483339,40.77227],[29.9491535,40.7726887],[29.950474,40.7730927],[29.9513696,40.7733016],[29.9623386,40.7758611],[29.9650966,40.7763487],[29.9670007,40.7764455],[29.969972,40.7759933],[29.970924,40.7758212],[29.9715219,40.7756713],[29.9725373,40.7754382],[29.9750114,40.7747364],[29.9768759,40.7738731],[29.9780671,40.7732215],[29.9788736,40.7725516],[29.9794331,40.7718028],[29.9797908,40.7711033],[29.9798785,40.7705744],[29.979781,40.7698724],[29.9795273,40.7690325],[29.97915,40.7683723],[29.9782133,40.7672836],[29.9771814,40.7662265],[29.9760538,40.7650715],[29.9757769,40.7646872],[29.975576,40.7641702],[29.9754864,40.763702],[29.9755009,40.7632733],[29.9756108,40.7627364],[29.9758586,40.7620465],[29.9761107,40.7615674],[29.9764343,40.7611424],[29.9769644,40.7607064],[29.9778409,40.7603048],[29.9785223,40.7601201],[29.9800522,40.7599044],[29.9854791,40.7591396],[29.9910342,40.758366],[29.9955355,40.7577004],[30.0031395,40.756538],[30.0074782,40.7559615],[30.0110558,40.7553949],[30.0162791,40.7546361],[30.0217106,40.7539265],[30.0231177,40.7537499],[30.0271291,40.7532465],[30.0291082,40.7528178],[30.0301899,40.7524181],[30.0313448,40.7520431],[30.0330324,40.7516241],[30.0352795,40.7512544],[30.0502373,40.7492788],[30.0502415,40.7492782],[30.0512894,40.7491199]]}},{"type":"Feature","properties":{"route":"subway","name":"M1 Darıca Sahil – Gebze OSB","colour":null},"geometry":{"type":"MultiLineString","coordinates":[[[29.3740842,40.7576089],[29.3770251,40.757217],[29.3778513,40.7571069],[29.3787781,40.7569834],[29.379019,40.7569653],[29.3792196,40.7569655],[29.3794605,40.756987],[29.3796531,40.7570146],[29.3798859,40.7570559],[29.3801348,40.7571125],[29.3804999,40.7572164],[29.3807732,40.757306],[29.3810064,40.7573956],[29.3830752,40.7581778],[29.3845088,40.7586989],[29.3850616,40.7589105],[29.385518,40.7590917],[29.3859544,40.7592854],[29.3863747,40.7595157],[29.3867103,40.7597265],[29.3871585,40.7600288],[29.387632,40.7603717],[29.3881297,40.7607633],[29.3885765,40.7611029],[29.3894379,40.7618551],[29.3902403,40.7625616],[29.3906057,40.762915],[29.3909067,40.7633009],[29.3913033,40.7637702],[29.4035155,40.773925],[29.4051982,40.7754408],[29.4057853,40.7760792],[29.4060905,40.7765013],[29.4063108,40.7768912],[29.406457,40.7773682],[29.406589,40.7780703],[29.4067114,40.7787348],[29.4068673,40.7791376],[29.4071223,40.7796047],[29.4074269,40.780029],[29.4078022,40.7804103],[29.4091281,40.7815049],[29.4100919,40.7823334],[29.4110457,40.7831532],[29.4118707,40.783887],[29.4132766,40.7850243],[29.4141724,40.7856524],[29.4149828,40.7861299],[29.4153479,40.7863135],[29.4157131,40.7864641],[29.4160442,40.7865804],[29.4164263,40.7866966],[29.4170741,40.786852],[29.4169174,40.7867903],[29.4176853,40.7869478],[29.4183308,40.7870586],[29.4188283,40.7871495],[29.4191967,40.7872385],[29.4197231,40.7874032],[29.4201125,40.7875712],[29.4203628,40.7877223],[29.4205685,40.7878667],[29.4208301,40.7880904],[29.4210939,40.7884099],[29.4212653,40.7886781],[29.4214737,40.7891445],[29.4216839,40.7896981],[29.4220855,40.7908583],[29.4224239,40.7917916],[29.4226758,40.7924406],[29.4229057,40.792914],[29.4230799,40.7933026],[29.4232863,40.7936527],[29.4234586,40.7939126],[29.4236204,40.7941409],[29.4238648,40.7943953],[29.4242157,40.7946626],[29.4246372,40.7949092],[29.4250289,40.7951203],[29.4264546,40.7958304],[29.4266032,40.7959113],[29.427903,40.7964491],[29.4282066,40.7965532],[29.4287981,40.7967596],[29.4293567,40.7969543],[29.4297781,40.79709],[29.4302417,40.7971947],[29.4308092,40.797331],[29.4312653,40.7974504],[29.4315911,40.7975357],[29.4332384,40.7980106],[29.4350688,40.7984622],[29.4352854,40.7985367],[29.4354391,40.7985896],[29.4358226,40.7987673],[29.4362294,40.7989877],[29.4365499,40.799183],[29.4371347,40.7995898],[29.4378124,40.8001574],[29.4382575,40.8005786],[29.4387092,40.8010249],[29.4390064,40.8013716],[29.4392571,40.8017232],[29.43949,40.8021885],[29.4395572,40.8025441],[29.4395671,40.8028865],[29.4394974,40.8031636],[29.4393861,40.8034709],[29.4386506,40.8051908],[29.4385982,40.8053174],[29.4383798,40.8058456],[29.4381969,40.8062405],[29.4379776,40.8065445],[29.4377227,40.8067934],[29.4375363,40.8069291],[29.4372773,40.8070877],[29.4369501,40.8072371],[29.436527,40.8073866],[29.4360963,40.8075005],[29.4357599,40.8075674],[29.4353569,40.8076011],[29.434851,40.8076165],[29.4343531,40.8076371],[29.4338254,40.8076868],[29.4334381,40.8077462],[29.4326694,40.8078752],[29.4307345,40.8082245],[29.4299445,40.8083702],[29.4294186,40.8084948],[29.4290231,40.8085982],[29.4284992,40.8087485],[29.4280562,40.8089013],[29.4276398,40.8090719],[29.4271358,40.8092956],[29.4266668,40.8095259],[29.4261803,40.8098093],[29.420582,40.8130701],[29.4204244,40.813165],[29.4192621,40.8138645],[29.418116,40.8145544],[29.4173844,40.8149987],[29.4169549,40.8152796],[29.4165613,40.8155624],[29.4158553,40.8161657],[29.4155794,40.8165322],[29.415377,40.8169176],[29.4152403,40.8173195],[29.4151773,40.8178982],[29.4151756,40.8183244],[29.4152034,40.8188515],[29.4153312,40.820035],[29.4154126,40.8208763],[29.4154855,40.8213002],[29.4155682,40.8218742],[29.4157361,40.8232255],[29.4158943,40.8245449],[29.4159539,40.8249202],[29.4160368,40.8252711],[29.4161756,40.8256401],[29.4164372,40.8260459],[29.4169437,40.8266133],[29.4183988,40.8280706],[29.4197866,40.8293813],[29.4203211,40.8298719],[29.4205941,40.8301002],[29.4210251,40.8304183],[29.4214924,40.8307034],[29.4222106,40.831055],[29.4231192,40.8314208],[29.4239624,40.8317041],[29.4247481,40.8319549],[29.4253736,40.8321782],[29.4261676,40.8324797],[29.4268339,40.8327874],[29.4271561,40.8329908],[29.4275147,40.8332768],[29.4277829,40.8335795],[29.4280914,40.8339177],[29.4286602,40.8346729],[29.4291941,40.8354012],[29.4298213,40.8362557],[29.4305432,40.8371074],[29.4308457,40.8374795],[29.4310919,40.8378076],[29.4315495,40.8384889],[29.4323457,40.8397288]],[[29.4323457,40.8397288],[29.4332189,40.8411485],[29.4334599,40.8415402],[29.4338727,40.8421816],[29.4342076,40.8427339],[29.434406,40.8430513],[29.4354929,40.8451784],[29.4368302,40.8482081],[29.4374355,40.8495317],[29.4378407,40.8502969],[29.4379962,40.8506234],[29.438262,40.8511846]],[[29.438262,40.8511846],[29.4383392,40.8513425],[29.4384125,40.8514385],[29.4385518,40.8515709],[29.4386627,40.8516398],[29.4387945,40.851693],[29.4389622,40.8517275],[29.4392247,40.8517443],[29.439375,40.8517377],[29.4397176,40.851706],[29.4401,40.8516394],[29.4403364,40.8515982],[29.4407013,40.8515346],[29.4408145,40.8515149],[29.4410856,40.8514646],[29.4412828,40.8514077],[29.4417548,40.851198],[29.4422441,40.8509603],[29.4424314,40.8508857],[29.4427087,40.850812],[29.4432727,40.8507132]],[[29.3740949,40.7576443],[29.3770319,40.7572583],[29.3778569,40.7571498],[29.3787741,40.7570293],[29.3790319,40.7570133],[29.3793015,40.7570267],[29.3795449,40.7570577],[29.3798133,40.7571067],[29.3800777,40.757174],[29.3803336,40.7572509],[29.380722,40.7573887],[29.38094,40.757473],[29.3828893,40.7582669],[29.3842586,40.758788],[29.3851712,40.7591442],[29.3856881,40.759414],[29.3859947,40.7595794],[29.3863014,40.7597813],[29.3866249,40.7599983],[29.3870127,40.7602883],[29.3878044,40.7609029],[29.3898787,40.76268],[29.3902808,40.7630729],[29.390805,40.7637619],[29.4032844,40.7742174],[29.4051404,40.7758901],[29.4055362,40.7763551],[29.4059062,40.7768977],[29.4061109,40.7773061],[29.4062212,40.7776669],[29.4064731,40.7787639],[29.4065637,40.7790799],[29.4066857,40.7793483],[29.4070243,40.7798372],[29.4073865,40.7802605],[29.4077093,40.7805526],[29.4089685,40.7816135],[29.4099158,40.7824432],[29.4109021,40.7833109],[29.4119895,40.7842337],[29.4128003,40.7849251],[29.4134149,40.7853814],[29.4139405,40.7857473],[29.4144225,40.7860361],[29.4147908,40.7862432],[29.4152465,40.7864779],[29.4156876,40.7866768],[29.4161942,40.7868426],[29.4171923,40.7870949],[29.4181405,40.7872868],[29.4186875,40.7874048],[29.4191398,40.7875338],[29.4196682,40.7877214],[29.4200684,40.7879285],[29.4203854,40.7881748],[29.4206342,40.7884468],[29.4208235,40.7887233],[29.4209568,40.7889835],[29.4212224,40.7895736],[29.4217172,40.7909259],[29.4217702,40.7910707],[29.4220376,40.7918102],[29.4222302,40.792269],[29.4224109,40.7926833],[29.4226265,40.7931317],[29.4228973,40.7935873],[29.4230956,40.7939043],[29.4233165,40.794205],[29.4236839,40.7945681],[29.4240416,40.7948209],[29.4243832,40.795004],[29.4249089,40.7952623],[29.4254227,40.7954931],[29.426061,40.7957771],[29.4265633,40.7959696],[29.4278593,40.7965095],[29.4287054,40.7968742],[29.4295447,40.7972123],[29.4302751,40.7974817],[29.4308574,40.7976556],[29.4314852,40.7978403],[29.4331548,40.7983043],[29.4342341,40.7985907],[29.4347815,40.7987581],[29.4354995,40.7990366],[29.4359846,40.7992763],[29.4363635,40.799496],[29.4370136,40.7999377],[29.4376769,40.8004598],[29.4381468,40.8008774],[29.438557,40.8012648],[29.4387979,40.8015579],[29.4389857,40.8018109],[29.4391396,40.8020882],[29.4392537,40.8023656],[29.4392951,40.802565],[29.4393099,40.8028448],[29.4392711,40.8031083],[29.4391924,40.8033317],[29.4382102,40.8056339],[29.438021,40.8060542],[29.437844,40.8063554],[29.4376077,40.8066376],[29.4373273,40.8068333],[29.4370047,40.8070152],[29.4366583,40.8071516],[29.436306,40.8072605],[29.4359153,40.8073467],[29.4355066,40.8074009],[29.4349486,40.8074211],[29.4343477,40.8074322],[29.4336848,40.8074591],[29.4332061,40.8075033],[29.4324582,40.8075834],[29.4307119,40.8079168],[29.4300246,40.8080855],[29.4291185,40.808345],[29.4286829,40.808478],[29.4282123,40.8086376],[29.4276761,40.8088435],[29.4271399,40.8090759],[29.4265686,40.8093547],[29.4260674,40.8096335],[29.4204797,40.8129112],[29.4202845,40.8130282],[29.4191285,40.813721],[29.417847,40.814489],[29.4171673,40.8149084],[29.416761,40.8151733],[29.4163663,40.8154553],[29.4156733,40.8160329],[29.4153879,40.8164196],[29.4151744,40.8168183],[29.415052,40.8171402],[29.4149535,40.8175346],[29.4149311,40.8182487],[29.4149656,40.8187306],[29.4150509,40.8195972],[29.415174,40.820757],[29.4151917,40.8209242],[29.4152601,40.8213964],[29.4153516,40.8220647],[29.4153681,40.8222046],[29.4155978,40.824149],[29.4156805,40.8247581],[29.4157711,40.825232],[29.4159514,40.8257221],[29.4162994,40.8262364],[29.4167271,40.8267079],[29.4167322,40.826713],[29.4181857,40.8281452],[29.4201775,40.8300366],[29.4205947,40.8303547],[29.4209974,40.8306288],[29.421371,40.8308464],[29.4217009,40.83102],[29.4225999,40.831411],[29.4235242,40.8317469],[29.4243434,40.832042],[29.4252209,40.8323316],[29.4260112,40.8326457],[29.4266122,40.8329157],[29.4271155,40.8332574],[29.4273853,40.8335067],[29.4276552,40.8338],[29.4284631,40.8346718],[29.4290801,40.8354148],[29.4297149,40.8363027],[29.4303301,40.8372559],[29.4309394,40.8382688],[29.4310723,40.8385054],[29.4319737,40.8398395]],[[29.4319737,40.8398395],[29.4330519,40.8415383],[29.4336077,40.8423904],[29.4342365,40.8433624],[29.4352099,40.8452204],[29.4356805,40.8461722],[29.4364692,40.847985],[29.4364988,40.848053],[29.4370813,40.8493433],[29.4374822,40.850121],[29.4376852,40.8505046],[29.4378385,40.8508473],[29.4380078,40.8512276]],[[29.4380078,40.8512276],[29.4381298,40.8514327],[29.4382445,40.8515618],[29.4384059,40.8516892],[29.4386097,40.8517813],[29.4388207,40.8518209],[29.4391633,40.8518381],[29.4393813,40.8518081],[29.4397661,40.8517415],[29.4407677,40.8515682],[29.4408295,40.8515575],[29.4409619,40.8515356],[29.4413286,40.851475],[29.4415841,40.8514328],[29.4446374,40.8509284]],[[29.4099158,40.7824432],[29.4094855,40.7819273],[29.4091281,40.7815049]],[[29.4089685,40.7816135],[29.4094855,40.7819273],[29.4100919,40.7823334]],[[29.4432554,40.8506507],[29.4427096,40.8507531],[29.442407,40.8508418],[29.4421663,40.8509425],[29.4415713,40.8512282],[29.4413335,40.8513424],[29.4410921,40.8514235],[29.4407013,40.8515346]],[[29.4395225,40.8516459],[29.4409881,40.851387],[29.4413056,40.851318],[29.4414537,40.851275],[29.4415713,40.8512282]],[[29.4409881,40.851387],[29.4406801,40.8514089],[29.4405063,40.85143],[29.4395161,40.8516061]],[[29.4397661,40.8517415],[29.4401,40.8516394]],[[29.4403364,40.8515982],[29.4407677,40.8515682]],[[29.4433194,40.8508812],[29.4427345,40.850977],[29.4423228,40.8510773],[29.442038,40.8511741],[29.4416171,40.8513457],[29.4413826,40.8514209],[29.4413126,40.8514407],[29.4412066,40.8514708],[29.4409619,40.8515356]],[[29.4433487,40.8509869],[29.4427439,40.8510866],[29.442315,40.8511901],[29.4415979,40.8513973],[29.4413286,40.851475]],[[29.443333,40.8509303],[29.4427344,40.851034],[29.4423056,40.8511375],[29.4419069,40.8512717],[29.4415979,40.8513973]],[[29.4433607,40.8510302],[29.4427506,40.8511337],[29.4423217,40.8512371],[29.4415841,40.8514328]],[[29.4413126,40.8514407],[29.4415792,40.8513253],[29.4417226,40.8512546],[29.441841,40.8511963],[29.442283,40.8509942],[29.4425341,40.8509106],[29.4427306,40.8508733],[29.4432911,40.8507793]],[[29.4433044,40.8508274],[29.4427503,40.8509279],[29.4424397,40.8509975],[29.4421564,40.8510908],[29.4419376,40.8511703],[29.4417226,40.8512546]],[[29.4433781,40.8510928],[29.4446397,40.8508925],[29.4444798,40.850316],[29.4432181,40.8505163],[29.4432554,40.8506507],[29.4432727,40.8507132],[29.4432911,40.8507793],[29.4433044,40.8508274],[29.4433194,40.8508812],[29.443333,40.8509303],[29.4433487,40.8509869],[29.4433607,40.8510302],[29.4433781,40.8510928]],[[29.3778569,40.7571498],[29.3774317,40.7571844],[29.3770251,40.757217]],[[29.3770319,40.7572583],[29.3774317,40.7571844],[29.3778513,40.7571069]]]}},{"type":"Feature","properties":{"route":"subway","name":"M3 (Gebze – Sabiha Gökçen Havalimanı) Hattı","colour":null},"geometry":{"type":"LineString","coordinates":[[29.3078037,40.90461],[29.3119504,40.9072412],[29.3127579,40.9077462],[29.3131816,40.9081679],[29.31382,40.9089665],[29.3162984,40.9120476],[29.3189723,40.9151994],[29.3203302,40.9168154],[29.3207286,40.9171349],[29.3211677,40.9174114],[29.3253307,40.9191809],[29.3360473,40.9231313],[29.3384378,40.9240099],[29.339446,40.9242126],[29.3405844,40.9242863],[29.3417064,40.9242556],[29.3431456,40.9238256],[29.34652,40.9222835],[29.3482844,40.9214787],[29.3495162,40.9206984],[29.3503903,40.9197953],[29.3509048,40.9188122],[29.3513663,40.9179351],[29.3516346,40.9167822],[29.3516454,40.9158564],[29.3513452,40.9108686],[29.3510662,40.9073172],[29.350857,40.9050318],[29.3509436,40.9030258],[29.3511977,40.9019836],[29.3515999,40.9010893],[29.3521173,40.9001882],[29.3521668,40.9001019],[29.3534978,40.8987232],[29.3555313,40.8971955],[29.356144,40.8967832],[29.356739,40.8963664],[29.3574876,40.8958341],[29.3582303,40.8952485],[29.3587725,40.8950342],[29.3600666,40.8946157],[29.3613182,40.894178],[29.3622522,40.8938391],[29.3638306,40.8933025],[29.3673798,40.8920599],[29.3700324,40.8911243],[29.3708076,40.8907254],[29.3718911,40.8897016],[29.3724524,40.8891416],[29.3729371,40.8885366],[29.3740486,40.8870538],[29.3780181,40.8820826],[29.3799141,40.8796181],[29.3810349,40.8782692],[29.381642,40.877104],[29.3819782,40.8762424],[29.3823332,40.8749288],[29.3825667,40.8738483],[29.382562,40.8725205],[29.3822024,40.8711362],[29.3813283,40.8691114],[29.3801289,40.8672587],[29.378428,40.8656122],[29.3749349,40.8635002],[29.370928,40.8615789],[29.3668791,40.8597069],[29.3646983,40.8584566],[29.3622979,40.8565705],[29.3611491,40.8552565],[29.3606034,40.8543133],[29.3595934,40.8521224],[29.3589373,40.8495995],[29.3586896,40.8478057],[29.3589798,40.8460655],[29.3600415,40.8433454],[29.3604561,40.842671],[29.3616413,40.8407429],[29.3624836,40.8393131],[29.3632834,40.8379796],[29.3645288,40.8366645],[29.36607,40.835741],[29.3671689,40.8352679],[29.3715596,40.8341606],[29.3731791,40.8334417],[29.374584,40.8323495],[29.3754625,40.8308631],[29.3757483,40.8299362],[29.3757739,40.8290093],[29.375835,40.8272575],[29.3758964,40.8251749],[29.37574,40.8229819],[29.3756499,40.8216106],[29.3753576,40.8203754],[29.3746438,40.8188233],[29.3740313,40.8172795],[29.373906,40.8166142],[29.3740136,40.8159489],[29.3742367,40.8152412],[29.3752301,40.8138452],[29.3768283,40.8118916],[29.3800733,40.8086176],[29.3834528,40.8051161],[29.3855533,40.8031154],[29.3876732,40.8024308],[29.3891264,40.8023739],[29.3904111,40.802457],[29.3916145,40.8027986],[29.3929561,40.8032756],[29.3939399,40.8041157],[29.3950295,40.8057836],[29.3955824,40.8066514],[29.3963223,40.8082516],[29.397794,40.8108732],[29.3987024,40.812764],[29.3992204,40.8134613],[29.3997611,40.8142325],[29.4016976,40.8164533],[29.4040419,40.8187877],[29.4052918,40.819559],[29.4068269,40.8199591],[29.4083676,40.8199494],[29.4085376,40.8199417],[29.4086921,40.8199096],[29.4101594,40.8193584],[29.4156733,40.8160329]]}},{"type":"Feature","properties":{"route":"subway","name":"M4 (İzmit-Gölcük) Hafif Raylı Sistem Hattı","colour":null},"geometry":{"type":"MultiLineString","coordinates":[[[29.9419597,40.7664265],[29.944431,40.7663354],[29.9449941,40.7662278],[29.9453607,40.7661018],[29.9456596,40.7658801],[29.9458876,40.7656724],[29.9460725,40.765376],[29.9464237,40.7649187],[29.9510706,40.7567364],[29.9511734,40.7565226],[29.9540378,40.7469342],[29.9540866,40.7467432],[29.9541435,40.7464599],[29.9541029,40.7429486],[29.9552813,40.7292067],[29.9552976,40.7284427],[29.9552725,40.7276455],[29.9550938,40.7267746],[29.9548134,40.7260227],[29.9542989,40.724986],[29.953658,40.7240193],[29.9530696,40.7234216],[29.9523455,40.7229499],[29.9514486,40.7225022],[29.9356145,40.7154597],[29.9350075,40.7152407],[29.9343935,40.7150554],[29.9250378,40.712845],[29.9243265,40.7127022],[29.9237377,40.7126534],[29.9232309,40.7126169],[29.9160513,40.7123334],[29.9157505,40.7123149],[29.9144983,40.7121917],[29.9134738,40.7120191],[29.9100182,40.7111254],[29.9096035,40.7110268],[29.9051559,40.7101824],[29.9036617,40.7099254],[29.9028486,40.7096973],[29.9011248,40.7090656],[29.9004012,40.7088252],[29.8986245,40.7082612],[29.8982261,40.708178],[29.8689612,40.7053511],[29.8681014,40.7052801],[29.8674918,40.7052492],[29.8530365,40.7048147],[29.8517979,40.7048147],[29.8509229,40.7049455],[29.8501563,40.7050567],[29.8493624,40.7052337],[29.8484097,40.7055594],[29.8472142,40.7059205],[29.8457852,40.7064728],[29.8446457,40.7070463],[29.8338854,40.7136753],[29.8327982,40.7143906],[29.8314346,40.7150703],[29.8299262,40.7156225],[29.8284364,40.7160791],[29.8266558,40.7164673],[29.8254239,40.7166276],[29.8242794,40.7167532],[29.8232967,40.7167832],[29.811289,40.7172832],[29.8106686,40.7173002],[29.8097009,40.7173052],[29.8091552,40.7172929],[29.7783833,40.7165212],[29.7775275,40.7164986],[29.7768127,40.7165639],[29.7660568,40.7174448]],[[29.9419848,40.7660792],[29.9444484,40.7659817],[29.9448256,40.7659068],[29.9451488,40.7657729],[29.9454546,40.7655667],[29.9457103,40.765268],[29.9459013,40.7649366],[29.9508906,40.7566604],[29.9509593,40.7565034],[29.9537998,40.7468826],[29.9538406,40.7467382],[29.9538772,40.746498],[29.953804,40.7429436],[29.9548725,40.7291686],[29.9548725,40.7284206],[29.9548081,40.7276401],[29.9546337,40.7267561],[29.9543608,40.7259969],[29.9538299,40.7248865],[29.9532212,40.7240604],[29.9527257,40.7235454],[29.9521028,40.7231109],[29.9511289,40.7226329],[29.9355654,40.7156977],[29.9349676,40.7154369],[29.9342553,40.7152008],[29.9249183,40.7129958],[29.9243552,40.712867],[29.9237066,40.7128075],[29.9159944,40.7124937],[29.9156936,40.7124752],[29.9144821,40.7123396],[29.9134088,40.7121608],[29.9108719,40.711526],[29.9102133,40.7113658],[29.9050827,40.7103427],[29.903667,40.7101023],[29.9029479,40.7099359],[29.9018831,40.7095005],[29.8985563,40.7084369],[29.8981496,40.7083528],[29.8689805,40.7055188],[29.8680893,40.7054476],[29.8675206,40.7054232],[29.8532857,40.7050656],[29.8518828,40.7051304],[29.8509333,40.7052605],[29.8500857,40.705411],[29.8491792,40.7056428],[29.8477898,40.7061023],[29.846512,40.7066096],[29.8449183,40.7073616],[29.8341525,40.7138877],[29.8336301,40.7142359],[29.8330663,40.7145675],[29.8322406,40.7149715],[29.8314118,40.7153405],[29.8303735,40.7157305],[29.8294079,40.7160407],[29.8286513,40.716249],[29.8268487,40.7166737],[29.8262322,40.716787],[29.8252095,40.7169073],[29.8242895,40.7169746],[29.8234022,40.7170064],[29.8117375,40.7174787],[29.8112778,40.7174968],[29.8106843,40.7175153],[29.8101517,40.7175183],[29.8093467,40.7174906],[29.7783968,40.7167361],[29.7776754,40.7167227],[29.7769359,40.7167321],[29.7661722,40.7175818],[29.7660887,40.7175888]]]}},{"type":"Feature","properties":{"route":"tram","name":"T Otogar-Stadyum 2.ETAP Projesi Güzergahı  (Kartepe uzatması)","colour":null},"geometry":{"type":"MultiLineString","coordinates":[[[30.0156232,40.7681531],[30.0159831,40.7680774],[30.0160394,40.7680584],[30.0160777,40.7680323],[30.0160988,40.7680124],[30.0161168,40.7679876],[30.0161373,40.7679602],[30.0161501,40.7679355],[30.0161641,40.7679028],[30.0161753,40.7678622],[30.0161797,40.7678287],[30.0161807,40.7677952],[30.0161777,40.7677606],[30.0161727,40.7677294],[30.0161639,40.7676771],[30.0161116,40.7654995],[30.0160762,40.7652137],[30.0158851,40.7646688],[30.0155601,40.7639967],[30.0151734,40.7629069],[30.013788,40.757395],[30.013583,40.7565797]],[[30.0155933,40.7680764],[30.0159552,40.7679972],[30.0159897,40.767987],[30.0160261,40.7679702],[30.0160541,40.767949],[30.0160806,40.7679184],[30.016096,40.7678879],[30.0161111,40.7678511],[30.0161252,40.7678075],[30.0161314,40.767776],[30.0161363,40.7677321],[30.0160809,40.7655025],[30.0160494,40.7652177],[30.0158509,40.7646863],[30.0155249,40.7640134],[30.0151317,40.7629067],[30.013551,40.7565877]]]}},{"type":"Feature","properties":{"route":"tram","name":"Otogar – Opera – Osmangazi Üniversitesi","colour":null},"geometry":{"type":"MultiLineString","coordinates":[[[30.551945,39.7745959],[30.5521449,39.7745661],[30.5522652,39.7745608],[30.5523225,39.7745644],[30.5523749,39.7745699],[30.5524227,39.7745824],[30.5524657,39.7745977],[30.5524968,39.7746176],[30.5525401,39.7746477],[30.5525793,39.7746844],[30.5526077,39.7747217],[30.5526263,39.7747632],[30.552631,39.7748015],[30.5526289,39.7748602],[30.5526145,39.7749051],[30.5525776,39.7749633],[30.5523999,39.7751732]],[[30.5258685,39.7812091],[30.5261883,39.7811128],[30.5278374,39.7806155],[30.5285439,39.7805481],[30.5298715,39.7804464],[30.5320384,39.780221],[30.532675,39.7801388],[30.533113,39.7800823],[30.5333197,39.7799947],[30.5334354,39.7799027],[30.5352449,39.7782025],[30.535433,39.7780856],[30.5354965,39.778055],[30.5356125,39.7779991],[30.5416494,39.7767565],[30.5424323,39.7765954],[30.542942,39.7764761],[30.5431425,39.7764189],[30.5451013,39.7760244],[30.5451435,39.7760159],[30.5488817,39.7752452],[30.5492077,39.7751746],[30.5492912,39.7751557],[30.5514431,39.7747016],[30.551945,39.7745959],[30.5527772,39.7744318],[30.5528532,39.7744108],[30.5529258,39.7743851],[30.5530041,39.7743465],[30.5531133,39.7742903],[30.5531973,39.7742457],[30.5532994,39.7742022],[30.5534128,39.7741565],[30.553583,39.7741052]],[[30.5253465,39.7810158],[30.5254058,39.7811304],[30.5254756,39.7812064],[30.5255254,39.7812275],[30.5255555,39.7812307],[30.5256045,39.7812344],[30.5256591,39.7812322],[30.5257193,39.7812279],[30.5257831,39.7812226],[30.5258685,39.7812091]],[[30.5521441,39.7753596],[30.5523684,39.7751541]],[[30.5523684,39.7751541],[30.5525541,39.7749345],[30.5525758,39.7748969],[30.5525867,39.7748566],[30.5525903,39.7748212],[30.5525855,39.7747822],[30.5525766,39.7747473],[30.5525547,39.7747079],[30.552524,39.7746749],[30.5524887,39.7746507],[30.5524505,39.7746275],[30.5524116,39.7746133],[30.5523601,39.7745963],[30.5523191,39.7745896],[30.5522547,39.7745874],[30.5521736,39.7745933],[30.5519532,39.7746222]],[[30.5536156,39.7741229],[30.5534571,39.7741724],[30.5534232,39.7741845],[30.5533637,39.7742068],[30.5532398,39.7742585],[30.5531694,39.7742954],[30.5531184,39.7743235],[30.5529647,39.7744026],[30.5529007,39.7744293],[30.5528038,39.7744559],[30.5522652,39.7745608],[30.5519532,39.7746222],[30.5511559,39.774785],[30.5493025,39.7751861],[30.549219,39.7752038],[30.5491382,39.775218],[30.5488878,39.7752733],[30.5451305,39.7760412],[30.5451091,39.7760456],[30.5431508,39.776448],[30.5424368,39.7766067],[30.5423653,39.7766214],[30.5356238,39.7780119],[30.5355674,39.7780418],[30.5354518,39.7781032],[30.5353298,39.7781622],[30.5352645,39.7782087],[30.5334205,39.7799487],[30.533338,39.780011],[30.5331218,39.7800995],[30.5320401,39.7802314],[30.5313441,39.7803056],[30.5298745,39.7804621],[30.5285473,39.7805669],[30.5278456,39.7806382],[30.5258836,39.7812341]],[[30.5258836,39.7812341],[30.5255856,39.7813032],[30.5255191,39.7813146],[30.5254673,39.7813236],[30.5254395,39.7813286],[30.5253628,39.7813417],[30.525252,39.7813653],[30.5251752,39.7813749],[30.5251041,39.7813742],[30.5250538,39.7813641],[30.5250096,39.78135],[30.5249765,39.7813365],[30.5249336,39.7813106]],[[30.5249336,39.7813106],[30.5248743,39.7812359],[30.5247589,39.7810735],[30.5245365,39.7807605],[30.5242554,39.7804265],[30.5238349,39.779872],[30.523613,39.7795683],[30.5233065,39.7791616],[30.5229449,39.7785866],[30.5226825,39.7781798],[30.5224818,39.7778509],[30.5222478,39.7774956],[30.522039,39.7771701],[30.5218558,39.7768803],[30.5216756,39.7765841],[30.5214861,39.7762806],[30.5212795,39.7759887],[30.5211694,39.7758331],[30.5211361,39.7757953],[30.5210934,39.7757767],[30.5209589,39.7757273],[30.5207807,39.7757151],[30.5206357,39.7757306],[30.5204198,39.7757863],[30.5202495,39.7758389],[30.5198874,39.7759936],[30.5188955,39.7765062],[30.5187622,39.7765763],[30.5186932,39.7765923],[30.5186449,39.7765933],[30.5186082,39.7765888],[30.5185463,39.7765712],[30.5184319,39.7765034],[30.5183914,39.7764781]],[[30.5183914,39.7764781],[30.5183633,39.7764506],[30.5183016,39.7763906],[30.5182486,39.7763207],[30.5181933,39.7762267]],[[30.5181933,39.7762267],[30.5181678,39.7761428],[30.5181131,39.77596],[30.5179081,39.7751666],[30.5179015,39.7751418],[30.5178534,39.7749609],[30.5175592,39.7737873],[30.5173736,39.7729415],[30.517282,39.7725109]],[[30.517282,39.7725109],[30.5172253,39.7722479],[30.5171944,39.7721054],[30.5171891,39.7720809],[30.517165,39.7720221],[30.5171114,39.7719407],[30.5170322,39.7718531],[30.5169249,39.7717696],[30.5166433,39.7715902]],[[30.5166433,39.7715902],[30.5160519,39.7712263],[30.5155445,39.7708795],[30.5144653,39.7702378],[30.5137023,39.7697945],[30.5135212,39.7696935],[30.5133428,39.7696059],[30.5131155,39.769501],[30.5126341,39.769279],[30.5115873,39.7687637],[30.510688,39.7683267],[30.5096894,39.767908],[30.5095569,39.7678638],[30.5094263,39.767836],[30.5092006,39.7678053],[30.5082943,39.7677165],[30.5076925,39.7676488],[30.507222,39.7676144],[30.5067574,39.7675935],[30.5063101,39.7675775],[30.505795,39.7675629],[30.5015174,39.7673891],[30.5014466,39.7673819],[30.5013648,39.7673685],[30.5012548,39.7673376],[30.5012133,39.7673191],[30.5011882,39.7673079],[30.5011321,39.7672623],[30.5010979,39.767216],[30.5010764,39.7671572],[30.5010613,39.7670976],[30.5008365,39.7653706],[30.5008042,39.7651419],[30.5008,39.7649032],[30.5008247,39.7647308],[30.500841,39.7646343],[30.5012628,39.7625401],[30.5012783,39.762459],[30.5012951,39.7624086],[30.5013073,39.7623719],[30.501344,39.7622925],[30.5013997,39.7622067],[30.5016273,39.7619673],[30.5017836,39.7617929],[30.5018549,39.7617049],[30.5019403,39.761595],[30.5020935,39.7613709],[30.5022251,39.761172],[30.5023228,39.7610152],[30.502381,39.7609156],[30.5024928,39.7606541],[30.5026589,39.7602041],[30.5027006,39.7601366],[30.5027828,39.7600056],[30.5028442,39.759906],[30.5029238,39.7597855],[30.5031658,39.7594556],[30.5032403,39.7593492],[30.5032597,39.7593136],[30.5032749,39.7592753],[30.5032826,39.7592156],[30.5032762,39.759174],[30.5032564,39.7591028],[30.5031493,39.7589402],[30.5010311,39.755958],[30.500958,39.7558454],[30.5009075,39.7557201],[30.5008887,39.7556366],[30.500878,39.7555548],[30.5007571,39.753381],[30.5007518,39.7533562],[30.5007165,39.7532998],[30.5007009,39.753276],[30.5006258,39.7532298],[30.5005389,39.7532063],[30.5004461,39.7531989],[30.5003088,39.7532252]],[[30.5003088,39.7532252],[30.4988775,39.753935],[30.4985337,39.7540971],[30.4982537,39.7542331],[30.4980281,39.7543426],[30.4978578,39.754421],[30.4976928,39.7544756],[30.4975641,39.7545076],[30.4974152,39.7545282],[30.4972757,39.7545416],[30.4971376,39.7545416],[30.4969512,39.7545334],[30.4967956,39.7545024],[30.4965598,39.754442],[30.4963198,39.7543428],[30.496201,39.7542864],[30.4960887,39.7542331],[30.4958082,39.7541119],[30.4954679,39.7539631],[30.4951051,39.7538069],[30.494796,39.7536703],[30.4945008,39.7535453],[30.4943989,39.7534925],[30.4943235,39.7534402],[30.4942956,39.7534084],[30.4942917,39.753398],[30.4942806,39.7533687],[30.4942735,39.753332],[30.4942777,39.7532927],[30.494281,39.7532535],[30.4943014,39.7532155],[30.4943681,39.7531061],[30.4944402,39.7530033],[30.4944929,39.7529546],[30.494561,39.752919],[30.494639,39.7529023],[30.4947222,39.7529096],[30.4948294,39.7529387],[30.4949761,39.7530047],[30.4953,39.7531369]],[[30.4953,39.7531369],[30.4958196,39.7533592],[30.4959466,39.7534184],[30.4960588,39.7535089],[30.4960963,39.75357],[30.4961132,39.7536869],[30.4961339,39.7538514],[30.4961583,39.7540533],[30.4961926,39.7541747],[30.4962241,39.7542257],[30.4962343,39.7542422],[30.4963037,39.7542902],[30.4963733,39.7543296],[30.4964497,39.7543643],[30.4965612,39.7544105],[30.4966585,39.7544407],[30.4967872,39.7544725],[30.4969996,39.7545066],[30.4971509,39.7545164],[30.4972775,39.7545149],[30.4974141,39.7545021],[30.4975023,39.7544885],[30.497619,39.7544643],[30.4977051,39.754442],[30.497835,39.7543931],[30.497965,39.7543313],[30.4982263,39.7542074],[30.498539,39.7540591],[30.4988964,39.7538824],[30.5002695,39.7532055]],[[30.5002695,39.7532055],[30.5004365,39.7531684],[30.5005234,39.7531631],[30.5006369,39.7531939],[30.5007069,39.7532287],[30.5007133,39.7532353],[30.5007405,39.7532635],[30.5007956,39.7533517],[30.5007971,39.7533742],[30.500869,39.7545177],[30.5008813,39.7547355],[30.5009277,39.7555615],[30.5009454,39.755682],[30.5009936,39.7557975],[30.5010678,39.7559157],[30.5031841,39.758921],[30.5032571,39.7590254],[30.5033114,39.7591059],[30.5033302,39.7591574],[30.5033409,39.7592108],[30.5033331,39.7592486],[30.5033127,39.7593069],[30.5032912,39.7593494],[30.5028205,39.7600177],[30.5027406,39.7601525],[30.5027007,39.7602201],[30.5025028,39.7607388],[30.5024178,39.7609357],[30.5023672,39.7610286],[30.5021978,39.7612892],[30.5019448,39.7616541],[30.5016517,39.7619949],[30.5014506,39.7622119],[30.5013987,39.7622817],[30.5013565,39.7623699],[30.5013406,39.7624218],[30.5013142,39.7625078],[30.5009285,39.7644365],[30.5008928,39.7646413],[30.5008758,39.7647336],[30.500853,39.7649099],[30.5008515,39.7650781],[30.501135,39.7671901],[30.5011495,39.767217],[30.5011839,39.7672631],[30.5012264,39.7672844],[30.5012726,39.7673045],[30.5013232,39.7673252],[30.5014157,39.7673469],[30.5015144,39.767357],[30.5052476,39.7675179],[30.505797,39.7675332],[30.5067562,39.7675575],[30.507222,39.7675824],[30.5076918,39.7676157],[30.5082965,39.7676856],[30.5091814,39.7677745],[30.5093711,39.7678009],[30.5095314,39.7678267],[30.5097144,39.7678829],[30.5107094,39.7683023],[30.5126617,39.7692441],[30.5129214,39.769369],[30.5131337,39.7694694],[30.5133656,39.7695791],[30.5135816,39.7696863],[30.514578,39.7702625],[30.5155729,39.7708508],[30.5166621,39.7715654]],[[30.5166621,39.7715654],[30.5168895,39.7717139],[30.5170041,39.7717892],[30.5171033,39.7718881],[30.5171771,39.7719726],[30.5172106,39.7720499],[30.5172374,39.7721458],[30.5172844,39.7723489],[30.5172929,39.7723915],[30.5173165,39.7725097]],[[30.5173165,39.7725097],[30.5174062,39.7729363],[30.5175889,39.7737693],[30.5178836,39.7749553],[30.5179247,39.7751118],[30.5179387,39.7751648],[30.5181487,39.7759641],[30.5182037,39.7761166],[30.5182334,39.7761918]],[[30.5182334,39.7761918],[30.5182915,39.776312],[30.5183693,39.7764166],[30.518414,39.776456]],[[30.518414,39.776456],[30.5184556,39.7764833],[30.5184873,39.7765042],[30.5185953,39.7765552],[30.5186445,39.776562],[30.5186851,39.7765588],[30.5187488,39.7765377],[30.5188803,39.7764722],[30.5198779,39.7759669],[30.5202267,39.7758172],[30.5203528,39.7757739],[30.5205794,39.7757121],[30.5210754,39.7756345],[30.5212261,39.775631],[30.5214994,39.7756245],[30.5216179,39.7756333],[30.5219084,39.7756575],[30.5226782,39.7757616],[30.5233394,39.7758739],[30.5236398,39.7759285],[30.5237699,39.7759574],[30.5238618,39.7759857],[30.5239518,39.7760215],[30.5239973,39.7760764],[30.5240375,39.7761558],[30.524075,39.7762929],[30.5241475,39.7767876],[30.5242199,39.7771473],[30.5242547,39.7773009],[30.5243205,39.7775379],[30.524523,39.7782254],[30.5248104,39.7791115],[30.5248743,39.7792932],[30.5249521,39.7795581],[30.5250675,39.7800404],[30.5252391,39.7806257],[30.5253465,39.7810158],[30.5253544,39.781055]]]}},{"type":"Feature","properties":{"route":"tram","name":"","colour":null},"geometry":{"type":"MultiLineString","coordinates":[[[29.0845855,40.1827549],[29.0845728,40.1827907],[29.0845361,40.1828724],[29.0842539,40.1831059],[29.083914,40.1832809],[29.083688,40.1833576],[29.0834652,40.1834201],[29.0828577,40.1834944],[29.0823021,40.1835587],[29.081342,40.1835813],[29.0807941,40.1834878],[29.0805456,40.1834835],[29.0804055,40.183486],[29.0794499,40.1836433],[29.0790192,40.1836907],[29.078585,40.1836962],[29.0782233,40.1837154],[29.0778824,40.1837332],[29.0772436,40.1838466],[29.076793,40.1839386],[29.0765868,40.1839961],[29.0762507,40.1840797],[29.0756771,40.1841708],[29.0753082,40.1842017],[29.0750427,40.1842399],[29.0747836,40.1842597],[29.074552,40.184239],[29.0741472,40.1841214],[29.0740732,40.1841214],[29.0740085,40.1841214],[29.0738705,40.1841357],[29.0738239,40.1841505],[29.0737255,40.1841818],[29.0736209,40.1842433],[29.0735448,40.1843408],[29.0732482,40.1846885],[29.0731635,40.1847573],[29.0730804,40.184789],[29.0729288,40.1848262],[29.0726379,40.1848635],[29.0723469,40.1849022],[29.0720123,40.1849468],[29.071778,40.1849779],[29.0715249,40.184991],[29.0713142,40.1850035],[29.0707402,40.1850739],[29.070399,40.1851196],[29.0697257,40.1852089],[29.0692516,40.185267],[29.068916,40.1853063],[29.0680964,40.1853825],[29.0672157,40.1854581],[29.066788,40.1854937]],[[29.0659086,40.1855748],[29.0660579,40.1855591],[29.0664578,40.185517],[29.0666294,40.1855072],[29.066788,40.1854937]],[[29.0659086,40.1855748],[29.0648513,40.1856727],[29.0635721,40.1857911],[29.0631116,40.1858318],[29.0627154,40.1858669],[29.0623255,40.1859014],[29.0611294,40.1860248],[29.060686,40.1860677],[29.059914,40.1861458],[29.0598136,40.1861579]],[[29.076793,40.1839386],[29.0770729,40.1839077],[29.0772545,40.1838709],[29.0773723,40.1838457],[29.0777373,40.1837805],[29.0778824,40.1837332]],[[29.0713142,40.1850035],[29.0715118,40.1849789],[29.0719916,40.1849193],[29.0720897,40.1849071],[29.0723469,40.1849022]],[[29.066788,40.1854937],[29.0666444,40.1855262],[29.0664583,40.1855446],[29.0661234,40.1855757],[29.0660625,40.1855754],[29.0659086,40.1855748]]]}},{"type":"Feature","properties":{"route":"subway","name":"M5 (Kızılay – İlkbahar Mahallesi) Metro Hattı","colour":null},"geometry":{"type":"MultiLineString","coordinates":[[[32.852788,39.9170633],[32.8528569,39.9160717],[32.8528689,39.9159364],[32.8529711,39.9147816],[32.8532832,39.9116382],[32.853359,39.9111929],[32.8535843,39.9107156],[32.853831,39.9104522],[32.8541177,39.9101684],[32.8544319,39.9099173],[32.8547441,39.9097375],[32.8553994,39.9094595],[32.8559446,39.9092918],[32.8566346,39.9092214],[32.858224,39.9091841],[32.8583189,39.9091819],[32.8611571,39.9091476],[32.8613136,39.9091455],[32.8626609,39.9091272],[32.8630862,39.9090635],[32.8637333,39.9088922],[32.8642962,39.9086425],[32.8650594,39.9080502],[32.8655147,39.9073908],[32.8657097,39.906607],[32.8656053,39.9057003],[32.8651234,39.9049776],[32.8645277,39.904395],[32.8608789,39.9025018],[32.8608098,39.9024659],[32.8585893,39.901346],[32.8585185,39.9013098],[32.8559768,39.9000081],[32.8553975,39.8995554],[32.8541569,39.8985272],[32.8527893,39.8973429],[32.8522324,39.8968886],[32.8515837,39.8965213],[32.8506808,39.896193],[32.8495154,39.8959585],[32.848339,39.8958767],[32.8470075,39.8960572],[32.8458798,39.8963375],[32.8457798,39.8963623],[32.842976,39.8972521],[32.8428979,39.8972764],[32.8397432,39.8982565],[32.8384781,39.8984525],[32.8373537,39.8984582],[32.8360034,39.8982561],[32.834854,39.8978275],[32.8339275,39.8972475],[32.8336878,39.8970974],[32.8325128,39.8963618],[32.8318913,39.8959555],[32.8297397,39.894549],[32.8296878,39.894515],[32.8245812,39.8911736],[32.8240581,39.8907788],[32.8236575,39.8903412],[32.8233569,39.8898756],[32.8231799,39.8894511],[32.8231352,39.8889796],[32.8232016,39.8883787],[32.8234041,39.8879037],[32.8236294,39.8875456],[32.8242839,39.8869251],[32.8245714,39.8866709],[32.8259207,39.885478],[32.8259793,39.8854262],[32.8277739,39.8838407],[32.8281677,39.8835899],[32.8287524,39.8833223],[32.8293895,39.8831315],[32.8350998,39.8820329],[32.8379387,39.8814615],[32.8379896,39.8814518],[32.8394973,39.8811653],[32.8405487,39.8808195],[32.8412676,39.8803008],[32.8417504,39.8797903],[32.8420401,39.8791646],[32.8421259,39.8784154],[32.8420058,39.8778375],[32.841728,39.8772471],[32.841172,39.8767248],[32.8404093,39.8762253],[32.8394356,39.8758312],[32.8365598,39.874818],[32.8324007,39.8732548],[32.8323189,39.8732241],[32.8301338,39.8723742],[32.8300703,39.8723495],[32.8285018,39.8715951],[32.8271953,39.871195],[32.8259398,39.8708105],[32.8257236,39.8707443],[32.8242087,39.8702803],[32.8232073,39.8697627],[32.8224385,39.869004],[32.8223372,39.8688774],[32.8211519,39.8673957],[32.821083,39.8673096],[32.8200682,39.8659965],[32.8193807,39.8651254],[32.8188286,39.8643027],[32.8177239,39.8625147],[32.8166449,39.8607854],[32.8155703,39.8595128],[32.8155184,39.8594513],[32.814238,39.8579925],[32.8141909,39.8579388],[32.8107196,39.8537981],[32.8102872,39.8531373],[32.8101661,39.8524812],[32.8101969,39.8517999],[32.8106882,39.8508629],[32.8120391,39.8497834],[32.8120904,39.8497473],[32.8138348,39.848519],[32.8138843,39.8484841],[32.817056,39.8462772],[32.8182328,39.8454081],[32.8190589,39.8451197],[32.820003,39.8449797],[32.821269,39.845095],[32.8222668,39.8454822],[32.8233422,39.8460764],[32.8235489,39.8461906],[32.8243178,39.8466295],[32.8254318,39.8472697],[32.8264403,39.8477639],[32.8269764,39.8480483],[32.8270304,39.8480769],[32.8290152,39.8492465],[32.829099,39.8492942],[32.8318691,39.8508692],[32.8325128,39.8511657],[32.8332102,39.8513963],[32.8340256,39.8515117],[32.8349912,39.8514705],[32.8357637,39.8512728],[32.8363645,39.8510257],[32.8370082,39.850655],[32.8392642,39.8492758],[32.8393793,39.8492054],[32.8414178,39.8479122],[32.8414731,39.8478798],[32.8424156,39.8473273],[32.8432524,39.8469567],[32.844454,39.8466107],[32.845366,39.8464624],[32.8465783,39.8464212],[32.8477907,39.8465448],[32.849046,39.8468413],[32.8502691,39.8473438],[32.8512347,39.8479863],[32.8518891,39.8485546],[32.852447,39.8491642],[32.8528011,39.849749],[32.85308,39.8504162],[32.8534728,39.8519002],[32.8534877,39.8519564],[32.8537529,39.8530284],[32.8538525,39.8534308],[32.8539598,39.8541885],[32.8539579,39.8544789],[32.8539276,39.8547568],[32.8537774,39.8552345],[32.8534663,39.8557863],[32.8533745,39.8559316],[32.8524256,39.8574335],[32.8524056,39.8574651],[32.8523603,39.8575365],[32.8516551,39.8586484],[32.8516316,39.8586854]],[[32.8528569,39.9160717],[32.8530268,39.9167829]],[[32.8533095,39.9160905],[32.8530268,39.9167829]],[[32.851299,39.8585701],[32.8513282,39.8585253],[32.8520397,39.857433],[32.8520828,39.8573668],[32.8521037,39.8573347],[32.8530273,39.8558122],[32.8531229,39.8556545],[32.8534984,39.8550121],[32.8536684,39.854595],[32.8537432,39.854374],[32.8537552,39.8542752],[32.8537632,39.8541749],[32.8537548,39.8540692],[32.8536701,39.853439],[32.85358,39.8530551],[32.8533314,39.8519926],[32.8533113,39.8519203],[32.8528976,39.8504326],[32.8525436,39.8498067],[32.8521681,39.8492795],[32.8515565,39.8486864],[32.8508806,39.8481263],[32.8499365,39.847558],[32.8487563,39.8471543],[32.8476405,39.8468908],[32.8465354,39.8467919],[32.8454196,39.8468331],[32.844497,39.8469649],[32.8433919,39.8472779],[32.8425658,39.8476156],[32.8416956,39.8481206],[32.8416431,39.848151],[32.8395617,39.849436],[32.8394848,39.849484],[32.8372013,39.8509104],[32.8365254,39.851314],[32.8358602,39.8515446],[32.8350127,39.8517176],[32.8340363,39.8517588],[32.8331673,39.8516681],[32.8323197,39.8513963],[32.8316438,39.8510751],[32.8288945,39.8495224],[32.8288436,39.8494937],[32.8268373,39.8483322],[32.8267829,39.8483014],[32.8262257,39.8479863],[32.8253245,39.8473685],[32.8242324,39.846754],[32.8234584,39.8463186],[32.8232542,39.8462039],[32.8221595,39.8455893],[32.8211725,39.845268],[32.8200138,39.8452268],[32.8191125,39.8454081],[32.8183782,39.845724],[32.8172816,39.8464957],[32.8141663,39.8486936],[32.8141067,39.8487369],[32.8123755,39.8499951],[32.8122659,39.8500748],[32.8111084,39.8511002],[32.8108255,39.8515774],[32.8106367,39.85236],[32.8107333,39.853126],[32.811052,39.8536774],[32.8145834,39.8577849],[32.8146047,39.8578101],[32.8158295,39.8592619],[32.8159072,39.859355],[32.8170296,39.8607003],[32.8180389,39.8624087],[32.8191044,39.8641801],[32.8203431,39.8658372],[32.8214256,39.8671688],[32.8214946,39.867255],[32.8226882,39.868747],[32.8227818,39.868864],[32.8233558,39.8695145],[32.8243202,39.8701201],[32.8257749,39.8705839],[32.8260001,39.8706557],[32.8272519,39.8710548],[32.8285328,39.8714632],[32.8302292,39.8720621],[32.8302982,39.8720892],[32.8324632,39.8729384],[32.8325436,39.8729697],[32.836704,39.8745879],[32.8395816,39.8755473],[32.8406024,39.8759536],[32.8415021,39.8765519],[32.8422439,39.8773697],[32.8425121,39.8783001],[32.8424692,39.8791235],[32.8421887,39.879804],[32.8416002,39.8804984],[32.8407939,39.8810637],[32.8396353,39.8814424],[32.8380759,39.8817571],[32.8379831,39.8817758],[32.8353653,39.8822587],[32.8351936,39.8822904],[32.8294429,39.8834348],[32.8287363,39.8836351],[32.8280992,39.8840301],[32.8274286,39.8845854],[32.8262964,39.8856219],[32.8262349,39.8856782],[32.8248806,39.8868642],[32.8246035,39.8871068],[32.8241551,39.8875785],[32.8239315,39.88782],[32.82378,39.8881004],[32.8237029,39.8883386],[32.823671,39.8885614],[32.8236222,39.8890642],[32.8236513,39.8893986],[32.823775,39.8898045],[32.8240453,39.8903666],[32.8244655,39.8908659],[32.829849,39.894352],[32.8299437,39.8944133],[32.8320369,39.8957706],[32.8326955,39.8961977],[32.8339027,39.8969729],[32.8340959,39.897097],[32.8345406,39.8973825],[32.8351674,39.8976732],[32.8359047,39.897928],[32.8368668,39.8981156],[32.8379202,39.8982056],[32.8388107,39.898148],[32.8396924,39.8979456],[32.8427557,39.8970044],[32.8428156,39.896986],[32.8453691,39.8962075],[32.8458144,39.896088],[32.8470899,39.8957457],[32.8483486,39.8956128],[32.849615,39.8956785],[32.8507821,39.8959276],[32.8516791,39.896216],[32.8522209,39.8965188],[32.8528984,39.8969781],[32.8535506,39.8975525],[32.8551599,39.8989436],[32.8561255,39.8996926],[32.8569639,39.9001892],[32.8586865,39.9010467],[32.8587511,39.9010788],[32.8610286,39.9022358],[32.8610699,39.9022572],[32.8629076,39.9032098],[32.8649446,39.9043017],[32.865574,39.9049226],[32.8659169,39.9055535],[32.8660744,39.9062225],[32.866017,39.9070879],[32.8657498,39.9077081],[32.8653727,39.9082212],[32.8649614,39.9085622],[32.8645168,39.9088714],[32.8640449,39.9090861],[32.8636265,39.9092507],[32.8630927,39.9093894],[32.8613178,39.9094474],[32.861149,39.9094529],[32.8583364,39.9095029],[32.8582275,39.909504],[32.8567027,39.9095193],[32.85595,39.9096558],[32.855417,39.9098623],[32.8549507,39.9101107],[32.8545499,39.9104358],[32.8540671,39.9108719],[32.8537774,39.9113245],[32.8536909,39.9117291],[32.8534397,39.9148603],[32.8533236,39.9159572],[32.8533095,39.9160905],[32.8532229,39.9170994]],[[32.8325128,39.8963618],[32.8332419,39.8966823],[32.8339027,39.8969729]],[[32.8326955,39.8961977],[32.8331391,39.8965912],[32.8332419,39.8966823],[32.8336878,39.8970974]],[[32.8235489,39.8461906],[32.8239026,39.8464869],[32.8242324,39.846754]],[[32.8234584,39.8463186],[32.8239026,39.8464869],[32.8243178,39.8466295]],[[32.8534877,39.8519564],[32.8535457,39.8525737],[32.85358,39.8530551]],[[32.8533314,39.8519926],[32.8535457,39.8525737],[32.8537529,39.8530284]]]}},{"type":"Feature","properties":{"route":"tram","name":"Adliye - Şehir Hastanesi - Stadyum","colour":null},"geometry":{"type":"MultiLineString","coordinates":[[[32.5429341,37.8609148],[32.5429236,37.8607567],[32.5429314,37.860591],[32.5429869,37.8602292],[32.5429955,37.8601804],[32.542999,37.8601078],[32.5429982,37.8600156],[32.5429875,37.8598626],[32.5429632,37.8596034],[32.5429562,37.8594078],[32.5429411,37.8590816],[32.5429231,37.858561],[32.5429097,37.8580835],[32.5429083,37.8578177],[32.5429083,37.8575096],[32.5429119,37.8574],[32.5429302,37.8573165],[32.5429482,37.8572555],[32.5430013,37.8571528],[32.5431029,37.8570308],[32.5432656,37.8569057],[32.5434668,37.8568061],[32.5438734,37.8566007],[32.5446519,37.856246],[32.5452776,37.8559796]],[[32.5452776,37.8559796],[32.5454109,37.8559155],[32.5454627,37.8558925],[32.5455175,37.8558722],[32.5455691,37.8558517],[32.5456331,37.8558299],[32.5456885,37.8558121],[32.54574,37.8557971],[32.5457871,37.8557846],[32.545841,37.8557714],[32.5459007,37.8557588],[32.5459628,37.8557467],[32.5460259,37.8557367],[32.5460913,37.8557271],[32.5461548,37.8557205],[32.5463126,37.8557102]],[[32.5463126,37.8557102],[32.5472206,37.8556823],[32.5474304,37.8556812],[32.5476499,37.8556775],[32.5480179,37.8556706],[32.5483975,37.8556644],[32.5487981,37.8556618],[32.54905,37.8556602],[32.5492962,37.855654],[32.5495602,37.8556484],[32.5502847,37.8556369],[32.550623,37.855633],[32.5507269,37.8556319],[32.550875,37.8556288],[32.5511391,37.8556215],[32.552,37.8556171],[32.5525387,37.8556055],[32.5527939,37.855605],[32.5529816,37.8556154],[32.5531232,37.8556347],[32.5532268,37.8556641],[32.5533274,37.8557049],[32.5534507,37.8557606],[32.5535391,37.8558392],[32.5536093,37.8559118],[32.5536801,37.8559799],[32.5537516,37.8560741],[32.5537794,37.8561225],[32.553801,37.8561703],[32.5538088,37.8562105],[32.5538088,37.8562534],[32.5538064,37.8563049],[32.5538052,37.8565019],[32.5537923,37.856857],[32.55379,37.8570352],[32.5537803,37.8572153],[32.5537657,37.8579382],[32.5537675,37.8587862],[32.5537675,37.8592864],[32.5537604,37.8597341],[32.5537586,37.8598465],[32.5537569,37.8602392],[32.5537516,37.8612424],[32.5537534,37.8620708],[32.5537498,37.8628239],[32.5537463,37.8635839],[32.553741,37.8642209],[32.5537369,37.8653399],[32.5537313,37.8662296],[32.5537328,37.8672281],[32.5537313,37.8680587],[32.5537282,37.8684284],[32.5537251,37.8686169],[32.5537247,37.8686949],[32.5537334,37.8688338],[32.5537339,37.8689652],[32.5537319,37.8691179],[32.5537236,37.8693303],[32.553719,37.8697443],[32.5537112,37.8702246],[32.553685,37.871099],[32.5536557,37.8720378],[32.5536434,37.8727614],[32.5536433,37.8727815],[32.5536296,37.8731055],[32.5536311,37.8740212],[32.5536218,37.8747253],[32.5536095,37.8754111],[32.5536075,37.875472],[32.5535987,37.8757662],[32.553588,37.8769068],[32.5535787,37.8776607],[32.5535741,37.8778102],[32.5535618,37.8779963],[32.5535402,37.8781653],[32.5535262,37.87825],[32.5535048,37.8783915],[32.553486,37.8784814],[32.5534709,37.8785836],[32.5534678,37.8786447],[32.5534632,37.8787319],[32.5534509,37.8788584],[32.5534339,37.8790627],[32.5534185,37.8792451],[32.5533846,37.8798044],[32.5533384,37.8809729],[32.5533214,37.8816587],[32.553303,37.8824891],[32.5532906,37.8830339],[32.5532721,37.8838254],[32.553266,37.8840369],[32.5532537,37.8845075],[32.5532306,37.8855118],[32.5531751,37.8880723],[32.5531488,37.8896202],[32.5531488,37.8898208],[32.5531433,37.8898916],[32.5531365,37.8899914],[32.5531318,37.8901381],[32.5531134,37.8903679],[32.5531058,37.8904271],[32.5530897,37.8905209],[32.5530594,37.890746],[32.5530071,37.8910743],[32.55293,37.8914487],[32.5528361,37.891822],[32.5526928,37.892307],[32.5525341,37.8927447],[32.5523169,37.8932699],[32.5521433,37.8936124],[32.5518421,37.894226],[32.551507,37.8949768],[32.5514148,37.8952717],[32.5513325,37.8956021],[32.5512746,37.8958644],[32.5512624,37.8959163],[32.5512482,37.8959941],[32.5512359,37.8960721],[32.5512237,37.8962013],[32.5512167,37.8963627],[32.5512207,37.8965935],[32.5512481,37.8970209],[32.5512942,37.8973612],[32.5513446,37.8976405],[32.5514287,37.8979505],[32.5515154,37.8982109],[32.5520275,37.89988],[32.5523357,37.9009044],[32.5526602,37.9019233],[32.5527326,37.9021591],[32.5527957,37.9024355],[32.5528967,37.9028781],[32.552983,37.903171],[32.5530188,37.9032763],[32.5530939,37.9034967],[32.5532202,37.903842],[32.5532942,37.9040899],[32.5533743,37.9044133],[32.5534606,37.9047682],[32.5536608,37.9056725],[32.5539997,37.9072964],[32.554086,37.9077462],[32.5542339,37.9086335],[32.5543035,37.9089894],[32.5543645,37.9092745],[32.5544192,37.9095162],[32.5545944,37.9102897],[32.5546723,37.9106848],[32.5547076,37.9108621],[32.5547466,37.9111804],[32.5547802,37.9116468],[32.554789,37.9123364],[32.5548067,37.9134226],[32.5548121,37.9139266],[32.5548209,37.9141123],[32.5548351,37.9142659],[32.5548616,37.9144362],[32.5548952,37.9146233],[32.5549519,37.9148048],[32.555033,37.9150399],[32.5551285,37.9152733],[32.5551982,37.9154256],[32.5553079,37.9156113],[32.5555061,37.915903],[32.555807,37.9162855],[32.5561175,37.9166367],[32.5566484,37.9172153],[32.5571545,37.9177828],[32.5583759,37.9191546],[32.5589359,37.9197936],[32.560063,37.9210476],[32.5611973,37.9223264],[32.562206,37.9234533],[32.5626115,37.923915],[32.5629894,37.9243305],[32.563341,37.9247466],[32.5636677,37.9250907],[32.5637862,37.9252281],[32.5638856,37.9253389]],[[32.5638856,37.9253389],[32.5641136,37.9255779],[32.5645799,37.9260999],[32.564937,37.9265081],[32.5652391,37.9268593],[32.5657328,37.9274057],[32.5662561,37.9279914],[32.566745,37.9285392],[32.567236,37.9291308],[32.5677855,37.9297468],[32.5688707,37.9309435],[32.569909,37.9321157],[32.5709961,37.9333308],[32.571129,37.9334922],[32.5713359,37.933784],[32.5714686,37.9340018],[32.5715649,37.9342118],[32.5716954,37.9344293],[32.57185,37.9346091],[32.5719546,37.9347125],[32.5721399,37.9349122],[32.5722615,37.935013],[32.5725227,37.9352194],[32.5731989,37.935812],[32.5735851,37.9362273],[32.5743176,37.9370471],[32.5756743,37.9385517],[32.5761436,37.939095],[32.5762977,37.9392699],[32.5764378,37.9394393],[32.5766293,37.9397082],[32.5768067,37.9399844],[32.5769048,37.940163],[32.5770005,37.9403269],[32.5770869,37.9405129],[32.5772013,37.9407983],[32.5772925,37.9410595],[32.5775819,37.9419861],[32.5777361,37.9425017],[32.5777853,37.9427568],[32.5778322,37.9430758],[32.577856,37.9433577],[32.57786,37.9437166],[32.5778308,37.9440669],[32.5777676,37.9443574],[32.5775909,37.9449465],[32.577465,37.9454417],[32.5773704,37.9458583],[32.5772727,37.9464436],[32.5771681,37.9470539],[32.5769507,37.9479635],[32.5766039,37.9493663],[32.5763277,37.9505291],[32.5760808,37.9516241],[32.5759329,37.9522643],[32.5759072,37.9523843],[32.5758758,37.952472],[32.5758488,37.9526],[32.5758027,37.9527555],[32.5757533,37.9528584],[32.5757269,37.9528936],[32.5756864,37.9529221],[32.5756312,37.9529345],[32.5755908,37.9529353],[32.5755474,37.9529331],[32.5755076,37.9529299],[32.5754576,37.9529263],[32.5753893,37.9529171],[32.5752953,37.9529011],[32.5752162,37.9528899],[32.575075,37.9528696],[32.5749549,37.9528537],[32.5747864,37.9528392],[32.5745925,37.9528083],[32.574373,37.952775],[32.5740805,37.952733],[32.5736986,37.9526708],[32.5721619,37.9524384],[32.5683714,37.9518443],[32.5653039,37.951363],[32.5621756,37.9508833],[32.559018,37.9504131],[32.5575136,37.9501802],[32.5559946,37.949964],[32.5527967,37.9495271],[32.5507735,37.9492362],[32.5496874,37.9490881],[32.5486837,37.9489293],[32.5473293,37.9487111],[32.5467717,37.9486264],[32.5454237,37.9484845],[32.5446975,37.9483925],[32.5441838,37.9483409],[32.5438546,37.9483022],[32.5435744,37.948282],[32.5432055,37.9482765],[32.542017,37.9482765],[32.5412347,37.9482801],[32.5401676,37.9482857],[32.5394952,37.9482801],[32.5388974,37.9482765],[32.5384864,37.9482581],[32.5380638,37.9482433],[32.5376809,37.9482194],[32.535953,37.9481494],[32.5346713,37.9480761],[32.5343085,37.9480537],[32.5341254,37.9480444],[32.5337409,37.9480356],[32.5328696,37.9480024],[32.5320401,37.9479679],[32.5283234,37.9477627],[32.5278843,37.9477482],[32.5273588,37.9477474],[32.5267805,37.9477522],[32.5263232,37.9477675],[32.5250903,37.9478228],[32.5241014,37.9478693],[32.5238457,37.9478932],[32.5236413,37.9479134],[32.5233998,37.9479263],[32.5232352,37.9479441],[32.5227353,37.9479916],[32.5223,37.94803],[32.5220435,37.948064],[32.5218045,37.9480926],[32.5213417,37.9481395],[32.5205109,37.9482337],[32.519565,37.9483293],[32.5185794,37.9484235],[32.5178043,37.9484953],[32.5166145,37.9485714],[32.5158962,37.9486445]],[[32.5158962,37.9486445],[32.5143456,37.948774]],[[32.5143456,37.948774],[32.5139749,37.9488144],[32.5137247,37.9488418],[32.5135416,37.9488706],[32.5133944,37.9488842],[32.5133015,37.9488921],[32.5131092,37.9489095],[32.5130456,37.9489136],[32.5129528,37.948922],[32.5128588,37.9489292],[32.512545,37.9489377],[32.5123953,37.9489291],[32.5122942,37.9489221],[32.5120485,37.9488897],[32.5118804,37.9488593],[32.5117166,37.9488299],[32.5115639,37.948799],[32.5114509,37.9487765],[32.5113283,37.9487541],[32.5111809,37.9487226]],[[32.5111809,37.9487226],[32.5108224,37.9486655],[32.5102155,37.9485588],[32.5097363,37.9485346],[32.5094386,37.9485092],[32.5091597,37.9484901],[32.5088002,37.948469],[32.5078561,37.9484246],[32.507494,37.9484119],[32.5072633,37.9484034],[32.5071239,37.9484034],[32.5069254,37.9484077],[32.5057533,37.9484182],[32.5047769,37.9484711],[32.5040125,37.9484901],[32.5003841,37.9484632],[32.4989967,37.9484465],[32.4969652,37.9484018],[32.4940283,37.948359]],[[32.4940283,37.948359],[32.4935112,37.9483609],[32.493033,37.948362],[32.4929425,37.9483614],[32.4928789,37.9483555],[32.4927657,37.9483399],[32.4926348,37.9483152],[32.4922971,37.9482405],[32.4920694,37.9481819],[32.4918306,37.9481169],[32.4915925,37.9480746],[32.4912378,37.9480359],[32.4910131,37.948018],[32.4907847,37.9480049],[32.4902105,37.9479897],[32.489898,37.9479832],[32.4892444,37.9479753],[32.4887728,37.9479712],[32.4883626,37.9479586],[32.4879291,37.9479411]],[[32.5429745,37.8609126],[32.5429686,37.8607602],[32.5429803,37.8606041],[32.5430329,37.8602261],[32.5430378,37.8601081],[32.5430334,37.8600254],[32.5430092,37.8597759],[32.5429939,37.8595352],[32.5429884,37.8592684],[32.5429785,37.8589419],[32.5429708,37.8586284],[32.5429599,37.8582534],[32.5429544,37.8579061],[32.5429544,37.8576558],[32.5429533,37.8575216],[32.5429566,37.857422],[32.5429654,37.8573596],[32.5429741,37.8573059],[32.5430103,37.8572254],[32.5430641,37.8571543],[32.5431233,37.8570868],[32.5431902,37.8570218],[32.5432747,37.8569534],[32.5433965,37.8568789],[32.5435259,37.8568114],[32.543765,37.8566875],[32.5439372,37.8566044],[32.5442565,37.8564606],[32.5446393,37.8562882],[32.5449804,37.8561349],[32.545302,37.8560081]],[[32.545302,37.8560081],[32.5454337,37.855944],[32.5454814,37.8559229],[32.5455346,37.8559001],[32.5455919,37.8558782],[32.5456469,37.855859],[32.5456978,37.8558427],[32.5457447,37.8558297],[32.5458067,37.8558131],[32.5458638,37.8557992],[32.5459227,37.855786],[32.5459873,37.8557738],[32.5460487,37.8557658],[32.5461151,37.855759],[32.5461784,37.8557528],[32.546311,37.8557457]],[[32.546311,37.8557457],[32.5465216,37.8557305],[32.5466403,37.8557292],[32.546807,37.8557286],[32.5470428,37.8557215],[32.5472121,37.855719],[32.5473892,37.8557164],[32.5476559,37.8557164],[32.547925,37.8557106],[32.5482682,37.8557042],[32.5486422,37.855701],[32.5489316,37.8556958],[32.5491487,37.8556926],[32.549288,37.8556896],[32.5494423,37.8556862],[32.5498122,37.8556791],[32.5501147,37.8556747],[32.5504635,37.8556695],[32.5506218,37.8556665],[32.5507717,37.8556625],[32.5508772,37.8556632],[32.5511041,37.8556599],[32.5514025,37.8556549],[32.5516319,37.8556515],[32.5520181,37.8556451],[32.5523328,37.8556413],[32.5526841,37.8556381]],[[32.5526841,37.8556381],[32.5529021,37.8556397],[32.5529861,37.8556469],[32.553057,37.8556587],[32.5531266,37.855672],[32.5531949,37.8556926],[32.5532964,37.8557286],[32.5533583,37.8557578],[32.5534292,37.855802],[32.5534799,37.8558457],[32.5535684,37.8559238],[32.5536185,37.8559787],[32.5536602,37.8560229],[32.5537025,37.8560712],[32.5537343,37.8561128],[32.5537649,37.856176],[32.5537727,37.8562243],[32.5537708,37.8562726],[32.5537669,37.856418],[32.5537571,37.8566266]],[[32.5537571,37.8566266],[32.553749,37.8568434],[32.5537386,37.8571455],[32.5537269,37.8574198],[32.5537269,37.8577527],[32.5537256,37.8580542],[32.5537204,37.8583316],[32.5537223,37.8585905],[32.553723,37.8588962],[32.5537191,37.8593138],[32.5537119,37.8597992],[32.5537103,37.8603718],[32.5537103,37.8609496],[32.5537055,37.861584],[32.5537039,37.8621062],[32.5537039,37.8627028],[32.5537023,37.8630119],[32.5537012,37.8635459],[32.5536961,37.8641392],[32.5536951,37.8646583],[32.5536971,37.8651357],[32.553692,37.865592]],[[32.553692,37.865592],[32.5536845,37.866388],[32.5536877,37.8669959],[32.5536885,37.8675629],[32.5536914,37.8678275],[32.5536881,37.8681],[32.5536934,37.8683732],[32.5536873,37.8686453],[32.5536904,37.8688054],[32.5536934,37.8689648],[32.5536873,37.869166],[32.5536771,37.8693737],[32.553672,37.869533],[32.55367,37.8696852]],[[32.55367,37.8696852],[32.5536608,37.8699958],[32.5536506,37.8703765],[32.5536404,37.8706059],[32.5536333,37.8709971],[32.5536112,37.871537]],[[32.5536112,37.871537],[32.5536075,37.8716154],[32.5535957,37.8720183],[32.553591,37.8724324],[32.5535779,37.8728017],[32.5535744,37.8731681],[32.553572,37.8735907],[32.5535673,37.8739235],[32.5535649,37.8743535],[32.5535637,37.8747293],[32.553559,37.8751321],[32.5535554,37.8753518],[32.5535531,37.8756257],[32.5535483,37.8759791],[32.5535424,37.8763184],[32.5535388,37.8767269],[32.5535377,37.8770129],[32.5535365,37.8773588],[32.5535258,37.8777074],[32.5535223,37.877828],[32.5535163,37.8779028],[32.5535069,37.8779654],[32.5535009,37.8780309],[32.5534817,37.8781187],[32.5534725,37.8781692],[32.5534477,37.8782982],[32.5534299,37.8783973],[32.5534074,37.8785403],[32.5533944,37.8786824],[32.5533837,37.878788],[32.5533742,37.8789759],[32.5533553,37.8792619],[32.5533399,37.8795442],[32.5533292,37.8798003],[32.5533174,37.8800938],[32.5533103,37.8802742]],[[32.5472206,37.8556823],[32.547291,37.855655],[32.5473567,37.8556497],[32.54747,37.8556493],[32.5477243,37.8556431],[32.5479792,37.8556393],[32.5482221,37.855635],[32.5485946,37.8556283],[32.5489333,37.8556274],[32.5491153,37.8556245],[32.5492123,37.8556317],[32.5492962,37.855654]],[[32.5472121,37.855719],[32.5472625,37.8557388],[32.5472874,37.8557427],[32.5473855,37.8557431],[32.5476399,37.8557377],[32.5478863,37.8557332],[32.5480994,37.8557294],[32.5485227,37.8557245],[32.5488527,37.8557216],[32.549092,37.8557202],[32.5491722,37.8557166],[32.5492117,37.855708],[32.549288,37.8556896]],[[32.5494735,37.8557331],[32.5494735,37.8557031],[32.5497174,37.8557002],[32.5499266,37.8556977],[32.549998,37.8556968],[32.5502744,37.855691],[32.55037,37.85569],[32.5503706,37.8557229],[32.5502554,37.8557239],[32.5500881,37.8557243],[32.5499239,37.8557268],[32.5497309,37.8557287],[32.5495795,37.8557316],[32.5494735,37.8557331]],[[32.5494702,37.8556316],[32.549471,37.8556015],[32.5496628,37.8555996],[32.5499323,37.8555957],[32.5501415,37.855593],[32.5503085,37.8555911],[32.5503746,37.8555891],[32.5503746,37.8556198],[32.5502804,37.8556211],[32.5500737,37.8556244],[32.5499116,37.855627],[32.5497314,37.8556296],[32.5495983,37.8556316],[32.5494702,37.8556316]]]}},{"type":"Feature","properties":{"route":"tram","name":"T4 Barış Caddesi Tramvay Hattı","colour":null},"geometry":{"type":"MultiLineString","coordinates":[[[32.4855788,37.9865209],[32.4854867,37.9866364],[32.4854216,37.9867629],[32.4854066,37.9868085],[32.4853976,37.9868721],[32.4853984,37.9869268],[32.4854153,37.9870249],[32.4854362,37.9871975],[32.4854431,37.987641],[32.4854509,37.9881847],[32.4854558,37.9884938],[32.4854224,37.9886253],[32.4853749,37.988741],[32.4852516,37.9888788],[32.4850209,37.9890583],[32.4846317,37.9893721],[32.4843775,37.9895139],[32.484127,37.989635],[32.4836342,37.9898216],[32.4833355,37.9899245],[32.4830484,37.9900439],[32.4829898,37.9900675],[32.4829364,37.9901031],[32.4829163,37.9901269],[32.482904,37.9901466],[32.4828905,37.9901766],[32.4828871,37.9901994],[32.4828896,37.9902366],[32.4829528,37.990362],[32.4831538,37.9907309],[32.4834332,37.9912396],[32.4837034,37.9917387],[32.4837918,37.9918554],[32.4838965,37.9919679],[32.4842784,37.992277],[32.4846614,37.9925782],[32.4852468,37.9930499],[32.4857977,37.9934621],[32.4862567,37.9938183],[32.4863128,37.9938893],[32.4863632,37.9940097],[32.4863946,37.994171],[32.48643,37.9944333],[32.4864653,37.9947347],[32.4865436,37.9950598]],[[32.4948018,37.9043447],[32.4943691,37.9047158],[32.4939831,37.9050449],[32.4937447,37.905231],[32.4936074,37.9053322],[32.4935154,37.9053795],[32.4934299,37.9054027],[32.4932939,37.9054262],[32.4929039,37.9054719],[32.4926181,37.9055073],[32.4921655,37.9055529],[32.4918935,37.9055754],[32.4914919,37.9056204],[32.491111,37.9056736],[32.4906967,37.9057179],[32.4904183,37.9057428],[32.4902249,37.9057537],[32.4897831,37.9057645],[32.4893725,37.9057686],[32.4890123,37.9057768],[32.4888271,37.9057799],[32.4887221,37.9057765],[32.4886224,37.9057775],[32.4885327,37.9057847],[32.4884714,37.9057966],[32.4884194,37.9058096],[32.488321,37.9058607],[32.4882017,37.9059301],[32.4879371,37.9060865],[32.4875277,37.9063124],[32.4872864,37.9064303],[32.4872174,37.9064601],[32.4871449,37.9064818],[32.4870483,37.9065029],[32.4869534,37.9065186],[32.4867737,37.9065342],[32.4863993,37.9065588],[32.4860625,37.9065762],[32.4857625,37.9065871],[32.485586,37.9065809],[32.4854156,37.906573],[32.4853137,37.9065577],[32.4851855,37.9065315],[32.4850957,37.9065046],[32.4850594,37.9064912],[32.485018,37.9064818],[32.4849654,37.906492],[32.4849351,37.9065076],[32.4849033,37.9065336],[32.4848612,37.9065758],[32.4848136,37.9066272],[32.4846245,37.9068409],[32.4843745,37.907172],[32.4841037,37.9075502],[32.4838317,37.9079397],[32.4834029,37.9085642],[32.4832085,37.9089005],[32.4830505,37.9093983],[32.4828626,37.9098378],[32.4826165,37.910312],[32.4823444,37.9107393],[32.4821744,37.9110326],[32.4821233,37.9111845],[32.4820726,37.9112919],[32.4820604,37.9113243],[32.4820572,37.9113485],[32.4820639,37.9114083],[32.4820891,37.911452],[32.4821394,37.9114944],[32.482509,37.9117961],[32.4829248,37.9121089],[32.4832992,37.9124104],[32.4836516,37.912671],[32.4838938,37.9128233],[32.4839806,37.9129316],[32.4840156,37.9130287],[32.4840408,37.9131962],[32.4840809,37.9133486],[32.4842954,37.9138086],[32.4845507,37.9143318],[32.484754,37.914804],[32.4850118,37.9153498],[32.4851944,37.9158395],[32.4852687,37.916043],[32.4853499,37.9162282],[32.4855864,37.9166403],[32.4856725,37.9167377],[32.4857555,37.9168062],[32.4858733,37.9168931],[32.4861596,37.9170382],[32.4864408,37.9171506],[32.4868566,37.9173172],[32.4871079,37.9174102],[32.4872225,37.917454],[32.4873174,37.9174876],[32.4874297,37.9175307],[32.4875003,37.9175502],[32.4875463,37.9175558],[32.4875982,37.9175499],[32.4876788,37.9175327],[32.4878686,37.9174646],[32.4882017,37.917341],[32.488467,37.9172167],[32.4892735,37.9168435],[32.489825,37.9165998],[32.4904427,37.9163252],[32.4912295,37.9159791],[32.4916879,37.9157683],[32.4921095,37.9155556],[32.492334,37.9154663],[32.4924918,37.9154456],[32.4925645,37.9154514],[32.492647,37.9154932],[32.4927135,37.9155705],[32.4927261,37.9156756],[32.4927222,37.9158031],[32.4926984,37.9159306],[32.4926798,37.9162374],[32.4926781,37.9165386],[32.492666,37.9175125],[32.4926856,37.918199],[32.4926684,37.919133],[32.4926807,37.920125],[32.4926782,37.9211672],[32.4927003,37.9222636],[32.4927346,37.9231937],[32.4927885,37.9237892],[32.4928792,37.9239903],[32.4930631,37.9241431],[32.4937298,37.9244795],[32.4947568,37.9250035],[32.4954544,37.9253624],[32.4957753,37.9255362],[32.4959055,37.9256505],[32.4959774,37.9257594],[32.4960353,37.9258691],[32.4960458,37.9259313],[32.496033,37.925988],[32.4959994,37.9260776],[32.4959275,37.9261654],[32.4958788,37.9262203],[32.4957397,37.926363],[32.4956214,37.9264965],[32.4953269,37.9269291],[32.4949825,37.9274203],[32.4946555,37.9279178],[32.4942022,37.9285958],[32.4938221,37.9291893],[32.4932397,37.9301532],[32.493187,37.9302713],[32.4931365,37.9304776],[32.4931103,37.9306477],[32.4931072,37.9311757],[32.4931009,37.9318062],[32.4931025,37.9324996],[32.4931087,37.9334768],[32.4931119,37.9345008],[32.493115,37.9356149],[32.4931166,37.9361972],[32.4931197,37.9367055],[32.4931213,37.9369831],[32.4931338,37.9373174],[32.4931306,37.9376172],[32.4931228,37.9381157],[32.4931181,37.9387522],[32.493115,37.9395048],[32.493115,37.9401537],[32.4931134,37.9406842],[32.493115,37.9413676],[32.4931134,37.9419499],[32.493115,37.9426716],[32.4931181,37.9433106],[32.4931119,37.9440249],[32.4931087,37.9446195],[32.4931025,37.9451968],[32.4931087,37.945784],[32.4931009,37.9464933],[32.4930931,37.9471532],[32.4931228,37.9476059],[32.4931213,37.9478329],[32.4931087,37.9482437],[32.4931072,37.9485027],[32.4930994,37.9489616],[32.4931025,37.9495204],[32.4931087,37.9501199],[32.4930806,37.95067],[32.4930649,37.9509845],[32.4930149,37.9512719],[32.492932,37.9516124],[32.4928256,37.9518726],[32.4926629,37.9521169],[32.4924392,37.952403],[32.4922059,37.9526343],[32.4919496,37.9528162],[32.4914819,37.9530913],[32.4910267,37.9533133],[32.4906607,37.9534959],[32.4900412,37.9537894],[32.489173,37.9542162],[32.4883064,37.9546343],[32.4876056,37.9549723],[32.4868626,37.9553448],[32.4864637,37.9555717],[32.4861673,37.9558061],[32.4859288,37.9560534],[32.4856393,37.9564314],[32.4854422,37.9567911],[32.485257,37.9572783],[32.4849761,37.9581101],[32.4848917,37.958442],[32.4848369,37.9586342],[32.484793,37.9588134],[32.484753,37.9589734],[32.484732,37.9591143],[32.4847279,37.9593013],[32.4847507,37.9594818],[32.4848086,37.9597865],[32.4849431,37.9600307],[32.4852888,37.9606498],[32.4856377,37.9612763],[32.4860944,37.9620509],[32.4865356,37.9628167],[32.4870502,37.9637022],[32.4875211,37.9645026],[32.487981,37.9652376],[32.4883564,37.9659702],[32.4885832,37.9663377],[32.4889414,37.9668409],[32.4893294,37.9673798],[32.4897924,37.9679865],[32.4902226,37.9685945],[32.4907325,37.9693196],[32.4911674,37.9699201],[32.4917274,37.9706674],[32.4921466,37.9712421],[32.4926253,37.9719055],[32.493154,37.9726244],[32.4937218,37.9734087],[32.4942068,37.9740783],[32.4946088,37.9746356],[32.4947692,37.9748436],[32.4947984,37.9748933],[32.4948086,37.9749351],[32.494805,37.9749691],[32.4947831,37.9750087],[32.4947578,37.9750483],[32.4947305,37.9750808],[32.4946659,37.9751506],[32.4942553,37.9756633],[32.4936502,37.9764252],[32.4928999,37.9773447],[32.4921894,37.9782298],[32.4915971,37.9789717],[32.4909703,37.9797393],[32.490298,37.9805843],[32.4895331,37.9815381],[32.4888954,37.9823314],[32.4885447,37.9828126],[32.4881632,37.9832594],[32.487609,37.9839225],[32.4868949,37.9848276],[32.4861591,37.9857412],[32.4857288,37.9863135],[32.4855788,37.9865209]]]}},{"type":"Feature","properties":{"route":"tram","name":"Konya ring tramvayı","colour":null},"geometry":{"type":"MultiLineString","coordinates":[[[32.4715587,37.9021966],[32.4720198,37.9019479],[32.4723202,37.9017722],[32.4725804,37.9015923],[32.4728727,37.9013257],[32.4731302,37.9010463],[32.4734762,37.9006315],[32.4736962,37.9003352],[32.474018,37.8998251],[32.4742997,37.8993489],[32.4747208,37.8987732],[32.4751016,37.8982313],[32.4752867,37.8980303],[32.4755308,37.8977996],[32.4757641,37.897607],[32.4761396,37.8973784],[32.4765205,37.8971921],[32.4770436,37.8969381],[32.4775827,37.896718],[32.4781406,37.896555],[32.4784571,37.8964958],[32.4788139,37.8964655],[32.4790819,37.8964594],[32.4806056,37.8964448],[32.4809045,37.8964473],[32.4810785,37.8964363],[32.4813312,37.8964059],[32.4814945,37.8963694],[32.4816116,37.8963281],[32.4816809,37.896305],[32.4817718,37.8962637],[32.4819554,37.8961885],[32.4821248,37.8961436],[32.4822308,37.8961287],[32.4823635,37.8961192],[32.4824977,37.8961224],[32.4826063,37.8961425],[32.4827002,37.8961933],[32.4828933,37.8963563],[32.4830985,37.8965309],[32.4832929,37.8966875],[32.4835947,37.8969405],[32.4838548,37.8971606],[32.4840211,37.8973056],[32.4844543,37.8976569],[32.4846957,37.8978548],[32.4848875,37.8980135],[32.4850162,37.898113],[32.485259,37.898257],[32.4854843,37.8983765],[32.4858129,37.89853],[32.4860623,37.8986348],[32.4863922,37.8987512],[32.4877077,37.899169],[32.488676,37.8994462],[32.4892446,37.899605],[32.4895665,37.8997044],[32.4897703,37.8997891],[32.4899477,37.8998821],[32.4900983,37.8999567],[32.4902057,37.9000175]],[[32.4620178,37.8871959],[32.4619044,37.8872803],[32.4615402,37.8875918],[32.4611549,37.8879548],[32.4609564,37.8881409],[32.4606179,37.8884192],[32.4604754,37.888574],[32.460312,37.8887822],[32.4602069,37.8889905],[32.4601415,37.88923],[32.4601438,37.8893516],[32.4601742,37.8895175],[32.460291,37.8898805],[32.4606365,37.8908553],[32.4609961,37.8919204],[32.4612763,37.8927441],[32.4616196,37.8938866],[32.4620679,37.8953349],[32.4623387,37.8962046],[32.4627567,37.8975202],[32.4628593,37.8978263],[32.4629995,37.8982594],[32.4631906,37.8988833],[32.4633187,37.8992683],[32.463461,37.899695],[32.4635504,37.8999724],[32.4636419,37.9002467],[32.4637008,37.900375],[32.4637862,37.9005387],[32.4638736,37.9006718],[32.4640017,37.9008177],[32.4643289,37.9011145],[32.4651014,37.9017593],[32.4657193,37.9022116],[32.4661988,37.9025655],[32.466396,37.902687],[32.4666641,37.9028244],[32.466929,37.9029398],[32.467231,37.9030432],[32.4675344,37.9031015],[32.4678888,37.9031331],[32.4681768,37.9031428],[32.4684865,37.9031319],[32.468924,37.9030881],[32.4693338,37.9030189],[32.4697451,37.9029204],[32.4702057,37.9027891],[32.4705816,37.9026432],[32.4715587,37.9021966]],[[32.4656353,37.8854505],[32.4656409,37.8854633],[32.4656348,37.8854906],[32.4656124,37.8855259],[32.4655652,37.88557],[32.4654767,37.8856121],[32.4651957,37.8857285],[32.4644164,37.8860616],[32.462963,37.8867049],[32.4626073,37.8868702],[32.4622943,37.8870386],[32.4620178,37.8871959]],[[32.4703678,37.8558342],[32.4702855,37.855991],[32.4702608,37.8560373],[32.4701623,37.8562221],[32.4699235,37.8566381],[32.4698079,37.8568035],[32.4696955,37.8569361],[32.4695368,37.8570784],[32.4693797,37.8571928],[32.4684091,37.8579006],[32.4671367,37.8588469],[32.465809,37.8598304],[32.4656292,37.8599724],[32.4655195,37.8600793],[32.4654027,37.8602249],[32.4653,37.8603853],[32.4652089,37.8605236],[32.4651085,37.8606747],[32.4645037,37.8615762],[32.4638523,37.8625809],[32.4637309,37.8627892],[32.4636211,37.8629533],[32.4634273,37.8632464],[32.4632615,37.8634694],[32.4630911,37.8636796],[32.4627875,37.864063],[32.4626381,37.86424],[32.4625003,37.8643764],[32.4622972,37.8645441],[32.461571,37.8651211],[32.461076,37.8655008],[32.4606813,37.865781],[32.4603381,37.8660078],[32.4600532,37.866194],[32.459717,37.8663967],[32.4593364,37.8666159],[32.4590904,37.86675],[32.458963,37.8668226],[32.4588144,37.8669218],[32.4586268,37.8670559],[32.4585153,37.8672361],[32.4584304,37.8674136],[32.458395,37.8676399],[32.4583171,37.8686038],[32.4582711,37.8692953],[32.4582074,37.8705008],[32.458172,37.8710722],[32.4581189,37.8720584],[32.4580393,37.8732457],[32.4579968,37.8737905],[32.4579774,37.8741579],[32.457971,37.8742903],[32.4579656,37.8743956],[32.4579643,37.8744824],[32.457973,37.8746264],[32.4579985,37.8747756],[32.4580333,37.8748937],[32.4580749,37.8749969],[32.4581587,37.8751625],[32.4582848,37.8753774],[32.4584826,37.8757162],[32.4586838,37.8761058],[32.4588286,37.8763736],[32.459017,37.8767293],[32.459399,37.8774276],[32.4597028,37.8779622],[32.4598255,37.8781665],[32.4599402,37.8783994],[32.4600575,37.8786476],[32.4602043,37.8789477],[32.4603237,37.8792319],[32.4604705,37.8796119],[32.4605678,37.879849],[32.4607341,37.8802555],[32.4608695,37.8805545],[32.4610988,37.881025],[32.4612222,37.881314],[32.4613617,37.881613],[32.4614764,37.8818046],[32.4617546,37.8821973],[32.4619746,37.8824905],[32.4621945,37.882788],[32.462395,37.8829827],[32.4627833,37.8833516],[32.4633007,37.8838804],[32.4636503,37.8842157],[32.4638394,37.8843312],[32.464313,37.8845622],[32.464561,37.884705],[32.4650082,37.8850147],[32.4655387,37.8853788],[32.4656353,37.8854505]],[[32.4776016,37.8514725],[32.4773183,37.8514737],[32.4769602,37.851461],[32.4767456,37.8514473],[32.4765418,37.8514208],[32.4760871,37.8513382],[32.4753844,37.8511836],[32.4746991,37.851029],[32.4740178,37.8508828],[32.4738049,37.8508148],[32.4737349,37.8507844],[32.4736415,37.8507512],[32.4735492,37.8507282],[32.4734838,37.8507097],[32.4734208,37.8506968],[32.4733484,37.8506931],[32.4733041,37.8507005],[32.4732562,37.8507143],[32.473199,37.8507411],[32.4731534,37.8507742],[32.4731254,37.8508296],[32.4731126,37.8508904],[32.4731032,37.8509522],[32.4730787,37.8510388],[32.473025,37.8511531],[32.4729701,37.8512647],[32.47283,37.851509],[32.4726106,37.8519091],[32.4723152,37.8524096],[32.4720361,37.8529065],[32.4718599,37.8532181],[32.4717303,37.8534541],[32.4714921,37.8538689],[32.4713462,37.8541372],[32.4711559,37.8544681],[32.4710123,37.8547244],[32.4708488,37.8550249],[32.4707367,37.8552194],[32.4705289,37.8555651],[32.4703678,37.8558342]],[[32.4788972,37.851407],[32.4785983,37.8514226],[32.4783257,37.8514348],[32.4781007,37.8514482],[32.4778681,37.8514628],[32.4776016,37.8514725]],[[32.4936741,37.8517894],[32.4931082,37.8520999],[32.4925289,37.8524145],[32.4921548,37.8526151],[32.4918947,37.8527339],[32.4916223,37.8528302],[32.4914617,37.8528671],[32.4911751,37.8529105],[32.4900225,37.8530052],[32.4894147,37.8530164],[32.4891891,37.8530004],[32.4890387,37.8529618],[32.488933,37.8529345],[32.4886425,37.8528253],[32.4882805,37.8526708],[32.4879123,37.8525188],[32.4869187,37.8521137],[32.4854691,37.8515067],[32.4850007,37.8513109],[32.4847512,37.8512464],[32.4844847,37.8511917],[32.4841766,37.8511844],[32.4832754,37.8512026],[32.481721,37.8512355],[32.4810508,37.8512732],[32.4798107,37.8513523],[32.4788972,37.851407]],[[32.5253965,37.8689389],[32.5249236,37.8680987],[32.5248513,37.867953],[32.5248209,37.8678719],[32.5247835,37.8677521],[32.5247649,37.8676046],[32.5247672,37.8674646],[32.5248092,37.8670056],[32.5248723,37.8662867],[32.5249984,37.8649226],[32.5250988,37.8636654],[32.5251081,37.8635345],[32.5251081,37.863328],[32.5251034,37.8629741],[32.5250964,37.8627953],[32.5250824,37.8626957],[32.5250544,37.8626017],[32.5247906,37.8619215],[32.5243609,37.8609002],[32.523971,37.8600559],[32.5238192,37.8597222],[32.5236674,37.859442],[32.5235437,37.8592466],[32.5234339,37.8590972],[32.5232938,37.8589332],[32.523079,37.8586843],[32.5229062,37.8585073],[32.5226587,37.8582934],[32.5225723,37.8582215],[32.5221497,37.857934],[32.5209612,37.8571707],[32.5200805,37.8565904],[32.5189744,37.8558849],[32.5172551,37.854817],[32.5163154,37.8542234],[32.5155143,37.8537052],[32.5146794,37.8531335],[32.5140015,37.8526543],[32.5137058,37.8524475],[32.513428,37.8522446],[32.5129227,37.8518419],[32.5119805,37.8510962],[32.51128,37.8505311],[32.5110336,37.8503494],[32.5107558,37.8501568],[32.510374,37.8498857],[32.5101207,37.8497355],[32.5095906,37.849423],[32.5092952,37.8492616],[32.5089427,37.8490616],[32.5087267,37.84895],[32.5085375,37.8488449],[32.5082305,37.8487039],[32.5080857,37.8486541],[32.5079479,37.8486255],[32.5078545,37.8486237],[32.5074354,37.8486172],[32.5065037,37.848632],[32.5051401,37.8486476],[32.5024082,37.8487039],[32.4997661,37.8487638],[32.4995023,37.8487749],[32.4992221,37.8487988],[32.4989874,37.8488394],[32.4988006,37.8488827],[32.4986231,37.8489417],[32.4983966,37.8490284],[32.4982215,37.8491197],[32.4979436,37.8492782],[32.4973564,37.8496184],[32.4966057,37.8500498],[32.495242,37.8508602],[32.4943302,37.8513985],[32.4936741,37.8517894]],[[32.5138698,37.8941695],[32.5139758,37.8941417],[32.5140698,37.8941125],[32.5141745,37.89407],[32.5143625,37.8939898],[32.5145905,37.8938548],[32.5152483,37.89345],[32.516074,37.8928932],[32.5175406,37.8919413],[32.5192798,37.8907717],[32.5204553,37.8899851],[32.5217093,37.8891438],[32.5232036,37.8881225],[32.5243744,37.8873371],[32.5246378,37.8871572],[32.5253942,37.8866368],[32.525747,37.8863912],[32.5260335,37.8861554],[32.5262892,37.8859037],[32.5263801,37.885804],[32.5265373,37.8855876],[32.5266497,37.8853894],[32.526716,37.8852617],[32.5268669,37.8848897],[32.5270364,37.8844143],[32.5271442,37.8840215],[32.5271643,37.8838866],[32.5271951,37.883303],[32.5272459,37.8823193],[32.5272875,37.8815375],[32.5273614,37.8801525],[32.5274647,37.8784368],[32.527497,37.877897],[32.527517,37.8774385],[32.5275571,37.8768926],[32.5276156,37.8761204],[32.5276541,37.8752449],[32.5277212,37.873969],[32.5277749,37.8730326],[32.5277749,37.8728686],[32.5277656,37.8727396],[32.5277282,37.8726032],[32.5276698,37.8724483],[32.5276231,37.8723562],[32.5275367,37.8722069],[32.526904,37.8712705],[32.5262221,37.870242],[32.5259601,37.8698928],[32.5258168,37.8696842],[32.5255641,37.8692544],[32.5253965,37.8689389]],[[32.5138698,37.8941695],[32.5134768,37.8942584],[32.5131509,37.8943102],[32.5126199,37.894361],[32.5119064,37.8944224],[32.5100074,37.8946023],[32.5083847,37.8947759],[32.506833,37.8949452],[32.5065983,37.894978],[32.5064079,37.8950193],[32.5062805,37.8950637],[32.5059398,37.8952278],[32.5058574,37.8952702],[32.5057705,37.8953106],[32.5055644,37.8954073],[32.5053564,37.8955041],[32.5052075,37.8955719],[32.5050452,37.8956332],[32.5048903,37.8956719],[32.5047669,37.8956936],[32.5045778,37.89572],[32.504374,37.8957295],[32.5041762,37.8957158],[32.5039261,37.8956883],[32.5035908,37.8956338],[32.5034279,37.8956036],[32.5032783,37.8955676],[32.5031295,37.8955264],[32.5029645,37.8954681],[32.5028311,37.8954237],[32.5023328,37.8952216],[32.4991009,37.8939136],[32.4985745,37.8936904]],[[32.4985745,37.8936904],[32.4984987,37.8936671],[32.4984164,37.8936559],[32.4983168,37.8936599],[32.4981867,37.89368],[32.4980037,37.8937217],[32.497835,37.893765],[32.4976917,37.8938203],[32.4973929,37.8939543],[32.4971073,37.8940906],[32.4967648,37.8942631],[32.4965818,37.8943986],[32.4964863,37.8944965],[32.4964365,37.8945727],[32.4964131,37.8946513],[32.4964273,37.8947539],[32.4965086,37.8948521],[32.4966118,37.8949797],[32.4967474,37.8951037],[32.4968875,37.8952374],[32.4969969,37.8953323],[32.4973574,37.8955608],[32.4975192,37.8956812],[32.4975592,37.8957359],[32.4975792,37.8957979],[32.4975669,37.8958818],[32.4975315,37.8959681],[32.4974437,37.8960775],[32.4970739,37.8964799],[32.4968182,37.8967449]],[[32.4968182,37.8967449],[32.4967153,37.8968394],[32.4965718,37.89696],[32.496486,37.8970257],[32.4963385,37.897141],[32.4962245,37.8972341],[32.4959631,37.8974056],[32.4953272,37.897911]],[[32.4953272,37.897911],[32.494292,37.8987749],[32.4937556,37.89923],[32.4927095,37.9001105],[32.4920095,37.9005951],[32.4918805,37.9006462],[32.4917403,37.9006542],[32.4916213,37.9006501],[32.491463,37.9006325],[32.4912957,37.9006119],[32.4910613,37.9005631],[32.4908405,37.9004488],[32.490659,37.9003137],[32.4904763,37.9001865],[32.4903484,37.9001026],[32.4902057,37.9000175]]]}},{"type":"Feature","properties":{"route":"subway","name":"M2 Kuzey Metro Hattı (Körfezray","colour":null},"geometry":{"type":"LineString","coordinates":[[29.7608773,40.7710711],[29.761679,40.7707492],[29.7640236,40.769808],[29.7678119,40.7682575],[29.7691494,40.76785],[29.770995,40.7673747],[29.7734607,40.7668597],[29.7752241,40.7663674],[29.7767484,40.7658015],[29.7789676,40.7648677],[29.7814857,40.7637811],[29.7847435,40.7624568],[29.7857036,40.7620842],[29.7892939,40.760691],[29.7921183,40.7597119],[29.7942105,40.7591233],[29.7962633,40.7587932],[29.7995828,40.7583422],[29.8013537,40.7582007],[29.802751,40.7582573],[29.8039614,40.7585177],[29.8054185,40.7592025],[29.8077497,40.7601647],[29.809416,40.760408],[29.8111495,40.760425],[29.8117494,40.7604172],[29.8131561,40.7603675],[29.8152986,40.7603381],[29.8174633,40.7602835],[29.8184571,40.7601647],[29.8202579,40.7597062],[29.8257199,40.7581158],[29.8273039,40.7577593],[29.8279735,40.7576392],[29.8286041,40.7575782],[29.8297548,40.7575838],[29.8307301,40.7577169],[29.831705,40.7578498],[29.8340437,40.7581555],[29.8379067,40.7589139],[29.8411421,40.7599722],[29.8452367,40.7613023],[29.8468665,40.7617682],[29.849265,40.76217],[29.8513412,40.7622492],[29.8517332,40.7622286],[29.8532442,40.7622118],[29.8610732,40.7622296],[29.8687859,40.7624184],[29.8725799,40.7626157],[29.874845,40.7629159],[29.876332,40.7631216],[29.8783785,40.7634048],[29.8813344,40.763645],[29.8835882,40.7636364],[29.8862157,40.7635507],[29.892388,40.7631046],[29.8945228,40.7629586],[29.8968647,40.7628948],[29.8994034,40.7629626],[29.9018717,40.763055],[29.9041828,40.7631976],[29.905449,40.7632996],[29.9068434,40.7634874],[29.909354,40.7638496],[29.9112967,40.7638722],[29.9131759,40.7635764],[29.9138678,40.7634047],[29.9160351,40.762867],[29.9172034,40.7626915],[29.9183619,40.7626803],[29.919614,40.7628894],[29.9208859,40.7633748],[29.922207,40.7642112],[29.9237845,40.7652641],[29.9243958,40.7655702],[29.9253423,40.7658913],[29.9263933,40.7660773],[29.9276218,40.7662483],[29.9287117,40.7663384],[29.9302196,40.766463],[29.9364222,40.7665123],[29.94095,40.7664241],[29.9419597,40.7664265],[29.9428714,40.7665298],[29.9438751,40.7667831],[29.9446449,40.7671564],[29.945192,40.7677307],[29.9454414,40.7681375],[29.9457415,40.7687239],[29.946508,40.7705319],[29.9469484,40.7714818],[29.947394,40.7719769],[29.9480022,40.7724769],[29.9489589,40.7729672],[29.9501562,40.7733443],[29.9512608,40.7735976],[29.9629734,40.7762841],[29.9652712,40.7766526],[29.9670085,40.7766686],[29.9700254,40.7762098],[29.971611,40.7758461],[29.9729175,40.7755475],[29.9751506,40.7748756],[29.977064,40.7740026],[29.9783703,40.773297],[29.9790753,40.7726624],[29.9796225,40.7719045],[29.9800119,40.7711728],[29.980095,40.770532],[29.9799323,40.7695763],[29.9797253,40.768964],[29.9793309,40.7682583],[29.9786506,40.7674706],[29.9773344,40.7660981],[29.9764914,40.7652192],[29.9760527,40.7647226],[29.9758259,40.7642484],[29.9757174,40.7637444],[29.975747,40.7632963],[29.9758604,40.7627456],[29.9760428,40.7622023],[29.9763238,40.7616347],[29.9766442,40.7612128],[29.9772161,40.7608207],[29.9780846,40.7604392],[29.9790809,40.7601794],[29.9800801,40.7600163],[29.9813096,40.7598411],[29.9894015,40.7587424],[29.9928295,40.7582299],[29.995569,40.7577992],[29.9993993,40.7572494],[30.0026931,40.7567538],[30.0064724,40.7562188],[30.0097931,40.7557445],[30.0167074,40.7547792],[30.0215535,40.7541503],[30.0231626,40.7539405],[30.0272522,40.7534072],[30.0291748,40.7530002],[30.0312748,40.7522645],[30.0324481,40.7519358],[30.0337028,40.751675],[30.0388508,40.7509361],[30.0453841,40.7501374],[30.0502724,40.7493761],[30.0511126,40.7492453],[30.0513167,40.7492135]]}}]}